Command line invocation:
    /Applications/Xcode_26.6.app/Contents/Developer/usr/bin/xcodebuild test -project Album.xcodeproj -scheme Album -destination "platform=iOS Simulator,name=iPhone 17 Pro,OS=26.5" -derivedDataPath DerivedData "-only-testing:AlbumUITests/ScreenTourUITests" -resultBundlePath logs/Screens.xcresult CODE_SIGN_STYLE=Manual CODE_SIGN_IDENTITY=- DEVELOPMENT_TEAM= PROVISIONING_PROFILE_SPECIFIER=

Build settings from command line:
    CODE_SIGN_IDENTITY = -
    CODE_SIGN_STYLE = Manual
    DEVELOPMENT_TEAM = 
    PROVISIONING_PROFILE_SPECIFIER = 

Resolve Package Graph

Fetching from https://github.com/pointfreeco/swift-concurrency-extras

Fetching from https://github.com/pointfreeco/swift-issue-reporting

Fetching from https://github.com/apple/swift-http-types.git

Fetching from https://github.com/apple/swift-asn1.git

Fetching from https://github.com/apple/swift-crypto.git

Fetching from https://github.com/pointfreeco/xctest-dynamic-overlay

Fetching from https://github.com/rive-app/rive-ios.git

Fetching from https://github.com/pointfreeco/swift-clocks

Fetching from https://github.com/supabase/supabase-swift.git

Creating working copy of package ‘swift-http-types’

Creating working copy of package ‘swift-issue-reporting’

Creating working copy of package ‘swift-concurrency-extras’

Checking out 1.8.0 of package ‘swift-http-types’

Checking out 2.1.0 of package ‘swift-issue-reporting’

Checking out 1.4.1 of package ‘swift-concurrency-extras’

Creating working copy of package ‘swift-asn1’

Creating working copy of package ‘swift-crypto’

Checking out 1.7.3 of package ‘swift-asn1’

Creating working copy of package ‘xctest-dynamic-overlay’

Checking out 4.5.2 of package ‘swift-crypto’

Checking out 1.13.1 of package ‘xctest-dynamic-overlay’

Creating working copy of package ‘rive-ios’

Creating working copy of package ‘swift-clocks’

Checking out 6.27.0 of package ‘rive-ios’

Checking out 1.1.1 of package ‘swift-clocks’

Creating working copy of package ‘supabase-swift’

Checking out 2.55.2 of package ‘supabase-swift’


Resolved source packages:
  swift-crypto: https://github.com/apple/swift-crypto.git @ 4.5.2
  RiveRuntime: https://github.com/rive-app/rive-ios.git @ 6.27.0
  swift-asn1: https://github.com/apple/swift-asn1.git @ 1.7.3
  swift-http-types: https://github.com/apple/swift-http-types.git @ 1.8.0
  Supabase: https://github.com/supabase/supabase-swift.git @ 2.55.2
  swift-concurrency-extras: https://github.com/pointfreeco/swift-concurrency-extras @ 1.4.1
  swift-clocks: https://github.com/pointfreeco/swift-clocks @ 1.1.1
  xctest-dynamic-overlay: https://github.com/pointfreeco/xctest-dynamic-overlay @ 1.13.1

Writing result bundle at path:
	/Users/runner/work/Album-Prag/Album-Prag/logs/Screens.xcresult

--- xcodebuild: WARNING: Using the first of multiple matching destinations:
{ platform:iOS Simulator, arch:arm64, id:22452A91-4697-4369-8812-53ADB77EB73B, OS:26.5, name:iPhone 17 Pro }
{ platform:iOS Simulator, arch:x86_64, id:22452A91-4697-4369-8812-53ADB77EB73B, OS:26.5, name:iPhone 17 Pro }
note: Using codesigning identity override: -
ComputePackagePrebuildTargetDependencyGraph

Prepare packages

CreateBuildRequest

SendProjectDescription

CreateBuildOperation

ComputeTargetDependencyGraph
note: Building targets in dependency order
note: Target dependency graph (27 targets)
    Target 'AlbumUITests' in project 'Album'
        ➜ Explicit dependency on target 'Album' in project 'Album'
    Target 'AlbumTests' in project 'Album'
        ➜ Explicit dependency on target 'Album' in project 'Album'
    Target 'Album' in project 'Album'
        ➜ Explicit dependency on target 'AlbumShare' in project 'Album'
        ➜ Explicit dependency on target 'Supabase' in project 'Supabase'
        ➜ Explicit dependency on target 'RiveRuntime' in project 'RiveRuntime'
    Target 'RiveRuntime' in project 'RiveRuntime' (no dependencies)
    Target 'Supabase' in project 'Supabase'
        ➜ Explicit dependency on target 'Supabase' in project 'Supabase'
        ➜ Explicit dependency on target 'Helpers' in project 'Supabase'
        ➜ Explicit dependency on target 'Auth' in project 'Supabase'
        ➜ Explicit dependency on target 'Functions' in project 'Supabase'
        ➜ Explicit dependency on target 'PostgREST' in project 'Supabase'
        ➜ Explicit dependency on target 'RealtimeV2' in project 'Supabase'
        ➜ Explicit dependency on target 'Realtime' in project 'Supabase'
        ➜ Explicit dependency on target 'Storage' in project 'Supabase'
        ➜ Explicit dependency on target 'ConcurrencyExtras' in project 'swift-concurrency-extras'
        ➜ Explicit dependency on target 'HTTPTypes' in project 'swift-http-types'
        ➜ Explicit dependency on target 'Clocks' in project 'swift-clocks'
        ➜ Explicit dependency on target 'XCTestDynamicOverlay' in project 'xctest-dynamic-overlay'
        ➜ Explicit dependency on target 'IssueReporting' in project 'xctest-dynamic-overlay'
        ➜ Explicit dependency on target 'Crypto' in project 'swift-crypto'
    Target 'Supabase' in project 'Supabase'
        ➜ Explicit dependency on target 'Helpers' in project 'Supabase'
        ➜ Explicit dependency on target 'Auth' in project 'Supabase'
        ➜ Explicit dependency on target 'Functions' in project 'Supabase'
        ➜ Explicit dependency on target 'PostgREST' in project 'Supabase'
        ➜ Explicit dependency on target 'RealtimeV2' in project 'Supabase'
        ➜ Explicit dependency on target 'Realtime' in project 'Supabase'
        ➜ Explicit dependency on target 'Storage' in project 'Supabase'
        ➜ Explicit dependency on target 'ConcurrencyExtras' in project 'swift-concurrency-extras'
        ➜ Explicit dependency on target 'HTTPTypes' in project 'swift-http-types'
        ➜ Explicit dependency on target 'Clocks' in project 'swift-clocks'
        ➜ Explicit dependency on target 'XCTestDynamicOverlay' in project 'xctest-dynamic-overlay'
        ➜ Explicit dependency on target 'IssueReporting' in project 'xctest-dynamic-overlay'
        ➜ Explicit dependency on target 'Crypto' in project 'swift-crypto'
    Target 'Storage' in project 'Supabase'
        ➜ Explicit dependency on target 'Helpers' in project 'Supabase'
        ➜ Explicit dependency on target 'ConcurrencyExtras' in project 'swift-concurrency-extras'
        ➜ Explicit dependency on target 'HTTPTypes' in project 'swift-http-types'
        ➜ Explicit dependency on target 'Clocks' in project 'swift-clocks'
        ➜ Explicit dependency on target 'XCTestDynamicOverlay' in project 'xctest-dynamic-overlay'
        ➜ Explicit dependency on target 'IssueReporting' in project 'xctest-dynamic-overlay'
    Target 'Realtime' in project 'Supabase'
        ➜ Explicit dependency on target 'Helpers' in project 'Supabase'
        ➜ Explicit dependency on target 'RealtimeV2' in project 'Supabase'
        ➜ Explicit dependency on target 'ConcurrencyExtras' in project 'swift-concurrency-extras'
        ➜ Explicit dependency on target 'HTTPTypes' in project 'swift-http-types'
        ➜ Explicit dependency on target 'Clocks' in project 'swift-clocks'
        ➜ Explicit dependency on target 'XCTestDynamicOverlay' in project 'xctest-dynamic-overlay'
        ➜ Explicit dependency on target 'IssueReporting' in project 'xctest-dynamic-overlay'
    Target 'RealtimeV2' in project 'Supabase'
        ➜ Explicit dependency on target 'Helpers' in project 'Supabase'
        ➜ Explicit dependency on target 'ConcurrencyExtras' in project 'swift-concurrency-extras'
        ➜ Explicit dependency on target 'HTTPTypes' in project 'swift-http-types'
        ➜ Explicit dependency on target 'Clocks' in project 'swift-clocks'
        ➜ Explicit dependency on target 'XCTestDynamicOverlay' in project 'xctest-dynamic-overlay'
        ➜ Explicit dependency on target 'IssueReporting' in project 'xctest-dynamic-overlay'
    Target 'PostgREST' in project 'Supabase'
        ➜ Explicit dependency on target 'Helpers' in project 'Supabase'
        ➜ Explicit dependency on target 'ConcurrencyExtras' in project 'swift-concurrency-extras'
        ➜ Explicit dependency on target 'HTTPTypes' in project 'swift-http-types'
        ➜ Explicit dependency on target 'Clocks' in project 'swift-clocks'
        ➜ Explicit dependency on target 'XCTestDynamicOverlay' in project 'xctest-dynamic-overlay'
        ➜ Explicit dependency on target 'IssueReporting' in project 'xctest-dynamic-overlay'
    Target 'Functions' in project 'Supabase'
        ➜ Explicit dependency on target 'Helpers' in project 'Supabase'
        ➜ Explicit dependency on target 'ConcurrencyExtras' in project 'swift-concurrency-extras'
        ➜ Explicit dependency on target 'HTTPTypes' in project 'swift-http-types'
        ➜ Explicit dependency on target 'Clocks' in project 'swift-clocks'
        ➜ Explicit dependency on target 'XCTestDynamicOverlay' in project 'xctest-dynamic-overlay'
        ➜ Explicit dependency on target 'IssueReporting' in project 'xctest-dynamic-overlay'
    Target 'Auth' in project 'Supabase'
        ➜ Explicit dependency on target 'Helpers' in project 'Supabase'
        ➜ Explicit dependency on target 'ConcurrencyExtras' in project 'swift-concurrency-extras'
        ➜ Explicit dependency on target 'HTTPTypes' in project 'swift-http-types'
        ➜ Explicit dependency on target 'Clocks' in project 'swift-clocks'
        ➜ Explicit dependency on target 'XCTestDynamicOverlay' in project 'xctest-dynamic-overlay'
        ➜ Explicit dependency on target 'IssueReporting' in project 'xctest-dynamic-overlay'
        ➜ Explicit dependency on target 'Crypto' in project 'swift-crypto'
    Target 'Crypto' in project 'swift-crypto'
        ➜ Explicit dependency on target 'Crypto' in project 'swift-crypto'
        ➜ Explicit dependency on target 'swift-crypto_Crypto' in project 'swift-crypto'
    Target 'Crypto' in project 'swift-crypto'
        ➜ Explicit dependency on target 'swift-crypto_Crypto' in project 'swift-crypto'
    Target 'swift-crypto_Crypto' in project 'swift-crypto' (no dependencies)
    Target 'Helpers' in project 'Supabase'
        ➜ Explicit dependency on target 'ConcurrencyExtras' in project 'swift-concurrency-extras'
        ➜ Explicit dependency on target 'HTTPTypes' in project 'swift-http-types'
        ➜ Explicit dependency on target 'Clocks' in project 'swift-clocks'
        ➜ Explicit dependency on target 'XCTestDynamicOverlay' in project 'xctest-dynamic-overlay'
        ➜ Explicit dependency on target 'IssueReporting' in project 'xctest-dynamic-overlay'
    Target 'XCTestDynamicOverlay' in project 'xctest-dynamic-overlay'
        ➜ Explicit dependency on target 'XCTestDynamicOverlay' in project 'xctest-dynamic-overlay'
        ➜ Explicit dependency on target 'IssueReporting' in project 'xctest-dynamic-overlay'
    Target 'XCTestDynamicOverlay' in project 'xctest-dynamic-overlay'
        ➜ Explicit dependency on target 'IssueReporting' in project 'xctest-dynamic-overlay'
    Target 'Clocks' in project 'swift-clocks'
        ➜ Explicit dependency on target 'Clocks' in project 'swift-clocks'
        ➜ Explicit dependency on target 'ConcurrencyExtras' in project 'swift-concurrency-extras'
        ➜ Explicit dependency on target 'IssueReporting' in project 'xctest-dynamic-overlay'
    Target 'Clocks' in project 'swift-clocks'
        ➜ Explicit dependency on target 'ConcurrencyExtras' in project 'swift-concurrency-extras'
        ➜ Explicit dependency on target 'IssueReporting' in project 'xctest-dynamic-overlay'
    Target 'IssueReporting' in project 'xctest-dynamic-overlay'
        ➜ Explicit dependency on target 'IssueReporting' in project 'xctest-dynamic-overlay'
    Target 'IssueReporting' in project 'xctest-dynamic-overlay' (no dependencies)
    Target 'HTTPTypes' in project 'swift-http-types'
        ➜ Explicit dependency on target 'HTTPTypes' in project 'swift-http-types'
    Target 'HTTPTypes' in project 'swift-http-types' (no dependencies)
    Target 'ConcurrencyExtras' in project 'swift-concurrency-extras'
        ➜ Explicit dependency on target 'ConcurrencyExtras' in project 'swift-concurrency-extras'
    Target 'ConcurrencyExtras' in project 'swift-concurrency-extras' (no dependencies)
    Target 'AlbumShare' in project 'Album' (no dependencies)

GatherProvisioningInputs

CreateBuildDescription

ExecuteExternalTool /Applications/Xcode_26.6.app/Contents/Developer/Toolchains/XcodeDefault.xctoolchain/usr/bin/swiftc --version

ExecuteExternalTool /Applications/Xcode_26.6.app/Contents/Developer/usr/bin/actool --print-asset-tag-combinations --output-format xml1 /Users/runner/work/Album-Prag/Album-Prag/Album/Assets.xcassets

ExecuteExternalTool /Applications/Xcode_26.6.app/Contents/Developer/Toolchains/XcodeDefault.xctoolchain/usr/bin/clang -v -E -dM -isysroot /Applications/Xcode_26.6.app/Contents/Developer/Platforms/iPhoneSimulator.platform/Developer/SDKs/iPhoneSimulator26.5.sdk -x c -c /dev/null

ExecuteExternalTool /Applications/Xcode_26.6.app/Contents/Developer/Toolchains/XcodeDefault.xctoolchain/usr/bin/ld -version_details

ReadFileContents /Applications/Xcode_26.6.app/Contents/Developer/Toolchains/XcodeDefault.xctoolchain/usr/share/docc/features.json

ExecuteExternalTool /Applications/Xcode_26.6.app/Contents/Developer/usr/bin/actool --version --output-format xml1

Build description signature: 85def49af6619163a0dc2ad6135b54b9
Build description path: /Users/runner/work/Album-Prag/Album-Prag/DerivedData/Build/Intermediates.noindex/XCBuildData/85def49af6619163a0dc2ad6135b54b9.xcbuilddata
ClangStatCache /Applications/Xcode_26.6.app/Contents/Developer/Toolchains/XcodeDefault.xctoolchain/usr/bin/clang-stat-cache /Applications/Xcode_26.6.app/Contents/Developer/Platforms/iPhoneSimulator.platform/Developer/SDKs/iPhoneSimulator26.5.sdk /Users/runner/work/Album-Prag/Album-Prag/DerivedData/SDKStatCaches.noindex/iphonesimulator26.5-23F81a-688ef53f1462e2c8f657fdc38a81448ff45c64a1807a658693f2a61704f17a36.sdkstatcache
    cd /Users/runner/work/Album-Prag/Album-Prag/Album.xcodeproj
    /Applications/Xcode_26.6.app/Contents/Developer/Toolchains/XcodeDefault.xctoolchain/usr/bin/clang-stat-cache /Applications/Xcode_26.6.app/Contents/Developer/Platforms/iPhoneSimulator.platform/Developer/SDKs/iPhoneSimulator26.5.sdk -o /Users/runner/work/Album-Prag/Album-Prag/DerivedData/SDKStatCaches.noindex/iphonesimulator26.5-23F81a-688ef53f1462e2c8f657fdc38a81448ff45c64a1807a658693f2a61704f17a36.sdkstatcache

CreateBuildDirectory /Users/runner/work/Album-Prag/Album-Prag/DerivedData/Build/Products
    cd /Users/runner/work/Album-Prag/Album-Prag/Album.xcodeproj
    builtin-create-build-directory /Users/runner/work/Album-Prag/Album-Prag/DerivedData/Build/Products

CreateBuildDirectory /Users/runner/work/Album-Prag/Album-Prag/DerivedData/Build/Intermediates.noindex
    cd /Users/runner/work/Album-Prag/Album-Prag/Album.xcodeproj
    builtin-create-build-directory /Users/runner/work/Album-Prag/Album-Prag/DerivedData/Build/Intermediates.noindex

WriteAuxiliaryFile /Users/runner/work/Album-Prag/Album-Prag/DerivedData/Build/Intermediates.noindex/Album.build/Debug-iphonesimulator/Album-59f78f5c0bff10c2956812cb85339bbd-VFS-iphonesimulator/all-product-headers.yaml
    cd /Users/runner/work/Album-Prag/Album-Prag/Album.xcodeproj
    write-file /Users/runner/work/Album-Prag/Album-Prag/DerivedData/Build/Intermediates.noindex/Album.build/Debug-iphonesimulator/Album-59f78f5c0bff10c2956812cb85339bbd-VFS-iphonesimulator/all-product-headers.yaml

CreateBuildDirectory /Users/runner/work/Album-Prag/Album-Prag/DerivedData/Build/Products/Debug-iphonesimulator
    cd /Users/runner/work/Album-Prag/Album-Prag/Album.xcodeproj
    builtin-create-build-directory /Users/runner/work/Album-Prag/Album-Prag/DerivedData/Build/Products/Debug-iphonesimulator

CreateBuildDirectory /Users/runner/work/Album-Prag/Album-Prag/DerivedData/Build/Intermediates.noindex/SwiftExplicitPrecompiledModules
    cd /Users/runner/work/Album-Prag/Album-Prag/Album.xcodeproj
    builtin-create-build-directory /Users/runner/work/Album-Prag/Album-Prag/DerivedData/Build/Intermediates.noindex/SwiftExplicitPrecompiledModules

CreateBuildDirectory /Users/runner/work/Album-Prag/Album-Prag/DerivedData/Build/Intermediates.noindex/ExplicitPrecompiledModules
    cd /Users/runner/work/Album-Prag/Album-Prag/Album.xcodeproj
    builtin-create-build-directory /Users/runner/work/Album-Prag/Album-Prag/DerivedData/Build/Intermediates.noindex/ExplicitPrecompiledModules

CreateBuildDirectory /Users/runner/work/Album-Prag/Album-Prag/DerivedData/Build/Intermediates.noindex/EagerLinkingTBDs/Debug-iphonesimulator
    cd /Users/runner/work/Album-Prag/Album-Prag/Album.xcodeproj
    builtin-create-build-directory /Users/runner/work/Album-Prag/Album-Prag/DerivedData/Build/Intermediates.noindex/EagerLinkingTBDs/Debug-iphonesimulator

CreateBuildDirectory /Users/runner/work/Album-Prag/Album-Prag/DerivedData/Build/Products/Debug-iphonesimulator/PackageFrameworks
    cd /Users/runner/work/Album-Prag/Album-Prag/Album.xcodeproj
    builtin-create-build-directory /Users/runner/work/Album-Prag/Album-Prag/DerivedData/Build/Products/Debug-iphonesimulator/PackageFrameworks

WriteAuxiliaryFile /Users/runner/work/Album-Prag/Album-Prag/DerivedData/Build/Intermediates.noindex/swift-crypto.build/Debug-iphonesimulator/swift-crypto_Crypto.build/swift-crypto_Crypto.DependencyStaticMetadataFileList (in target 'swift-crypto_Crypto' from project 'swift-crypto')
    cd /Users/runner/work/Album-Prag/Album-Prag/DerivedData/SourcePackages/checkouts/swift-crypto
    write-file /Users/runner/work/Album-Prag/Album-Prag/DerivedData/Build/Intermediates.noindex/swift-crypto.build/Debug-iphonesimulator/swift-crypto_Crypto.build/swift-crypto_Crypto.DependencyStaticMetadataFileList

WriteAuxiliaryFile /Users/runner/work/Album-Prag/Album-Prag/DerivedData/Build/Intermediates.noindex/swift-crypto.build/Debug-iphonesimulator/swift-crypto_Crypto.build/swift-crypto_Crypto.DependencyMetadataFileList (in target 'swift-crypto_Crypto' from project 'swift-crypto')
    cd /Users/runner/work/Album-Prag/Album-Prag/DerivedData/SourcePackages/checkouts/swift-crypto
    write-file /Users/runner/work/Album-Prag/Album-Prag/DerivedData/Build/Intermediates.noindex/swift-crypto.build/Debug-iphonesimulator/swift-crypto_Crypto.build/swift-crypto_Crypto.DependencyMetadataFileList

WriteAuxiliaryFile /Users/runner/work/Album-Prag/Album-Prag/DerivedData/Build/Intermediates.noindex/swift-crypto.build/Debug-iphonesimulator/swift-crypto_Crypto.build/empty-swift-crypto_Crypto.plist (in target 'swift-crypto_Crypto' from project 'swift-crypto')
    cd /Users/runner/work/Album-Prag/Album-Prag/DerivedData/SourcePackages/checkouts/swift-crypto
    write-file /Users/runner/work/Album-Prag/Album-Prag/DerivedData/Build/Intermediates.noindex/swift-crypto.build/Debug-iphonesimulator/swift-crypto_Crypto.build/empty-swift-crypto_Crypto.plist

WriteAuxiliaryFile /Users/runner/work/Album-Prag/Album-Prag/DerivedData/Build/Intermediates.noindex/xctest-dynamic-overlay.build/Debug-iphonesimulator/XCTestDynamicOverlay.build/XCTestDynamicOverlay.modulemap (in target 'XCTestDynamicOverlay' from project 'xctest-dynamic-overlay')
    cd /Users/runner/work/Album-Prag/Album-Prag/DerivedData/SourcePackages/checkouts/xctest-dynamic-overlay
    write-file /Users/runner/work/Album-Prag/Album-Prag/DerivedData/Build/Intermediates.noindex/xctest-dynamic-overlay.build/Debug-iphonesimulator/XCTestDynamicOverlay.build/XCTestDynamicOverlay.modulemap

WriteAuxiliaryFile /Users/runner/work/Album-Prag/Album-Prag/DerivedData/Build/Intermediates.noindex/xctest-dynamic-overlay.build/Debug-iphonesimulator/XCTestDynamicOverlay.build/XCTestDynamicOverlay.DependencyStaticMetadataFileList (in target 'XCTestDynamicOverlay' from project 'xctest-dynamic-overlay')
    cd /Users/runner/work/Album-Prag/Album-Prag/DerivedData/SourcePackages/checkouts/xctest-dynamic-overlay
    write-file /Users/runner/work/Album-Prag/Album-Prag/DerivedData/Build/Intermediates.noindex/xctest-dynamic-overlay.build/Debug-iphonesimulator/XCTestDynamicOverlay.build/XCTestDynamicOverlay.DependencyStaticMetadataFileList

WriteAuxiliaryFile /Users/runner/work/Album-Prag/Album-Prag/DerivedData/Build/Intermediates.noindex/xctest-dynamic-overlay.build/Debug-iphonesimulator/XCTestDynamicOverlay.build/XCTestDynamicOverlay.DependencyMetadataFileList (in target 'XCTestDynamicOverlay' from project 'xctest-dynamic-overlay')
    cd /Users/runner/work/Album-Prag/Album-Prag/DerivedData/SourcePackages/checkouts/xctest-dynamic-overlay
    write-file /Users/runner/work/Album-Prag/Album-Prag/DerivedData/Build/Intermediates.noindex/xctest-dynamic-overlay.build/Debug-iphonesimulator/XCTestDynamicOverlay.build/XCTestDynamicOverlay.DependencyMetadataFileList

WriteAuxiliaryFile /Users/runner/work/Album-Prag/Album-Prag/DerivedData/Build/Intermediates.noindex/xctest-dynamic-overlay.build/Debug-iphonesimulator/XCTestDynamicOverlay.build/Objects-normal/arm64/XCTestDynamicOverlay_const_extract_protocols.json (in target 'XCTestDynamicOverlay' from project 'xctest-dynamic-overlay')
    cd /Users/runner/work/Album-Prag/Album-Prag/DerivedData/SourcePackages/checkouts/xctest-dynamic-overlay
    write-file /Users/runner/work/Album-Prag/Album-Prag/DerivedData/Build/Intermediates.noindex/xctest-dynamic-overlay.build/Debug-iphonesimulator/XCTestDynamicOverlay.build/Objects-normal/arm64/XCTestDynamicOverlay_const_extract_protocols.json

WriteAuxiliaryFile /Users/runner/work/Album-Prag/Album-Prag/DerivedData/Build/Intermediates.noindex/xctest-dynamic-overlay.build/Debug-iphonesimulator/XCTestDynamicOverlay.build/Objects-normal/arm64/XCTestDynamicOverlay.SwiftFileList (in target 'XCTestDynamicOverlay' from project 'xctest-dynamic-overlay')
    cd /Users/runner/work/Album-Prag/Album-Prag/DerivedData/SourcePackages/checkouts/xctest-dynamic-overlay
    write-file /Users/runner/work/Album-Prag/Album-Prag/DerivedData/Build/Intermediates.noindex/xctest-dynamic-overlay.build/Debug-iphonesimulator/XCTestDynamicOverlay.build/Objects-normal/arm64/XCTestDynamicOverlay.SwiftFileList

WriteAuxiliaryFile /Users/runner/work/Album-Prag/Album-Prag/DerivedData/Build/Intermediates.noindex/xctest-dynamic-overlay.build/Debug-iphonesimulator/XCTestDynamicOverlay.build/Objects-normal/arm64/XCTestDynamicOverlay.SwiftConstValuesFileList (in target 'XCTestDynamicOverlay' from project 'xctest-dynamic-overlay')
    cd /Users/runner/work/Album-Prag/Album-Prag/DerivedData/SourcePackages/checkouts/xctest-dynamic-overlay
    write-file /Users/runner/work/Album-Prag/Album-Prag/DerivedData/Build/Intermediates.noindex/xctest-dynamic-overlay.build/Debug-iphonesimulator/XCTestDynamicOverlay.build/Objects-normal/arm64/XCTestDynamicOverlay.SwiftConstValuesFileList

WriteAuxiliaryFile /Users/runner/work/Album-Prag/Album-Prag/DerivedData/Build/Intermediates.noindex/xctest-dynamic-overlay.build/Debug-iphonesimulator/XCTestDynamicOverlay.build/Objects-normal/arm64/XCTestDynamicOverlay.LinkFileList (in target 'XCTestDynamicOverlay' from project 'xctest-dynamic-overlay')
    cd /Users/runner/work/Album-Prag/Album-Prag/DerivedData/SourcePackages/checkouts/xctest-dynamic-overlay
    write-file /Users/runner/work/Album-Prag/Album-Prag/DerivedData/Build/Intermediates.noindex/xctest-dynamic-overlay.build/Debug-iphonesimulator/XCTestDynamicOverlay.build/Objects-normal/arm64/XCTestDynamicOverlay.LinkFileList

WriteAuxiliaryFile /Users/runner/work/Album-Prag/Album-Prag/DerivedData/Build/Intermediates.noindex/xctest-dynamic-overlay.build/Debug-iphonesimulator/XCTestDynamicOverlay.build/Objects-normal/arm64/XCTestDynamicOverlay-OutputFileMap.json (in target 'XCTestDynamicOverlay' from project 'xctest-dynamic-overlay')
    cd /Users/runner/work/Album-Prag/Album-Prag/DerivedData/SourcePackages/checkouts/xctest-dynamic-overlay
    write-file /Users/runner/work/Album-Prag/Album-Prag/DerivedData/Build/Intermediates.noindex/xctest-dynamic-overlay.build/Debug-iphonesimulator/XCTestDynamicOverlay.build/Objects-normal/arm64/XCTestDynamicOverlay-OutputFileMap.json

Copy /Users/runner/work/Album-Prag/Album-Prag/DerivedData/Build/Intermediates.noindex/GeneratedModuleMaps-iphonesimulator/XCTestDynamicOverlay.modulemap /Users/runner/work/Album-Prag/Album-Prag/DerivedData/Build/Intermediates.noindex/xctest-dynamic-overlay.build/Debug-iphonesimulator/XCTestDynamicOverlay.build/XCTestDynamicOverlay.modulemap (in target 'XCTestDynamicOverlay' from project 'xctest-dynamic-overlay')
    cd /Users/runner/work/Album-Prag/Album-Prag/DerivedData/SourcePackages/checkouts/xctest-dynamic-overlay
    builtin-copy -exclude .DS_Store -exclude CVS -exclude .svn -exclude .git -exclude .hg -resolve-src-symlinks /Users/runner/work/Album-Prag/Album-Prag/DerivedData/Build/Intermediates.noindex/xctest-dynamic-overlay.build/Debug-iphonesimulator/XCTestDynamicOverlay.build/XCTestDynamicOverlay.modulemap /Users/runner/work/Album-Prag/Album-Prag/DerivedData/Build/Intermediates.noindex/GeneratedModuleMaps-iphonesimulator

WriteAuxiliaryFile /Users/runner/work/Album-Prag/Album-Prag/DerivedData/Build/Intermediates.noindex/Supabase.build/Debug-iphonesimulator/Supabase.build/Supabase.modulemap (in target 'Supabase' from project 'Supabase')
    cd /Users/runner/work/Album-Prag/Album-Prag/DerivedData/SourcePackages/checkouts/supabase-swift
    write-file /Users/runner/work/Album-Prag/Album-Prag/DerivedData/Build/Intermediates.noindex/Supabase.build/Debug-iphonesimulator/Supabase.build/Supabase.modulemap

WriteAuxiliaryFile /Users/runner/work/Album-Prag/Album-Prag/DerivedData/Build/Intermediates.noindex/Supabase.build/Debug-iphonesimulator/Supabase.build/Supabase.DependencyStaticMetadataFileList (in target 'Supabase' from project 'Supabase')
    cd /Users/runner/work/Album-Prag/Album-Prag/DerivedData/SourcePackages/checkouts/supabase-swift
    write-file /Users/runner/work/Album-Prag/Album-Prag/DerivedData/Build/Intermediates.noindex/Supabase.build/Debug-iphonesimulator/Supabase.build/Supabase.DependencyStaticMetadataFileList

WriteAuxiliaryFile /Users/runner/work/Album-Prag/Album-Prag/DerivedData/Build/Intermediates.noindex/Supabase.build/Debug-iphonesimulator/Supabase.build/Supabase.DependencyMetadataFileList (in target 'Supabase' from project 'Supabase')
    cd /Users/runner/work/Album-Prag/Album-Prag/DerivedData/SourcePackages/checkouts/supabase-swift
    write-file /Users/runner/work/Album-Prag/Album-Prag/DerivedData/Build/Intermediates.noindex/Supabase.build/Debug-iphonesimulator/Supabase.build/Supabase.DependencyMetadataFileList

WriteAuxiliaryFile /Users/runner/work/Album-Prag/Album-Prag/DerivedData/Build/Intermediates.noindex/Supabase.build/Debug-iphonesimulator/Supabase.build/Objects-normal/arm64/Supabase_const_extract_protocols.json (in target 'Supabase' from project 'Supabase')
    cd /Users/runner/work/Album-Prag/Album-Prag/DerivedData/SourcePackages/checkouts/supabase-swift
    write-file /Users/runner/work/Album-Prag/Album-Prag/DerivedData/Build/Intermediates.noindex/Supabase.build/Debug-iphonesimulator/Supabase.build/Objects-normal/arm64/Supabase_const_extract_protocols.json

WriteAuxiliaryFile /Users/runner/work/Album-Prag/Album-Prag/DerivedData/Build/Intermediates.noindex/Supabase.build/Debug-iphonesimulator/Supabase.build/Objects-normal/arm64/Supabase.SwiftFileList (in target 'Supabase' from project 'Supabase')
    cd /Users/runner/work/Album-Prag/Album-Prag/DerivedData/SourcePackages/checkouts/supabase-swift
    write-file /Users/runner/work/Album-Prag/Album-Prag/DerivedData/Build/Intermediates.noindex/Supabase.build/Debug-iphonesimulator/Supabase.build/Objects-normal/arm64/Supabase.SwiftFileList

WriteAuxiliaryFile /Users/runner/work/Album-Prag/Album-Prag/DerivedData/Build/Intermediates.noindex/Supabase.build/Debug-iphonesimulator/Supabase.build/Objects-normal/arm64/Supabase.SwiftConstValuesFileList (in target 'Supabase' from project 'Supabase')
    cd /Users/runner/work/Album-Prag/Album-Prag/DerivedData/SourcePackages/checkouts/supabase-swift
    write-file /Users/runner/work/Album-Prag/Album-Prag/DerivedData/Build/Intermediates.noindex/Supabase.build/Debug-iphonesimulator/Supabase.build/Objects-normal/arm64/Supabase.SwiftConstValuesFileList

WriteAuxiliaryFile /Users/runner/work/Album-Prag/Album-Prag/DerivedData/Build/Intermediates.noindex/Supabase.build/Debug-iphonesimulator/Supabase.build/Objects-normal/arm64/Supabase.LinkFileList (in target 'Supabase' from project 'Supabase')
    cd /Users/runner/work/Album-Prag/Album-Prag/DerivedData/SourcePackages/checkouts/supabase-swift
    write-file /Users/runner/work/Album-Prag/Album-Prag/DerivedData/Build/Intermediates.noindex/Supabase.build/Debug-iphonesimulator/Supabase.build/Objects-normal/arm64/Supabase.LinkFileList

WriteAuxiliaryFile /Users/runner/work/Album-Prag/Album-Prag/DerivedData/Build/Intermediates.noindex/Supabase.build/Debug-iphonesimulator/Supabase.build/Objects-normal/arm64/Supabase-OutputFileMap.json (in target 'Supabase' from project 'Supabase')
    cd /Users/runner/work/Album-Prag/Album-Prag/DerivedData/SourcePackages/checkouts/supabase-swift
    write-file /Users/runner/work/Album-Prag/Album-Prag/DerivedData/Build/Intermediates.noindex/Supabase.build/Debug-iphonesimulator/Supabase.build/Objects-normal/arm64/Supabase-OutputFileMap.json

Copy /Users/runner/work/Album-Prag/Album-Prag/DerivedData/Build/Intermediates.noindex/GeneratedModuleMaps-iphonesimulator/Supabase.modulemap /Users/runner/work/Album-Prag/Album-Prag/DerivedData/Build/Intermediates.noindex/Supabase.build/Debug-iphonesimulator/Supabase.build/Supabase.modulemap (in target 'Supabase' from project 'Supabase')
    cd /Users/runner/work/Album-Prag/Album-Prag/DerivedData/SourcePackages/checkouts/supabase-swift
    builtin-copy -exclude .DS_Store -exclude CVS -exclude .svn -exclude .git -exclude .hg -resolve-src-symlinks /Users/runner/work/Album-Prag/Album-Prag/DerivedData/Build/Intermediates.noindex/Supabase.build/Debug-iphonesimulator/Supabase.build/Supabase.modulemap /Users/runner/work/Album-Prag/Album-Prag/DerivedData/Build/Intermediates.noindex/GeneratedModuleMaps-iphonesimulator

WriteAuxiliaryFile /Users/runner/work/Album-Prag/Album-Prag/DerivedData/Build/Intermediates.noindex/Supabase.build/Debug-iphonesimulator/Storage.build/Storage.modulemap (in target 'Storage' from project 'Supabase')
    cd /Users/runner/work/Album-Prag/Album-Prag/DerivedData/SourcePackages/checkouts/supabase-swift
    write-file /Users/runner/work/Album-Prag/Album-Prag/DerivedData/Build/Intermediates.noindex/Supabase.build/Debug-iphonesimulator/Storage.build/Storage.modulemap

WriteAuxiliaryFile /Users/runner/work/Album-Prag/Album-Prag/DerivedData/Build/Intermediates.noindex/Supabase.build/Debug-iphonesimulator/Storage.build/Storage.DependencyStaticMetadataFileList (in target 'Storage' from project 'Supabase')
    cd /Users/runner/work/Album-Prag/Album-Prag/DerivedData/SourcePackages/checkouts/supabase-swift
    write-file /Users/runner/work/Album-Prag/Album-Prag/DerivedData/Build/Intermediates.noindex/Supabase.build/Debug-iphonesimulator/Storage.build/Storage.DependencyStaticMetadataFileList

WriteAuxiliaryFile /Users/runner/work/Album-Prag/Album-Prag/DerivedData/Build/Intermediates.noindex/Supabase.build/Debug-iphonesimulator/Storage.build/Storage.DependencyMetadataFileList (in target 'Storage' from project 'Supabase')
    cd /Users/runner/work/Album-Prag/Album-Prag/DerivedData/SourcePackages/checkouts/supabase-swift
    write-file /Users/runner/work/Album-Prag/Album-Prag/DerivedData/Build/Intermediates.noindex/Supabase.build/Debug-iphonesimulator/Storage.build/Storage.DependencyMetadataFileList

WriteAuxiliaryFile /Users/runner/work/Album-Prag/Album-Prag/DerivedData/Build/Intermediates.noindex/Supabase.build/Debug-iphonesimulator/Storage.build/Objects-normal/arm64/Storage_const_extract_protocols.json (in target 'Storage' from project 'Supabase')
    cd /Users/runner/work/Album-Prag/Album-Prag/DerivedData/SourcePackages/checkouts/supabase-swift
    write-file /Users/runner/work/Album-Prag/Album-Prag/DerivedData/Build/Intermediates.noindex/Supabase.build/Debug-iphonesimulator/Storage.build/Objects-normal/arm64/Storage_const_extract_protocols.json

WriteAuxiliaryFile /Users/runner/work/Album-Prag/Album-Prag/DerivedData/Build/Intermediates.noindex/Supabase.build/Debug-iphonesimulator/Storage.build/Objects-normal/arm64/Storage.SwiftFileList (in target 'Storage' from project 'Supabase')
    cd /Users/runner/work/Album-Prag/Album-Prag/DerivedData/SourcePackages/checkouts/supabase-swift
    write-file /Users/runner/work/Album-Prag/Album-Prag/DerivedData/Build/Intermediates.noindex/Supabase.build/Debug-iphonesimulator/Storage.build/Objects-normal/arm64/Storage.SwiftFileList

WriteAuxiliaryFile /Users/runner/work/Album-Prag/Album-Prag/DerivedData/Build/Intermediates.noindex/Supabase.build/Debug-iphonesimulator/Storage.build/Objects-normal/arm64/Storage.SwiftConstValuesFileList (in target 'Storage' from project 'Supabase')
    cd /Users/runner/work/Album-Prag/Album-Prag/DerivedData/SourcePackages/checkouts/supabase-swift
    write-file /Users/runner/work/Album-Prag/Album-Prag/DerivedData/Build/Intermediates.noindex/Supabase.build/Debug-iphonesimulator/Storage.build/Objects-normal/arm64/Storage.SwiftConstValuesFileList

WriteAuxiliaryFile /Users/runner/work/Album-Prag/Album-Prag/DerivedData/Build/Intermediates.noindex/Supabase.build/Debug-iphonesimulator/Storage.build/Objects-normal/arm64/Storage.LinkFileList (in target 'Storage' from project 'Supabase')
    cd /Users/runner/work/Album-Prag/Album-Prag/DerivedData/SourcePackages/checkouts/supabase-swift
    write-file /Users/runner/work/Album-Prag/Album-Prag/DerivedData/Build/Intermediates.noindex/Supabase.build/Debug-iphonesimulator/Storage.build/Objects-normal/arm64/Storage.LinkFileList

WriteAuxiliaryFile /Users/runner/work/Album-Prag/Album-Prag/DerivedData/Build/Intermediates.noindex/Supabase.build/Debug-iphonesimulator/Storage.build/Objects-normal/arm64/Storage-OutputFileMap.json (in target 'Storage' from project 'Supabase')
    cd /Users/runner/work/Album-Prag/Album-Prag/DerivedData/SourcePackages/checkouts/supabase-swift
    write-file /Users/runner/work/Album-Prag/Album-Prag/DerivedData/Build/Intermediates.noindex/Supabase.build/Debug-iphonesimulator/Storage.build/Objects-normal/arm64/Storage-OutputFileMap.json

Copy /Users/runner/work/Album-Prag/Album-Prag/DerivedData/Build/Intermediates.noindex/GeneratedModuleMaps-iphonesimulator/Storage.modulemap /Users/runner/work/Album-Prag/Album-Prag/DerivedData/Build/Intermediates.noindex/Supabase.build/Debug-iphonesimulator/Storage.build/Storage.modulemap (in target 'Storage' from project 'Supabase')
    cd /Users/runner/work/Album-Prag/Album-Prag/DerivedData/SourcePackages/checkouts/supabase-swift
    builtin-copy -exclude .DS_Store -exclude CVS -exclude .svn -exclude .git -exclude .hg -resolve-src-symlinks /Users/runner/work/Album-Prag/Album-Prag/DerivedData/Build/Intermediates.noindex/Supabase.build/Debug-iphonesimulator/Storage.build/Storage.modulemap /Users/runner/work/Album-Prag/Album-Prag/DerivedData/Build/Intermediates.noindex/GeneratedModuleMaps-iphonesimulator

WriteAuxiliaryFile /Users/runner/work/Album-Prag/Album-Prag/DerivedData/Build/Intermediates.noindex/Supabase.build/Debug-iphonesimulator/RealtimeV2.build/RealtimeV2.modulemap (in target 'RealtimeV2' from project 'Supabase')
    cd /Users/runner/work/Album-Prag/Album-Prag/DerivedData/SourcePackages/checkouts/supabase-swift
    write-file /Users/runner/work/Album-Prag/Album-Prag/DerivedData/Build/Intermediates.noindex/Supabase.build/Debug-iphonesimulator/RealtimeV2.build/RealtimeV2.modulemap

WriteAuxiliaryFile /Users/runner/work/Album-Prag/Album-Prag/DerivedData/Build/Intermediates.noindex/Supabase.build/Debug-iphonesimulator/RealtimeV2.build/RealtimeV2.DependencyStaticMetadataFileList (in target 'RealtimeV2' from project 'Supabase')
    cd /Users/runner/work/Album-Prag/Album-Prag/DerivedData/SourcePackages/checkouts/supabase-swift
    write-file /Users/runner/work/Album-Prag/Album-Prag/DerivedData/Build/Intermediates.noindex/Supabase.build/Debug-iphonesimulator/RealtimeV2.build/RealtimeV2.DependencyStaticMetadataFileList

WriteAuxiliaryFile /Users/runner/work/Album-Prag/Album-Prag/DerivedData/Build/Intermediates.noindex/Supabase.build/Debug-iphonesimulator/RealtimeV2.build/RealtimeV2.DependencyMetadataFileList (in target 'RealtimeV2' from project 'Supabase')
    cd /Users/runner/work/Album-Prag/Album-Prag/DerivedData/SourcePackages/checkouts/supabase-swift
    write-file /Users/runner/work/Album-Prag/Album-Prag/DerivedData/Build/Intermediates.noindex/Supabase.build/Debug-iphonesimulator/RealtimeV2.build/RealtimeV2.DependencyMetadataFileList

WriteAuxiliaryFile /Users/runner/work/Album-Prag/Album-Prag/DerivedData/Build/Intermediates.noindex/Supabase.build/Debug-iphonesimulator/RealtimeV2.build/Objects-normal/arm64/RealtimeV2_const_extract_protocols.json (in target 'RealtimeV2' from project 'Supabase')
    cd /Users/runner/work/Album-Prag/Album-Prag/DerivedData/SourcePackages/checkouts/supabase-swift
    write-file /Users/runner/work/Album-Prag/Album-Prag/DerivedData/Build/Intermediates.noindex/Supabase.build/Debug-iphonesimulator/RealtimeV2.build/Objects-normal/arm64/RealtimeV2_const_extract_protocols.json

WriteAuxiliaryFile /Users/runner/work/Album-Prag/Album-Prag/DerivedData/Build/Intermediates.noindex/Supabase.build/Debug-iphonesimulator/RealtimeV2.build/Objects-normal/arm64/RealtimeV2.SwiftFileList (in target 'RealtimeV2' from project 'Supabase')
    cd /Users/runner/work/Album-Prag/Album-Prag/DerivedData/SourcePackages/checkouts/supabase-swift
    write-file /Users/runner/work/Album-Prag/Album-Prag/DerivedData/Build/Intermediates.noindex/Supabase.build/Debug-iphonesimulator/RealtimeV2.build/Objects-normal/arm64/RealtimeV2.SwiftFileList

WriteAuxiliaryFile /Users/runner/work/Album-Prag/Album-Prag/DerivedData/Build/Intermediates.noindex/Supabase.build/Debug-iphonesimulator/RealtimeV2.build/Objects-normal/arm64/RealtimeV2.SwiftConstValuesFileList (in target 'RealtimeV2' from project 'Supabase')
    cd /Users/runner/work/Album-Prag/Album-Prag/DerivedData/SourcePackages/checkouts/supabase-swift
    write-file /Users/runner/work/Album-Prag/Album-Prag/DerivedData/Build/Intermediates.noindex/Supabase.build/Debug-iphonesimulator/RealtimeV2.build/Objects-normal/arm64/RealtimeV2.SwiftConstValuesFileList

WriteAuxiliaryFile /Users/runner/work/Album-Prag/Album-Prag/DerivedData/Build/Intermediates.noindex/Supabase.build/Debug-iphonesimulator/RealtimeV2.build/Objects-normal/arm64/RealtimeV2.LinkFileList (in target 'RealtimeV2' from project 'Supabase')
    cd /Users/runner/work/Album-Prag/Album-Prag/DerivedData/SourcePackages/checkouts/supabase-swift
    write-file /Users/runner/work/Album-Prag/Album-Prag/DerivedData/Build/Intermediates.noindex/Supabase.build/Debug-iphonesimulator/RealtimeV2.build/Objects-normal/arm64/RealtimeV2.LinkFileList

WriteAuxiliaryFile /Users/runner/work/Album-Prag/Album-Prag/DerivedData/Build/Intermediates.noindex/Supabase.build/Debug-iphonesimulator/RealtimeV2.build/Objects-normal/arm64/RealtimeV2-OutputFileMap.json (in target 'RealtimeV2' from project 'Supabase')
    cd /Users/runner/work/Album-Prag/Album-Prag/DerivedData/SourcePackages/checkouts/supabase-swift
    write-file /Users/runner/work/Album-Prag/Album-Prag/DerivedData/Build/Intermediates.noindex/Supabase.build/Debug-iphonesimulator/RealtimeV2.build/Objects-normal/arm64/RealtimeV2-OutputFileMap.json

WriteAuxiliaryFile /Users/runner/work/Album-Prag/Album-Prag/DerivedData/Build/Intermediates.noindex/Supabase.build/Debug-iphonesimulator/Realtime.build/Realtime.modulemap (in target 'Realtime' from project 'Supabase')
    cd /Users/runner/work/Album-Prag/Album-Prag/DerivedData/SourcePackages/checkouts/supabase-swift
    write-file /Users/runner/work/Album-Prag/Album-Prag/DerivedData/Build/Intermediates.noindex/Supabase.build/Debug-iphonesimulator/Realtime.build/Realtime.modulemap

WriteAuxiliaryFile /Users/runner/work/Album-Prag/Album-Prag/DerivedData/Build/Intermediates.noindex/Supabase.build/Debug-iphonesimulator/Realtime.build/Realtime.DependencyStaticMetadataFileList (in target 'Realtime' from project 'Supabase')
    cd /Users/runner/work/Album-Prag/Album-Prag/DerivedData/SourcePackages/checkouts/supabase-swift
    write-file /Users/runner/work/Album-Prag/Album-Prag/DerivedData/Build/Intermediates.noindex/Supabase.build/Debug-iphonesimulator/Realtime.build/Realtime.DependencyStaticMetadataFileList

Copy /Users/runner/work/Album-Prag/Album-Prag/DerivedData/Build/Intermediates.noindex/GeneratedModuleMaps-iphonesimulator/RealtimeV2.modulemap /Users/runner/work/Album-Prag/Album-Prag/DerivedData/Build/Intermediates.noindex/Supabase.build/Debug-iphonesimulator/RealtimeV2.build/RealtimeV2.modulemap (in target 'RealtimeV2' from project 'Supabase')
    cd /Users/runner/work/Album-Prag/Album-Prag/DerivedData/SourcePackages/checkouts/supabase-swift
    builtin-copy -exclude .DS_Store -exclude CVS -exclude .svn -exclude .git -exclude .hg -resolve-src-symlinks /Users/runner/work/Album-Prag/Album-Prag/DerivedData/Build/Intermediates.noindex/Supabase.build/Debug-iphonesimulator/RealtimeV2.build/RealtimeV2.modulemap /Users/runner/work/Album-Prag/Album-Prag/DerivedData/Build/Intermediates.noindex/GeneratedModuleMaps-iphonesimulator

WriteAuxiliaryFile /Users/runner/work/Album-Prag/Album-Prag/DerivedData/Build/Intermediates.noindex/Supabase.build/Debug-iphonesimulator/Realtime.build/Realtime.DependencyMetadataFileList (in target 'Realtime' from project 'Supabase')
    cd /Users/runner/work/Album-Prag/Album-Prag/DerivedData/SourcePackages/checkouts/supabase-swift
    write-file /Users/runner/work/Album-Prag/Album-Prag/DerivedData/Build/Intermediates.noindex/Supabase.build/Debug-iphonesimulator/Realtime.build/Realtime.DependencyMetadataFileList

WriteAuxiliaryFile /Users/runner/work/Album-Prag/Album-Prag/DerivedData/Build/Intermediates.noindex/Supabase.build/Debug-iphonesimulator/Realtime.build/Objects-normal/arm64/Realtime_const_extract_protocols.json (in target 'Realtime' from project 'Supabase')
    cd /Users/runner/work/Album-Prag/Album-Prag/DerivedData/SourcePackages/checkouts/supabase-swift
    write-file /Users/runner/work/Album-Prag/Album-Prag/DerivedData/Build/Intermediates.noindex/Supabase.build/Debug-iphonesimulator/Realtime.build/Objects-normal/arm64/Realtime_const_extract_protocols.json

WriteAuxiliaryFile /Users/runner/work/Album-Prag/Album-Prag/DerivedData/Build/Intermediates.noindex/Supabase.build/Debug-iphonesimulator/Realtime.build/Objects-normal/arm64/Realtime.SwiftFileList (in target 'Realtime' from project 'Supabase')
    cd /Users/runner/work/Album-Prag/Album-Prag/DerivedData/SourcePackages/checkouts/supabase-swift
    write-file /Users/runner/work/Album-Prag/Album-Prag/DerivedData/Build/Intermediates.noindex/Supabase.build/Debug-iphonesimulator/Realtime.build/Objects-normal/arm64/Realtime.SwiftFileList

WriteAuxiliaryFile /Users/runner/work/Album-Prag/Album-Prag/DerivedData/Build/Intermediates.noindex/Supabase.build/Debug-iphonesimulator/Realtime.build/Objects-normal/arm64/Realtime.SwiftConstValuesFileList (in target 'Realtime' from project 'Supabase')
    cd /Users/runner/work/Album-Prag/Album-Prag/DerivedData/SourcePackages/checkouts/supabase-swift
    write-file /Users/runner/work/Album-Prag/Album-Prag/DerivedData/Build/Intermediates.noindex/Supabase.build/Debug-iphonesimulator/Realtime.build/Objects-normal/arm64/Realtime.SwiftConstValuesFileList

WriteAuxiliaryFile /Users/runner/work/Album-Prag/Album-Prag/DerivedData/Build/Intermediates.noindex/Supabase.build/Debug-iphonesimulator/Realtime.build/Objects-normal/arm64/Realtime.LinkFileList (in target 'Realtime' from project 'Supabase')
    cd /Users/runner/work/Album-Prag/Album-Prag/DerivedData/SourcePackages/checkouts/supabase-swift
    write-file /Users/runner/work/Album-Prag/Album-Prag/DerivedData/Build/Intermediates.noindex/Supabase.build/Debug-iphonesimulator/Realtime.build/Objects-normal/arm64/Realtime.LinkFileList

WriteAuxiliaryFile /Users/runner/work/Album-Prag/Album-Prag/DerivedData/Build/Intermediates.noindex/Supabase.build/Debug-iphonesimulator/Realtime.build/Objects-normal/arm64/Realtime-OutputFileMap.json (in target 'Realtime' from project 'Supabase')
    cd /Users/runner/work/Album-Prag/Album-Prag/DerivedData/SourcePackages/checkouts/supabase-swift
    write-file /Users/runner/work/Album-Prag/Album-Prag/DerivedData/Build/Intermediates.noindex/Supabase.build/Debug-iphonesimulator/Realtime.build/Objects-normal/arm64/Realtime-OutputFileMap.json

Copy /Users/runner/work/Album-Prag/Album-Prag/DerivedData/Build/Intermediates.noindex/GeneratedModuleMaps-iphonesimulator/Realtime.modulemap /Users/runner/work/Album-Prag/Album-Prag/DerivedData/Build/Intermediates.noindex/Supabase.build/Debug-iphonesimulator/Realtime.build/Realtime.modulemap (in target 'Realtime' from project 'Supabase')
    cd /Users/runner/work/Album-Prag/Album-Prag/DerivedData/SourcePackages/checkouts/supabase-swift
    builtin-copy -exclude .DS_Store -exclude CVS -exclude .svn -exclude .git -exclude .hg -resolve-src-symlinks /Users/runner/work/Album-Prag/Album-Prag/DerivedData/Build/Intermediates.noindex/Supabase.build/Debug-iphonesimulator/Realtime.build/Realtime.modulemap /Users/runner/work/Album-Prag/Album-Prag/DerivedData/Build/Intermediates.noindex/GeneratedModuleMaps-iphonesimulator

WriteAuxiliaryFile /Users/runner/work/Album-Prag/Album-Prag/DerivedData/Build/Intermediates.noindex/Supabase.build/Debug-iphonesimulator/PostgREST.build/PostgREST.modulemap (in target 'PostgREST' from project 'Supabase')
    cd /Users/runner/work/Album-Prag/Album-Prag/DerivedData/SourcePackages/checkouts/supabase-swift
    write-file /Users/runner/work/Album-Prag/Album-Prag/DerivedData/Build/Intermediates.noindex/Supabase.build/Debug-iphonesimulator/PostgREST.build/PostgREST.modulemap

WriteAuxiliaryFile /Users/runner/work/Album-Prag/Album-Prag/DerivedData/Build/Intermediates.noindex/Supabase.build/Debug-iphonesimulator/PostgREST.build/PostgREST.DependencyMetadataFileList (in target 'PostgREST' from project 'Supabase')
    cd /Users/runner/work/Album-Prag/Album-Prag/DerivedData/SourcePackages/checkouts/supabase-swift
    write-file /Users/runner/work/Album-Prag/Album-Prag/DerivedData/Build/Intermediates.noindex/Supabase.build/Debug-iphonesimulator/PostgREST.build/PostgREST.DependencyMetadataFileList

WriteAuxiliaryFile /Users/runner/work/Album-Prag/Album-Prag/DerivedData/Build/Intermediates.noindex/Supabase.build/Debug-iphonesimulator/PostgREST.build/PostgREST.DependencyStaticMetadataFileList (in target 'PostgREST' from project 'Supabase')
    cd /Users/runner/work/Album-Prag/Album-Prag/DerivedData/SourcePackages/checkouts/supabase-swift
    write-file /Users/runner/work/Album-Prag/Album-Prag/DerivedData/Build/Intermediates.noindex/Supabase.build/Debug-iphonesimulator/PostgREST.build/PostgREST.DependencyStaticMetadataFileList

WriteAuxiliaryFile /Users/runner/work/Album-Prag/Album-Prag/DerivedData/Build/Intermediates.noindex/Supabase.build/Debug-iphonesimulator/PostgREST.build/Objects-normal/arm64/PostgREST_const_extract_protocols.json (in target 'PostgREST' from project 'Supabase')
    cd /Users/runner/work/Album-Prag/Album-Prag/DerivedData/SourcePackages/checkouts/supabase-swift
    write-file /Users/runner/work/Album-Prag/Album-Prag/DerivedData/Build/Intermediates.noindex/Supabase.build/Debug-iphonesimulator/PostgREST.build/Objects-normal/arm64/PostgREST_const_extract_protocols.json

WriteAuxiliaryFile /Users/runner/work/Album-Prag/Album-Prag/DerivedData/Build/Intermediates.noindex/Supabase.build/Debug-iphonesimulator/PostgREST.build/Objects-normal/arm64/PostgREST.SwiftFileList (in target 'PostgREST' from project 'Supabase')
    cd /Users/runner/work/Album-Prag/Album-Prag/DerivedData/SourcePackages/checkouts/supabase-swift
    write-file /Users/runner/work/Album-Prag/Album-Prag/DerivedData/Build/Intermediates.noindex/Supabase.build/Debug-iphonesimulator/PostgREST.build/Objects-normal/arm64/PostgREST.SwiftFileList

WriteAuxiliaryFile /Users/runner/work/Album-Prag/Album-Prag/DerivedData/Build/Intermediates.noindex/Supabase.build/Debug-iphonesimulator/PostgREST.build/Objects-normal/arm64/PostgREST.SwiftConstValuesFileList (in target 'PostgREST' from project 'Supabase')
    cd /Users/runner/work/Album-Prag/Album-Prag/DerivedData/SourcePackages/checkouts/supabase-swift
    write-file /Users/runner/work/Album-Prag/Album-Prag/DerivedData/Build/Intermediates.noindex/Supabase.build/Debug-iphonesimulator/PostgREST.build/Objects-normal/arm64/PostgREST.SwiftConstValuesFileList

WriteAuxiliaryFile /Users/runner/work/Album-Prag/Album-Prag/DerivedData/Build/Intermediates.noindex/Supabase.build/Debug-iphonesimulator/PostgREST.build/Objects-normal/arm64/PostgREST.LinkFileList (in target 'PostgREST' from project 'Supabase')
    cd /Users/runner/work/Album-Prag/Album-Prag/DerivedData/SourcePackages/checkouts/supabase-swift
    write-file /Users/runner/work/Album-Prag/Album-Prag/DerivedData/Build/Intermediates.noindex/Supabase.build/Debug-iphonesimulator/PostgREST.build/Objects-normal/arm64/PostgREST.LinkFileList

WriteAuxiliaryFile /Users/runner/work/Album-Prag/Album-Prag/DerivedData/Build/Intermediates.noindex/Supabase.build/Debug-iphonesimulator/PostgREST.build/Objects-normal/arm64/PostgREST-OutputFileMap.json (in target 'PostgREST' from project 'Supabase')
    cd /Users/runner/work/Album-Prag/Album-Prag/DerivedData/SourcePackages/checkouts/supabase-swift
    write-file /Users/runner/work/Album-Prag/Album-Prag/DerivedData/Build/Intermediates.noindex/Supabase.build/Debug-iphonesimulator/PostgREST.build/Objects-normal/arm64/PostgREST-OutputFileMap.json

Copy /Users/runner/work/Album-Prag/Album-Prag/DerivedData/Build/Intermediates.noindex/GeneratedModuleMaps-iphonesimulator/PostgREST.modulemap /Users/runner/work/Album-Prag/Album-Prag/DerivedData/Build/Intermediates.noindex/Supabase.build/Debug-iphonesimulator/PostgREST.build/PostgREST.modulemap (in target 'PostgREST' from project 'Supabase')
    cd /Users/runner/work/Album-Prag/Album-Prag/DerivedData/SourcePackages/checkouts/supabase-swift
    builtin-copy -exclude .DS_Store -exclude CVS -exclude .svn -exclude .git -exclude .hg -resolve-src-symlinks /Users/runner/work/Album-Prag/Album-Prag/DerivedData/Build/Intermediates.noindex/Supabase.build/Debug-iphonesimulator/PostgREST.build/PostgREST.modulemap /Users/runner/work/Album-Prag/Album-Prag/DerivedData/Build/Intermediates.noindex/GeneratedModuleMaps-iphonesimulator

WriteAuxiliaryFile /Users/runner/work/Album-Prag/Album-Prag/DerivedData/Build/Intermediates.noindex/xctest-dynamic-overlay.build/Debug-iphonesimulator/IssueReporting.build/Objects-normal/arm64/IssueReporting_const_extract_protocols.json (in target 'IssueReporting' from project 'xctest-dynamic-overlay')
    cd /Users/runner/work/Album-Prag/Album-Prag/DerivedData/SourcePackages/checkouts/xctest-dynamic-overlay
    write-file /Users/runner/work/Album-Prag/Album-Prag/DerivedData/Build/Intermediates.noindex/xctest-dynamic-overlay.build/Debug-iphonesimulator/IssueReporting.build/Objects-normal/arm64/IssueReporting_const_extract_protocols.json

WriteAuxiliaryFile /Users/runner/work/Album-Prag/Album-Prag/DerivedData/Build/Intermediates.noindex/xctest-dynamic-overlay.build/Debug-iphonesimulator/IssueReporting.build/Objects-normal/arm64/IssueReporting.SwiftFileList (in target 'IssueReporting' from project 'xctest-dynamic-overlay')
    cd /Users/runner/work/Album-Prag/Album-Prag/DerivedData/SourcePackages/checkouts/xctest-dynamic-overlay
    write-file /Users/runner/work/Album-Prag/Album-Prag/DerivedData/Build/Intermediates.noindex/xctest-dynamic-overlay.build/Debug-iphonesimulator/IssueReporting.build/Objects-normal/arm64/IssueReporting.SwiftFileList

WriteAuxiliaryFile /Users/runner/work/Album-Prag/Album-Prag/DerivedData/Build/Intermediates.noindex/xctest-dynamic-overlay.build/Debug-iphonesimulator/IssueReporting.build/Objects-normal/arm64/IssueReporting.SwiftConstValuesFileList (in target 'IssueReporting' from project 'xctest-dynamic-overlay')
    cd /Users/runner/work/Album-Prag/Album-Prag/DerivedData/SourcePackages/checkouts/xctest-dynamic-overlay
    write-file /Users/runner/work/Album-Prag/Album-Prag/DerivedData/Build/Intermediates.noindex/xctest-dynamic-overlay.build/Debug-iphonesimulator/IssueReporting.build/Objects-normal/arm64/IssueReporting.SwiftConstValuesFileList

WriteAuxiliaryFile /Users/runner/work/Album-Prag/Album-Prag/DerivedData/Build/Intermediates.noindex/xctest-dynamic-overlay.build/Debug-iphonesimulator/IssueReporting.build/Objects-normal/arm64/IssueReporting.LinkFileList (in target 'IssueReporting' from project 'xctest-dynamic-overlay')
    cd /Users/runner/work/Album-Prag/Album-Prag/DerivedData/SourcePackages/checkouts/xctest-dynamic-overlay
    write-file /Users/runner/work/Album-Prag/Album-Prag/DerivedData/Build/Intermediates.noindex/xctest-dynamic-overlay.build/Debug-iphonesimulator/IssueReporting.build/Objects-normal/arm64/IssueReporting.LinkFileList

WriteAuxiliaryFile /Users/runner/work/Album-Prag/Album-Prag/DerivedData/Build/Intermediates.noindex/xctest-dynamic-overlay.build/Debug-iphonesimulator/IssueReporting.build/Objects-normal/arm64/IssueReporting-OutputFileMap.json (in target 'IssueReporting' from project 'xctest-dynamic-overlay')
    cd /Users/runner/work/Album-Prag/Album-Prag/DerivedData/SourcePackages/checkouts/xctest-dynamic-overlay
    write-file /Users/runner/work/Album-Prag/Album-Prag/DerivedData/Build/Intermediates.noindex/xctest-dynamic-overlay.build/Debug-iphonesimulator/IssueReporting.build/Objects-normal/arm64/IssueReporting-OutputFileMap.json

WriteAuxiliaryFile /Users/runner/work/Album-Prag/Album-Prag/DerivedData/Build/Intermediates.noindex/xctest-dynamic-overlay.build/Debug-iphonesimulator/IssueReporting.build/IssueReporting.modulemap (in target 'IssueReporting' from project 'xctest-dynamic-overlay')
    cd /Users/runner/work/Album-Prag/Album-Prag/DerivedData/SourcePackages/checkouts/xctest-dynamic-overlay
    write-file /Users/runner/work/Album-Prag/Album-Prag/DerivedData/Build/Intermediates.noindex/xctest-dynamic-overlay.build/Debug-iphonesimulator/IssueReporting.build/IssueReporting.modulemap

WriteAuxiliaryFile /Users/runner/work/Album-Prag/Album-Prag/DerivedData/Build/Intermediates.noindex/xctest-dynamic-overlay.build/Debug-iphonesimulator/IssueReporting.build/IssueReporting.DependencyStaticMetadataFileList (in target 'IssueReporting' from project 'xctest-dynamic-overlay')
    cd /Users/runner/work/Album-Prag/Album-Prag/DerivedData/SourcePackages/checkouts/xctest-dynamic-overlay
    write-file /Users/runner/work/Album-Prag/Album-Prag/DerivedData/Build/Intermediates.noindex/xctest-dynamic-overlay.build/Debug-iphonesimulator/IssueReporting.build/IssueReporting.DependencyStaticMetadataFileList

WriteAuxiliaryFile /Users/runner/work/Album-Prag/Album-Prag/DerivedData/Build/Intermediates.noindex/xctest-dynamic-overlay.build/Debug-iphonesimulator/IssueReporting.build/IssueReporting.DependencyMetadataFileList (in target 'IssueReporting' from project 'xctest-dynamic-overlay')
    cd /Users/runner/work/Album-Prag/Album-Prag/DerivedData/SourcePackages/checkouts/xctest-dynamic-overlay
    write-file /Users/runner/work/Album-Prag/Album-Prag/DerivedData/Build/Intermediates.noindex/xctest-dynamic-overlay.build/Debug-iphonesimulator/IssueReporting.build/IssueReporting.DependencyMetadataFileList

Copy /Users/runner/work/Album-Prag/Album-Prag/DerivedData/Build/Intermediates.noindex/GeneratedModuleMaps-iphonesimulator/IssueReporting.modulemap /Users/runner/work/Album-Prag/Album-Prag/DerivedData/Build/Intermediates.noindex/xctest-dynamic-overlay.build/Debug-iphonesimulator/IssueReporting.build/IssueReporting.modulemap (in target 'IssueReporting' from project 'xctest-dynamic-overlay')
    cd /Users/runner/work/Album-Prag/Album-Prag/DerivedData/SourcePackages/checkouts/xctest-dynamic-overlay
    builtin-copy -exclude .DS_Store -exclude CVS -exclude .svn -exclude .git -exclude .hg -resolve-src-symlinks /Users/runner/work/Album-Prag/Album-Prag/DerivedData/Build/Intermediates.noindex/xctest-dynamic-overlay.build/Debug-iphonesimulator/IssueReporting.build/IssueReporting.modulemap /Users/runner/work/Album-Prag/Album-Prag/DerivedData/Build/Intermediates.noindex/GeneratedModuleMaps-iphonesimulator

WriteAuxiliaryFile /Users/runner/work/Album-Prag/Album-Prag/DerivedData/Build/Intermediates.noindex/Supabase.build/Debug-iphonesimulator/Helpers.build/Objects-normal/arm64/Helpers_const_extract_protocols.json (in target 'Helpers' from project 'Supabase')
    cd /Users/runner/work/Album-Prag/Album-Prag/DerivedData/SourcePackages/checkouts/supabase-swift
    write-file /Users/runner/work/Album-Prag/Album-Prag/DerivedData/Build/Intermediates.noindex/Supabase.build/Debug-iphonesimulator/Helpers.build/Objects-normal/arm64/Helpers_const_extract_protocols.json

WriteAuxiliaryFile /Users/runner/work/Album-Prag/Album-Prag/DerivedData/Build/Intermediates.noindex/Supabase.build/Debug-iphonesimulator/Helpers.build/Objects-normal/arm64/Helpers.SwiftFileList (in target 'Helpers' from project 'Supabase')
    cd /Users/runner/work/Album-Prag/Album-Prag/DerivedData/SourcePackages/checkouts/supabase-swift
    write-file /Users/runner/work/Album-Prag/Album-Prag/DerivedData/Build/Intermediates.noindex/Supabase.build/Debug-iphonesimulator/Helpers.build/Objects-normal/arm64/Helpers.SwiftFileList

WriteAuxiliaryFile /Users/runner/work/Album-Prag/Album-Prag/DerivedData/Build/Intermediates.noindex/Supabase.build/Debug-iphonesimulator/Helpers.build/Objects-normal/arm64/Helpers.SwiftConstValuesFileList (in target 'Helpers' from project 'Supabase')
    cd /Users/runner/work/Album-Prag/Album-Prag/DerivedData/SourcePackages/checkouts/supabase-swift
    write-file /Users/runner/work/Album-Prag/Album-Prag/DerivedData/Build/Intermediates.noindex/Supabase.build/Debug-iphonesimulator/Helpers.build/Objects-normal/arm64/Helpers.SwiftConstValuesFileList

WriteAuxiliaryFile /Users/runner/work/Album-Prag/Album-Prag/DerivedData/Build/Intermediates.noindex/Supabase.build/Debug-iphonesimulator/Helpers.build/Objects-normal/arm64/Helpers.LinkFileList (in target 'Helpers' from project 'Supabase')
    cd /Users/runner/work/Album-Prag/Album-Prag/DerivedData/SourcePackages/checkouts/supabase-swift
    write-file /Users/runner/work/Album-Prag/Album-Prag/DerivedData/Build/Intermediates.noindex/Supabase.build/Debug-iphonesimulator/Helpers.build/Objects-normal/arm64/Helpers.LinkFileList

WriteAuxiliaryFile /Users/runner/work/Album-Prag/Album-Prag/DerivedData/Build/Intermediates.noindex/Supabase.build/Debug-iphonesimulator/Helpers.build/Objects-normal/arm64/Helpers-OutputFileMap.json (in target 'Helpers' from project 'Supabase')
    cd /Users/runner/work/Album-Prag/Album-Prag/DerivedData/SourcePackages/checkouts/supabase-swift
    write-file /Users/runner/work/Album-Prag/Album-Prag/DerivedData/Build/Intermediates.noindex/Supabase.build/Debug-iphonesimulator/Helpers.build/Objects-normal/arm64/Helpers-OutputFileMap.json

WriteAuxiliaryFile /Users/runner/work/Album-Prag/Album-Prag/DerivedData/Build/Intermediates.noindex/Supabase.build/Debug-iphonesimulator/Helpers.build/Helpers.modulemap (in target 'Helpers' from project 'Supabase')
    cd /Users/runner/work/Album-Prag/Album-Prag/DerivedData/SourcePackages/checkouts/supabase-swift
    write-file /Users/runner/work/Album-Prag/Album-Prag/DerivedData/Build/Intermediates.noindex/Supabase.build/Debug-iphonesimulator/Helpers.build/Helpers.modulemap

WriteAuxiliaryFile /Users/runner/work/Album-Prag/Album-Prag/DerivedData/Build/Intermediates.noindex/Supabase.build/Debug-iphonesimulator/Helpers.build/Helpers.DependencyStaticMetadataFileList (in target 'Helpers' from project 'Supabase')
    cd /Users/runner/work/Album-Prag/Album-Prag/DerivedData/SourcePackages/checkouts/supabase-swift
    write-file /Users/runner/work/Album-Prag/Album-Prag/DerivedData/Build/Intermediates.noindex/Supabase.build/Debug-iphonesimulator/Helpers.build/Helpers.DependencyStaticMetadataFileList

WriteAuxiliaryFile /Users/runner/work/Album-Prag/Album-Prag/DerivedData/Build/Intermediates.noindex/Supabase.build/Debug-iphonesimulator/Helpers.build/Helpers.DependencyMetadataFileList (in target 'Helpers' from project 'Supabase')
    cd /Users/runner/work/Album-Prag/Album-Prag/DerivedData/SourcePackages/checkouts/supabase-swift
    write-file /Users/runner/work/Album-Prag/Album-Prag/DerivedData/Build/Intermediates.noindex/Supabase.build/Debug-iphonesimulator/Helpers.build/Helpers.DependencyMetadataFileList

Copy /Users/runner/work/Album-Prag/Album-Prag/DerivedData/Build/Intermediates.noindex/GeneratedModuleMaps-iphonesimulator/Helpers.modulemap /Users/runner/work/Album-Prag/Album-Prag/DerivedData/Build/Intermediates.noindex/Supabase.build/Debug-iphonesimulator/Helpers.build/Helpers.modulemap (in target 'Helpers' from project 'Supabase')
    cd /Users/runner/work/Album-Prag/Album-Prag/DerivedData/SourcePackages/checkouts/supabase-swift
    builtin-copy -exclude .DS_Store -exclude CVS -exclude .svn -exclude .git -exclude .hg -resolve-src-symlinks /Users/runner/work/Album-Prag/Album-Prag/DerivedData/Build/Intermediates.noindex/Supabase.build/Debug-iphonesimulator/Helpers.build/Helpers.modulemap /Users/runner/work/Album-Prag/Album-Prag/DerivedData/Build/Intermediates.noindex/GeneratedModuleMaps-iphonesimulator

WriteAuxiliaryFile /Users/runner/work/Album-Prag/Album-Prag/DerivedData/Build/Intermediates.noindex/swift-http-types.build/Debug-iphonesimulator/HTTPTypes.build/Objects-normal/arm64/HTTPTypes_const_extract_protocols.json (in target 'HTTPTypes' from project 'swift-http-types')
    cd /Users/runner/work/Album-Prag/Album-Prag/DerivedData/SourcePackages/checkouts/swift-http-types
    write-file /Users/runner/work/Album-Prag/Album-Prag/DerivedData/Build/Intermediates.noindex/swift-http-types.build/Debug-iphonesimulator/HTTPTypes.build/Objects-normal/arm64/HTTPTypes_const_extract_protocols.json

WriteAuxiliaryFile /Users/runner/work/Album-Prag/Album-Prag/DerivedData/Build/Intermediates.noindex/swift-http-types.build/Debug-iphonesimulator/HTTPTypes.build/Objects-normal/arm64/HTTPTypes.SwiftFileList (in target 'HTTPTypes' from project 'swift-http-types')
    cd /Users/runner/work/Album-Prag/Album-Prag/DerivedData/SourcePackages/checkouts/swift-http-types
    write-file /Users/runner/work/Album-Prag/Album-Prag/DerivedData/Build/Intermediates.noindex/swift-http-types.build/Debug-iphonesimulator/HTTPTypes.build/Objects-normal/arm64/HTTPTypes.SwiftFileList

WriteAuxiliaryFile /Users/runner/work/Album-Prag/Album-Prag/DerivedData/Build/Intermediates.noindex/swift-http-types.build/Debug-iphonesimulator/HTTPTypes.build/Objects-normal/arm64/HTTPTypes.SwiftConstValuesFileList (in target 'HTTPTypes' from project 'swift-http-types')
    cd /Users/runner/work/Album-Prag/Album-Prag/DerivedData/SourcePackages/checkouts/swift-http-types
    write-file /Users/runner/work/Album-Prag/Album-Prag/DerivedData/Build/Intermediates.noindex/swift-http-types.build/Debug-iphonesimulator/HTTPTypes.build/Objects-normal/arm64/HTTPTypes.SwiftConstValuesFileList

WriteAuxiliaryFile /Users/runner/work/Album-Prag/Album-Prag/DerivedData/Build/Intermediates.noindex/swift-http-types.build/Debug-iphonesimulator/HTTPTypes.build/Objects-normal/arm64/HTTPTypes.LinkFileList (in target 'HTTPTypes' from project 'swift-http-types')
    cd /Users/runner/work/Album-Prag/Album-Prag/DerivedData/SourcePackages/checkouts/swift-http-types
    write-file /Users/runner/work/Album-Prag/Album-Prag/DerivedData/Build/Intermediates.noindex/swift-http-types.build/Debug-iphonesimulator/HTTPTypes.build/Objects-normal/arm64/HTTPTypes.LinkFileList

WriteAuxiliaryFile /Users/runner/work/Album-Prag/Album-Prag/DerivedData/Build/Intermediates.noindex/swift-http-types.build/Debug-iphonesimulator/HTTPTypes.build/Objects-normal/arm64/HTTPTypes-OutputFileMap.json (in target 'HTTPTypes' from project 'swift-http-types')
    cd /Users/runner/work/Album-Prag/Album-Prag/DerivedData/SourcePackages/checkouts/swift-http-types
    write-file /Users/runner/work/Album-Prag/Album-Prag/DerivedData/Build/Intermediates.noindex/swift-http-types.build/Debug-iphonesimulator/HTTPTypes.build/Objects-normal/arm64/HTTPTypes-OutputFileMap.json

WriteAuxiliaryFile /Users/runner/work/Album-Prag/Album-Prag/DerivedData/Build/Intermediates.noindex/swift-http-types.build/Debug-iphonesimulator/HTTPTypes.build/HTTPTypes.modulemap (in target 'HTTPTypes' from project 'swift-http-types')
    cd /Users/runner/work/Album-Prag/Album-Prag/DerivedData/SourcePackages/checkouts/swift-http-types
    write-file /Users/runner/work/Album-Prag/Album-Prag/DerivedData/Build/Intermediates.noindex/swift-http-types.build/Debug-iphonesimulator/HTTPTypes.build/HTTPTypes.modulemap

WriteAuxiliaryFile /Users/runner/work/Album-Prag/Album-Prag/DerivedData/Build/Intermediates.noindex/swift-http-types.build/Debug-iphonesimulator/HTTPTypes.build/HTTPTypes.DependencyStaticMetadataFileList (in target 'HTTPTypes' from project 'swift-http-types')
    cd /Users/runner/work/Album-Prag/Album-Prag/DerivedData/SourcePackages/checkouts/swift-http-types
    write-file /Users/runner/work/Album-Prag/Album-Prag/DerivedData/Build/Intermediates.noindex/swift-http-types.build/Debug-iphonesimulator/HTTPTypes.build/HTTPTypes.DependencyStaticMetadataFileList

WriteAuxiliaryFile /Users/runner/work/Album-Prag/Album-Prag/DerivedData/Build/Intermediates.noindex/swift-http-types.build/Debug-iphonesimulator/HTTPTypes.build/HTTPTypes.DependencyMetadataFileList (in target 'HTTPTypes' from project 'swift-http-types')
    cd /Users/runner/work/Album-Prag/Album-Prag/DerivedData/SourcePackages/checkouts/swift-http-types
    write-file /Users/runner/work/Album-Prag/Album-Prag/DerivedData/Build/Intermediates.noindex/swift-http-types.build/Debug-iphonesimulator/HTTPTypes.build/HTTPTypes.DependencyMetadataFileList

Copy /Users/runner/work/Album-Prag/Album-Prag/DerivedData/Build/Intermediates.noindex/GeneratedModuleMaps-iphonesimulator/HTTPTypes.modulemap /Users/runner/work/Album-Prag/Album-Prag/DerivedData/Build/Intermediates.noindex/swift-http-types.build/Debug-iphonesimulator/HTTPTypes.build/HTTPTypes.modulemap (in target 'HTTPTypes' from project 'swift-http-types')
    cd /Users/runner/work/Album-Prag/Album-Prag/DerivedData/SourcePackages/checkouts/swift-http-types
    builtin-copy -exclude .DS_Store -exclude CVS -exclude .svn -exclude .git -exclude .hg -resolve-src-symlinks /Users/runner/work/Album-Prag/Album-Prag/DerivedData/Build/Intermediates.noindex/swift-http-types.build/Debug-iphonesimulator/HTTPTypes.build/HTTPTypes.modulemap /Users/runner/work/Album-Prag/Album-Prag/DerivedData/Build/Intermediates.noindex/GeneratedModuleMaps-iphonesimulator

WriteAuxiliaryFile /Users/runner/work/Album-Prag/Album-Prag/DerivedData/Build/Intermediates.noindex/Supabase.build/Debug-iphonesimulator/Functions.build/Objects-normal/arm64/Functions_const_extract_protocols.json (in target 'Functions' from project 'Supabase')
    cd /Users/runner/work/Album-Prag/Album-Prag/DerivedData/SourcePackages/checkouts/supabase-swift
    write-file /Users/runner/work/Album-Prag/Album-Prag/DerivedData/Build/Intermediates.noindex/Supabase.build/Debug-iphonesimulator/Functions.build/Objects-normal/arm64/Functions_const_extract_protocols.json

WriteAuxiliaryFile /Users/runner/work/Album-Prag/Album-Prag/DerivedData/Build/Intermediates.noindex/Supabase.build/Debug-iphonesimulator/Functions.build/Objects-normal/arm64/Functions.SwiftFileList (in target 'Functions' from project 'Supabase')
    cd /Users/runner/work/Album-Prag/Album-Prag/DerivedData/SourcePackages/checkouts/supabase-swift
    write-file /Users/runner/work/Album-Prag/Album-Prag/DerivedData/Build/Intermediates.noindex/Supabase.build/Debug-iphonesimulator/Functions.build/Objects-normal/arm64/Functions.SwiftFileList

WriteAuxiliaryFile /Users/runner/work/Album-Prag/Album-Prag/DerivedData/Build/Intermediates.noindex/Supabase.build/Debug-iphonesimulator/Functions.build/Objects-normal/arm64/Functions.SwiftConstValuesFileList (in target 'Functions' from project 'Supabase')
    cd /Users/runner/work/Album-Prag/Album-Prag/DerivedData/SourcePackages/checkouts/supabase-swift
    write-file /Users/runner/work/Album-Prag/Album-Prag/DerivedData/Build/Intermediates.noindex/Supabase.build/Debug-iphonesimulator/Functions.build/Objects-normal/arm64/Functions.SwiftConstValuesFileList

WriteAuxiliaryFile /Users/runner/work/Album-Prag/Album-Prag/DerivedData/Build/Intermediates.noindex/Supabase.build/Debug-iphonesimulator/Functions.build/Objects-normal/arm64/Functions.LinkFileList (in target 'Functions' from project 'Supabase')
    cd /Users/runner/work/Album-Prag/Album-Prag/DerivedData/SourcePackages/checkouts/supabase-swift
    write-file /Users/runner/work/Album-Prag/Album-Prag/DerivedData/Build/Intermediates.noindex/Supabase.build/Debug-iphonesimulator/Functions.build/Objects-normal/arm64/Functions.LinkFileList

WriteAuxiliaryFile /Users/runner/work/Album-Prag/Album-Prag/DerivedData/Build/Intermediates.noindex/Supabase.build/Debug-iphonesimulator/Functions.build/Objects-normal/arm64/Functions-OutputFileMap.json (in target 'Functions' from project 'Supabase')
    cd /Users/runner/work/Album-Prag/Album-Prag/DerivedData/SourcePackages/checkouts/supabase-swift
    write-file /Users/runner/work/Album-Prag/Album-Prag/DerivedData/Build/Intermediates.noindex/Supabase.build/Debug-iphonesimulator/Functions.build/Objects-normal/arm64/Functions-OutputFileMap.json

WriteAuxiliaryFile /Users/runner/work/Album-Prag/Album-Prag/DerivedData/Build/Intermediates.noindex/Supabase.build/Debug-iphonesimulator/Functions.build/Functions.modulemap (in target 'Functions' from project 'Supabase')
    cd /Users/runner/work/Album-Prag/Album-Prag/DerivedData/SourcePackages/checkouts/supabase-swift
    write-file /Users/runner/work/Album-Prag/Album-Prag/DerivedData/Build/Intermediates.noindex/Supabase.build/Debug-iphonesimulator/Functions.build/Functions.modulemap

WriteAuxiliaryFile /Users/runner/work/Album-Prag/Album-Prag/DerivedData/Build/Intermediates.noindex/Supabase.build/Debug-iphonesimulator/Functions.build/Functions.DependencyStaticMetadataFileList (in target 'Functions' from project 'Supabase')
    cd /Users/runner/work/Album-Prag/Album-Prag/DerivedData/SourcePackages/checkouts/supabase-swift
    write-file /Users/runner/work/Album-Prag/Album-Prag/DerivedData/Build/Intermediates.noindex/Supabase.build/Debug-iphonesimulator/Functions.build/Functions.DependencyStaticMetadataFileList

WriteAuxiliaryFile /Users/runner/work/Album-Prag/Album-Prag/DerivedData/Build/Intermediates.noindex/Supabase.build/Debug-iphonesimulator/Functions.build/Functions.DependencyMetadataFileList (in target 'Functions' from project 'Supabase')
    cd /Users/runner/work/Album-Prag/Album-Prag/DerivedData/SourcePackages/checkouts/supabase-swift
    write-file /Users/runner/work/Album-Prag/Album-Prag/DerivedData/Build/Intermediates.noindex/Supabase.build/Debug-iphonesimulator/Functions.build/Functions.DependencyMetadataFileList

WriteAuxiliaryFile /Users/runner/work/Album-Prag/Album-Prag/DerivedData/Build/Intermediates.noindex/swift-crypto.build/Debug-iphonesimulator/Crypto.build/Objects-normal/arm64/Crypto_const_extract_protocols.json (in target 'Crypto' from project 'swift-crypto')
    cd /Users/runner/work/Album-Prag/Album-Prag/DerivedData/SourcePackages/checkouts/swift-crypto
    write-file /Users/runner/work/Album-Prag/Album-Prag/DerivedData/Build/Intermediates.noindex/swift-crypto.build/Debug-iphonesimulator/Crypto.build/Objects-normal/arm64/Crypto_const_extract_protocols.json

Copy /Users/runner/work/Album-Prag/Album-Prag/DerivedData/Build/Intermediates.noindex/GeneratedModuleMaps-iphonesimulator/Functions.modulemap /Users/runner/work/Album-Prag/Album-Prag/DerivedData/Build/Intermediates.noindex/Supabase.build/Debug-iphonesimulator/Functions.build/Functions.modulemap (in target 'Functions' from project 'Supabase')
    cd /Users/runner/work/Album-Prag/Album-Prag/DerivedData/SourcePackages/checkouts/supabase-swift
    builtin-copy -exclude .DS_Store -exclude CVS -exclude .svn -exclude .git -exclude .hg -resolve-src-symlinks /Users/runner/work/Album-Prag/Album-Prag/DerivedData/Build/Intermediates.noindex/Supabase.build/Debug-iphonesimulator/Functions.build/Functions.modulemap /Users/runner/work/Album-Prag/Album-Prag/DerivedData/Build/Intermediates.noindex/GeneratedModuleMaps-iphonesimulator

WriteAuxiliaryFile /Users/runner/work/Album-Prag/Album-Prag/DerivedData/Build/Intermediates.noindex/swift-crypto.build/Debug-iphonesimulator/Crypto.build/Objects-normal/arm64/Crypto.SwiftFileList (in target 'Crypto' from project 'swift-crypto')
    cd /Users/runner/work/Album-Prag/Album-Prag/DerivedData/SourcePackages/checkouts/swift-crypto
    write-file /Users/runner/work/Album-Prag/Album-Prag/DerivedData/Build/Intermediates.noindex/swift-crypto.build/Debug-iphonesimulator/Crypto.build/Objects-normal/arm64/Crypto.SwiftFileList

WriteAuxiliaryFile /Users/runner/work/Album-Prag/Album-Prag/DerivedData/Build/Intermediates.noindex/swift-crypto.build/Debug-iphonesimulator/Crypto.build/Objects-normal/arm64/Crypto.SwiftConstValuesFileList (in target 'Crypto' from project 'swift-crypto')
    cd /Users/runner/work/Album-Prag/Album-Prag/DerivedData/SourcePackages/checkouts/swift-crypto
    write-file /Users/runner/work/Album-Prag/Album-Prag/DerivedData/Build/Intermediates.noindex/swift-crypto.build/Debug-iphonesimulator/Crypto.build/Objects-normal/arm64/Crypto.SwiftConstValuesFileList

WriteAuxiliaryFile /Users/runner/work/Album-Prag/Album-Prag/DerivedData/Build/Intermediates.noindex/swift-crypto.build/Debug-iphonesimulator/Crypto.build/Objects-normal/arm64/Crypto.LinkFileList (in target 'Crypto' from project 'swift-crypto')
    cd /Users/runner/work/Album-Prag/Album-Prag/DerivedData/SourcePackages/checkouts/swift-crypto
    write-file /Users/runner/work/Album-Prag/Album-Prag/DerivedData/Build/Intermediates.noindex/swift-crypto.build/Debug-iphonesimulator/Crypto.build/Objects-normal/arm64/Crypto.LinkFileList

WriteAuxiliaryFile /Users/runner/work/Album-Prag/Album-Prag/DerivedData/Build/Intermediates.noindex/swift-crypto.build/Debug-iphonesimulator/Crypto.build/Objects-normal/arm64/Crypto-OutputFileMap.json (in target 'Crypto' from project 'swift-crypto')
    cd /Users/runner/work/Album-Prag/Album-Prag/DerivedData/SourcePackages/checkouts/swift-crypto
    write-file /Users/runner/work/Album-Prag/Album-Prag/DerivedData/Build/Intermediates.noindex/swift-crypto.build/Debug-iphonesimulator/Crypto.build/Objects-normal/arm64/Crypto-OutputFileMap.json

WriteAuxiliaryFile /Users/runner/work/Album-Prag/Album-Prag/DerivedData/Build/Intermediates.noindex/swift-crypto.build/Debug-iphonesimulator/Crypto.build/DerivedSources/resource_bundle_accessor.swift (in target 'Crypto' from project 'swift-crypto')
    cd /Users/runner/work/Album-Prag/Album-Prag/DerivedData/SourcePackages/checkouts/swift-crypto
    write-file /Users/runner/work/Album-Prag/Album-Prag/DerivedData/Build/Intermediates.noindex/swift-crypto.build/Debug-iphonesimulator/Crypto.build/DerivedSources/resource_bundle_accessor.swift

WriteAuxiliaryFile /Users/runner/work/Album-Prag/Album-Prag/DerivedData/Build/Intermediates.noindex/swift-crypto.build/Debug-iphonesimulator/Crypto.build/Crypto.modulemap (in target 'Crypto' from project 'swift-crypto')
    cd /Users/runner/work/Album-Prag/Album-Prag/DerivedData/SourcePackages/checkouts/swift-crypto
    write-file /Users/runner/work/Album-Prag/Album-Prag/DerivedData/Build/Intermediates.noindex/swift-crypto.build/Debug-iphonesimulator/Crypto.build/Crypto.modulemap

WriteAuxiliaryFile /Users/runner/work/Album-Prag/Album-Prag/DerivedData/Build/Intermediates.noindex/swift-crypto.build/Debug-iphonesimulator/Crypto.build/Crypto.DependencyStaticMetadataFileList (in target 'Crypto' from project 'swift-crypto')
    cd /Users/runner/work/Album-Prag/Album-Prag/DerivedData/SourcePackages/checkouts/swift-crypto
    write-file /Users/runner/work/Album-Prag/Album-Prag/DerivedData/Build/Intermediates.noindex/swift-crypto.build/Debug-iphonesimulator/Crypto.build/Crypto.DependencyStaticMetadataFileList

WriteAuxiliaryFile /Users/runner/work/Album-Prag/Album-Prag/DerivedData/Build/Intermediates.noindex/swift-crypto.build/Debug-iphonesimulator/Crypto.build/Crypto.DependencyMetadataFileList (in target 'Crypto' from project 'swift-crypto')
    cd /Users/runner/work/Album-Prag/Album-Prag/DerivedData/SourcePackages/checkouts/swift-crypto
    write-file /Users/runner/work/Album-Prag/Album-Prag/DerivedData/Build/Intermediates.noindex/swift-crypto.build/Debug-iphonesimulator/Crypto.build/Crypto.DependencyMetadataFileList

WriteAuxiliaryFile /Users/runner/work/Album-Prag/Album-Prag/DerivedData/Build/Intermediates.noindex/swift-concurrency-extras.build/Debug-iphonesimulator/ConcurrencyExtras.build/Objects-normal/arm64/ConcurrencyExtras_const_extract_protocols.json (in target 'ConcurrencyExtras' from project 'swift-concurrency-extras')
    cd /Users/runner/work/Album-Prag/Album-Prag/DerivedData/SourcePackages/checkouts/swift-concurrency-extras
    write-file /Users/runner/work/Album-Prag/Album-Prag/DerivedData/Build/Intermediates.noindex/swift-concurrency-extras.build/Debug-iphonesimulator/ConcurrencyExtras.build/Objects-normal/arm64/ConcurrencyExtras_const_extract_protocols.json

Copy /Users/runner/work/Album-Prag/Album-Prag/DerivedData/Build/Intermediates.noindex/GeneratedModuleMaps-iphonesimulator/Crypto.modulemap /Users/runner/work/Album-Prag/Album-Prag/DerivedData/Build/Intermediates.noindex/swift-crypto.build/Debug-iphonesimulator/Crypto.build/Crypto.modulemap (in target 'Crypto' from project 'swift-crypto')
    cd /Users/runner/work/Album-Prag/Album-Prag/DerivedData/SourcePackages/checkouts/swift-crypto
    builtin-copy -exclude .DS_Store -exclude CVS -exclude .svn -exclude .git -exclude .hg -resolve-src-symlinks /Users/runner/work/Album-Prag/Album-Prag/DerivedData/Build/Intermediates.noindex/swift-crypto.build/Debug-iphonesimulator/Crypto.build/Crypto.modulemap /Users/runner/work/Album-Prag/Album-Prag/DerivedData/Build/Intermediates.noindex/GeneratedModuleMaps-iphonesimulator

WriteAuxiliaryFile /Users/runner/work/Album-Prag/Album-Prag/DerivedData/Build/Intermediates.noindex/swift-concurrency-extras.build/Debug-iphonesimulator/ConcurrencyExtras.build/Objects-normal/arm64/ConcurrencyExtras.SwiftFileList (in target 'ConcurrencyExtras' from project 'swift-concurrency-extras')
    cd /Users/runner/work/Album-Prag/Album-Prag/DerivedData/SourcePackages/checkouts/swift-concurrency-extras
    write-file /Users/runner/work/Album-Prag/Album-Prag/DerivedData/Build/Intermediates.noindex/swift-concurrency-extras.build/Debug-iphonesimulator/ConcurrencyExtras.build/Objects-normal/arm64/ConcurrencyExtras.SwiftFileList

WriteAuxiliaryFile /Users/runner/work/Album-Prag/Album-Prag/DerivedData/Build/Intermediates.noindex/swift-concurrency-extras.build/Debug-iphonesimulator/ConcurrencyExtras.build/Objects-normal/arm64/ConcurrencyExtras.SwiftConstValuesFileList (in target 'ConcurrencyExtras' from project 'swift-concurrency-extras')
    cd /Users/runner/work/Album-Prag/Album-Prag/DerivedData/SourcePackages/checkouts/swift-concurrency-extras
    write-file /Users/runner/work/Album-Prag/Album-Prag/DerivedData/Build/Intermediates.noindex/swift-concurrency-extras.build/Debug-iphonesimulator/ConcurrencyExtras.build/Objects-normal/arm64/ConcurrencyExtras.SwiftConstValuesFileList

WriteAuxiliaryFile /Users/runner/work/Album-Prag/Album-Prag/DerivedData/Build/Intermediates.noindex/swift-concurrency-extras.build/Debug-iphonesimulator/ConcurrencyExtras.build/Objects-normal/arm64/ConcurrencyExtras.LinkFileList (in target 'ConcurrencyExtras' from project 'swift-concurrency-extras')
    cd /Users/runner/work/Album-Prag/Album-Prag/DerivedData/SourcePackages/checkouts/swift-concurrency-extras
    write-file /Users/runner/work/Album-Prag/Album-Prag/DerivedData/Build/Intermediates.noindex/swift-concurrency-extras.build/Debug-iphonesimulator/ConcurrencyExtras.build/Objects-normal/arm64/ConcurrencyExtras.LinkFileList

WriteAuxiliaryFile /Users/runner/work/Album-Prag/Album-Prag/DerivedData/Build/Intermediates.noindex/swift-concurrency-extras.build/Debug-iphonesimulator/ConcurrencyExtras.build/Objects-normal/arm64/ConcurrencyExtras-OutputFileMap.json (in target 'ConcurrencyExtras' from project 'swift-concurrency-extras')
    cd /Users/runner/work/Album-Prag/Album-Prag/DerivedData/SourcePackages/checkouts/swift-concurrency-extras
    write-file /Users/runner/work/Album-Prag/Album-Prag/DerivedData/Build/Intermediates.noindex/swift-concurrency-extras.build/Debug-iphonesimulator/ConcurrencyExtras.build/Objects-normal/arm64/ConcurrencyExtras-OutputFileMap.json

WriteAuxiliaryFile /Users/runner/work/Album-Prag/Album-Prag/DerivedData/Build/Intermediates.noindex/swift-concurrency-extras.build/Debug-iphonesimulator/ConcurrencyExtras.build/ConcurrencyExtras.modulemap (in target 'ConcurrencyExtras' from project 'swift-concurrency-extras')
    cd /Users/runner/work/Album-Prag/Album-Prag/DerivedData/SourcePackages/checkouts/swift-concurrency-extras
    write-file /Users/runner/work/Album-Prag/Album-Prag/DerivedData/Build/Intermediates.noindex/swift-concurrency-extras.build/Debug-iphonesimulator/ConcurrencyExtras.build/ConcurrencyExtras.modulemap

WriteAuxiliaryFile /Users/runner/work/Album-Prag/Album-Prag/DerivedData/Build/Intermediates.noindex/swift-concurrency-extras.build/Debug-iphonesimulator/ConcurrencyExtras.build/ConcurrencyExtras.DependencyStaticMetadataFileList (in target 'ConcurrencyExtras' from project 'swift-concurrency-extras')
    cd /Users/runner/work/Album-Prag/Album-Prag/DerivedData/SourcePackages/checkouts/swift-concurrency-extras
    write-file /Users/runner/work/Album-Prag/Album-Prag/DerivedData/Build/Intermediates.noindex/swift-concurrency-extras.build/Debug-iphonesimulator/ConcurrencyExtras.build/ConcurrencyExtras.DependencyStaticMetadataFileList

WriteAuxiliaryFile /Users/runner/work/Album-Prag/Album-Prag/DerivedData/Build/Intermediates.noindex/swift-concurrency-extras.build/Debug-iphonesimulator/ConcurrencyExtras.build/ConcurrencyExtras.DependencyMetadataFileList (in target 'ConcurrencyExtras' from project 'swift-concurrency-extras')
    cd /Users/runner/work/Album-Prag/Album-Prag/DerivedData/SourcePackages/checkouts/swift-concurrency-extras
    write-file /Users/runner/work/Album-Prag/Album-Prag/DerivedData/Build/Intermediates.noindex/swift-concurrency-extras.build/Debug-iphonesimulator/ConcurrencyExtras.build/ConcurrencyExtras.DependencyMetadataFileList

Copy /Users/runner/work/Album-Prag/Album-Prag/DerivedData/Build/Intermediates.noindex/GeneratedModuleMaps-iphonesimulator/ConcurrencyExtras.modulemap /Users/runner/work/Album-Prag/Album-Prag/DerivedData/Build/Intermediates.noindex/swift-concurrency-extras.build/Debug-iphonesimulator/ConcurrencyExtras.build/ConcurrencyExtras.modulemap (in target 'ConcurrencyExtras' from project 'swift-concurrency-extras')
    cd /Users/runner/work/Album-Prag/Album-Prag/DerivedData/SourcePackages/checkouts/swift-concurrency-extras
    builtin-copy -exclude .DS_Store -exclude CVS -exclude .svn -exclude .git -exclude .hg -resolve-src-symlinks /Users/runner/work/Album-Prag/Album-Prag/DerivedData/Build/Intermediates.noindex/swift-concurrency-extras.build/Debug-iphonesimulator/ConcurrencyExtras.build/ConcurrencyExtras.modulemap /Users/runner/work/Album-Prag/Album-Prag/DerivedData/Build/Intermediates.noindex/GeneratedModuleMaps-iphonesimulator

WriteAuxiliaryFile /Users/runner/work/Album-Prag/Album-Prag/DerivedData/Build/Intermediates.noindex/swift-clocks.build/Debug-iphonesimulator/Clocks.build/Objects-normal/arm64/Clocks_const_extract_protocols.json (in target 'Clocks' from project 'swift-clocks')
    cd /Users/runner/work/Album-Prag/Album-Prag/DerivedData/SourcePackages/checkouts/swift-clocks
    write-file /Users/runner/work/Album-Prag/Album-Prag/DerivedData/Build/Intermediates.noindex/swift-clocks.build/Debug-iphonesimulator/Clocks.build/Objects-normal/arm64/Clocks_const_extract_protocols.json

WriteAuxiliaryFile /Users/runner/work/Album-Prag/Album-Prag/DerivedData/Build/Intermediates.noindex/swift-clocks.build/Debug-iphonesimulator/Clocks.build/Objects-normal/arm64/Clocks.SwiftFileList (in target 'Clocks' from project 'swift-clocks')
    cd /Users/runner/work/Album-Prag/Album-Prag/DerivedData/SourcePackages/checkouts/swift-clocks
    write-file /Users/runner/work/Album-Prag/Album-Prag/DerivedData/Build/Intermediates.noindex/swift-clocks.build/Debug-iphonesimulator/Clocks.build/Objects-normal/arm64/Clocks.SwiftFileList

WriteAuxiliaryFile /Users/runner/work/Album-Prag/Album-Prag/DerivedData/Build/Intermediates.noindex/swift-clocks.build/Debug-iphonesimulator/Clocks.build/Objects-normal/arm64/Clocks.SwiftConstValuesFileList (in target 'Clocks' from project 'swift-clocks')
    cd /Users/runner/work/Album-Prag/Album-Prag/DerivedData/SourcePackages/checkouts/swift-clocks
    write-file /Users/runner/work/Album-Prag/Album-Prag/DerivedData/Build/Intermediates.noindex/swift-clocks.build/Debug-iphonesimulator/Clocks.build/Objects-normal/arm64/Clocks.SwiftConstValuesFileList

WriteAuxiliaryFile /Users/runner/work/Album-Prag/Album-Prag/DerivedData/Build/Intermediates.noindex/swift-clocks.build/Debug-iphonesimulator/Clocks.build/Objects-normal/arm64/Clocks.LinkFileList (in target 'Clocks' from project 'swift-clocks')
    cd /Users/runner/work/Album-Prag/Album-Prag/DerivedData/SourcePackages/checkouts/swift-clocks
    write-file /Users/runner/work/Album-Prag/Album-Prag/DerivedData/Build/Intermediates.noindex/swift-clocks.build/Debug-iphonesimulator/Clocks.build/Objects-normal/arm64/Clocks.LinkFileList

WriteAuxiliaryFile /Users/runner/work/Album-Prag/Album-Prag/DerivedData/Build/Intermediates.noindex/swift-clocks.build/Debug-iphonesimulator/Clocks.build/Objects-normal/arm64/Clocks-OutputFileMap.json (in target 'Clocks' from project 'swift-clocks')
    cd /Users/runner/work/Album-Prag/Album-Prag/DerivedData/SourcePackages/checkouts/swift-clocks
    write-file /Users/runner/work/Album-Prag/Album-Prag/DerivedData/Build/Intermediates.noindex/swift-clocks.build/Debug-iphonesimulator/Clocks.build/Objects-normal/arm64/Clocks-OutputFileMap.json

WriteAuxiliaryFile /Users/runner/work/Album-Prag/Album-Prag/DerivedData/Build/Intermediates.noindex/swift-clocks.build/Debug-iphonesimulator/Clocks.build/Clocks.modulemap (in target 'Clocks' from project 'swift-clocks')
    cd /Users/runner/work/Album-Prag/Album-Prag/DerivedData/SourcePackages/checkouts/swift-clocks
    write-file /Users/runner/work/Album-Prag/Album-Prag/DerivedData/Build/Intermediates.noindex/swift-clocks.build/Debug-iphonesimulator/Clocks.build/Clocks.modulemap

WriteAuxiliaryFile /Users/runner/work/Album-Prag/Album-Prag/DerivedData/Build/Intermediates.noindex/swift-clocks.build/Debug-iphonesimulator/Clocks.build/Clocks.DependencyStaticMetadataFileList (in target 'Clocks' from project 'swift-clocks')
    cd /Users/runner/work/Album-Prag/Album-Prag/DerivedData/SourcePackages/checkouts/swift-clocks
    write-file /Users/runner/work/Album-Prag/Album-Prag/DerivedData/Build/Intermediates.noindex/swift-clocks.build/Debug-iphonesimulator/Clocks.build/Clocks.DependencyStaticMetadataFileList

WriteAuxiliaryFile /Users/runner/work/Album-Prag/Album-Prag/DerivedData/Build/Intermediates.noindex/swift-clocks.build/Debug-iphonesimulator/Clocks.build/Clocks.DependencyMetadataFileList (in target 'Clocks' from project 'swift-clocks')
    cd /Users/runner/work/Album-Prag/Album-Prag/DerivedData/SourcePackages/checkouts/swift-clocks
    write-file /Users/runner/work/Album-Prag/Album-Prag/DerivedData/Build/Intermediates.noindex/swift-clocks.build/Debug-iphonesimulator/Clocks.build/Clocks.DependencyMetadataFileList

WriteAuxiliaryFile /Users/runner/work/Album-Prag/Album-Prag/DerivedData/Build/Intermediates.noindex/Supabase.build/Debug-iphonesimulator/Auth.build/Objects-normal/arm64/Auth_const_extract_protocols.json (in target 'Auth' from project 'Supabase')
    cd /Users/runner/work/Album-Prag/Album-Prag/DerivedData/SourcePackages/checkouts/supabase-swift
    write-file /Users/runner/work/Album-Prag/Album-Prag/DerivedData/Build/Intermediates.noindex/Supabase.build/Debug-iphonesimulator/Auth.build/Objects-normal/arm64/Auth_const_extract_protocols.json

Copy /Users/runner/work/Album-Prag/Album-Prag/DerivedData/Build/Intermediates.noindex/GeneratedModuleMaps-iphonesimulator/Clocks.modulemap /Users/runner/work/Album-Prag/Album-Prag/DerivedData/Build/Intermediates.noindex/swift-clocks.build/Debug-iphonesimulator/Clocks.build/Clocks.modulemap (in target 'Clocks' from project 'swift-clocks')
    cd /Users/runner/work/Album-Prag/Album-Prag/DerivedData/SourcePackages/checkouts/swift-clocks
    builtin-copy -exclude .DS_Store -exclude CVS -exclude .svn -exclude .git -exclude .hg -resolve-src-symlinks /Users/runner/work/Album-Prag/Album-Prag/DerivedData/Build/Intermediates.noindex/swift-clocks.build/Debug-iphonesimulator/Clocks.build/Clocks.modulemap /Users/runner/work/Album-Prag/Album-Prag/DerivedData/Build/Intermediates.noindex/GeneratedModuleMaps-iphonesimulator

WriteAuxiliaryFile /Users/runner/work/Album-Prag/Album-Prag/DerivedData/Build/Intermediates.noindex/Supabase.build/Debug-iphonesimulator/Auth.build/Objects-normal/arm64/Auth.SwiftFileList (in target 'Auth' from project 'Supabase')
    cd /Users/runner/work/Album-Prag/Album-Prag/DerivedData/SourcePackages/checkouts/supabase-swift
    write-file /Users/runner/work/Album-Prag/Album-Prag/DerivedData/Build/Intermediates.noindex/Supabase.build/Debug-iphonesimulator/Auth.build/Objects-normal/arm64/Auth.SwiftFileList

WriteAuxiliaryFile /Users/runner/work/Album-Prag/Album-Prag/DerivedData/Build/Intermediates.noindex/Supabase.build/Debug-iphonesimulator/Auth.build/Objects-normal/arm64/Auth.SwiftConstValuesFileList (in target 'Auth' from project 'Supabase')
    cd /Users/runner/work/Album-Prag/Album-Prag/DerivedData/SourcePackages/checkouts/supabase-swift
    write-file /Users/runner/work/Album-Prag/Album-Prag/DerivedData/Build/Intermediates.noindex/Supabase.build/Debug-iphonesimulator/Auth.build/Objects-normal/arm64/Auth.SwiftConstValuesFileList

WriteAuxiliaryFile /Users/runner/work/Album-Prag/Album-Prag/DerivedData/Build/Intermediates.noindex/Supabase.build/Debug-iphonesimulator/Auth.build/Objects-normal/arm64/Auth.LinkFileList (in target 'Auth' from project 'Supabase')
    cd /Users/runner/work/Album-Prag/Album-Prag/DerivedData/SourcePackages/checkouts/supabase-swift
    write-file /Users/runner/work/Album-Prag/Album-Prag/DerivedData/Build/Intermediates.noindex/Supabase.build/Debug-iphonesimulator/Auth.build/Objects-normal/arm64/Auth.LinkFileList

WriteAuxiliaryFile /Users/runner/work/Album-Prag/Album-Prag/DerivedData/Build/Intermediates.noindex/Supabase.build/Debug-iphonesimulator/Auth.build/Objects-normal/arm64/Auth-OutputFileMap.json (in target 'Auth' from project 'Supabase')
    cd /Users/runner/work/Album-Prag/Album-Prag/DerivedData/SourcePackages/checkouts/supabase-swift
    write-file /Users/runner/work/Album-Prag/Album-Prag/DerivedData/Build/Intermediates.noindex/Supabase.build/Debug-iphonesimulator/Auth.build/Objects-normal/arm64/Auth-OutputFileMap.json

WriteAuxiliaryFile /Users/runner/work/Album-Prag/Album-Prag/DerivedData/Build/Intermediates.noindex/Supabase.build/Debug-iphonesimulator/Auth.build/Auth.modulemap (in target 'Auth' from project 'Supabase')
    cd /Users/runner/work/Album-Prag/Album-Prag/DerivedData/SourcePackages/checkouts/supabase-swift
    write-file /Users/runner/work/Album-Prag/Album-Prag/DerivedData/Build/Intermediates.noindex/Supabase.build/Debug-iphonesimulator/Auth.build/Auth.modulemap

WriteAuxiliaryFile /Users/runner/work/Album-Prag/Album-Prag/DerivedData/Build/Intermediates.noindex/Supabase.build/Debug-iphonesimulator/Auth.build/Auth.DependencyStaticMetadataFileList (in target 'Auth' from project 'Supabase')
    cd /Users/runner/work/Album-Prag/Album-Prag/DerivedData/SourcePackages/checkouts/supabase-swift
    write-file /Users/runner/work/Album-Prag/Album-Prag/DerivedData/Build/Intermediates.noindex/Supabase.build/Debug-iphonesimulator/Auth.build/Auth.DependencyStaticMetadataFileList

WriteAuxiliaryFile /Users/runner/work/Album-Prag/Album-Prag/DerivedData/Build/Intermediates.noindex/Supabase.build/Debug-iphonesimulator/Auth.build/Auth.DependencyMetadataFileList (in target 'Auth' from project 'Supabase')
    cd /Users/runner/work/Album-Prag/Album-Prag/DerivedData/SourcePackages/checkouts/supabase-swift
    write-file /Users/runner/work/Album-Prag/Album-Prag/DerivedData/Build/Intermediates.noindex/Supabase.build/Debug-iphonesimulator/Auth.build/Auth.DependencyMetadataFileList

WriteAuxiliaryFile /Users/runner/work/Album-Prag/Album-Prag/DerivedData/Build/Intermediates.noindex/Album.build/Debug-iphonesimulator/AlbumUITests.build/empty-AlbumUITests.plist (in target 'AlbumUITests' from project 'Album')
    cd /Users/runner/work/Album-Prag/Album-Prag
    write-file /Users/runner/work/Album-Prag/Album-Prag/DerivedData/Build/Intermediates.noindex/Album.build/Debug-iphonesimulator/AlbumUITests.build/empty-AlbumUITests.plist

Copy /Users/runner/work/Album-Prag/Album-Prag/DerivedData/Build/Intermediates.noindex/GeneratedModuleMaps-iphonesimulator/Auth.modulemap /Users/runner/work/Album-Prag/Album-Prag/DerivedData/Build/Intermediates.noindex/Supabase.build/Debug-iphonesimulator/Auth.build/Auth.modulemap (in target 'Auth' from project 'Supabase')
    cd /Users/runner/work/Album-Prag/Album-Prag/DerivedData/SourcePackages/checkouts/supabase-swift
    builtin-copy -exclude .DS_Store -exclude CVS -exclude .svn -exclude .git -exclude .hg -resolve-src-symlinks /Users/runner/work/Album-Prag/Album-Prag/DerivedData/Build/Intermediates.noindex/Supabase.build/Debug-iphonesimulator/Auth.build/Auth.modulemap /Users/runner/work/Album-Prag/Album-Prag/DerivedData/Build/Intermediates.noindex/GeneratedModuleMaps-iphonesimulator

WriteAuxiliaryFile /Users/runner/work/Album-Prag/Album-Prag/DerivedData/Build/Intermediates.noindex/Album.build/Debug-iphonesimulator/AlbumUITests.build/ProductTypeInfoPlistAdditions.plist (in target 'AlbumUITests' from project 'Album')
    cd /Users/runner/work/Album-Prag/Album-Prag
    write-file /Users/runner/work/Album-Prag/Album-Prag/DerivedData/Build/Intermediates.noindex/Album.build/Debug-iphonesimulator/AlbumUITests.build/ProductTypeInfoPlistAdditions.plist

WriteAuxiliaryFile /Users/runner/work/Album-Prag/Album-Prag/DerivedData/Build/Intermediates.noindex/Album.build/Debug-iphonesimulator/AlbumUITests.build/Objects-normal/arm64/AlbumUITests_const_extract_protocols.json (in target 'AlbumUITests' from project 'Album')
    cd /Users/runner/work/Album-Prag/Album-Prag
    write-file /Users/runner/work/Album-Prag/Album-Prag/DerivedData/Build/Intermediates.noindex/Album.build/Debug-iphonesimulator/AlbumUITests.build/Objects-normal/arm64/AlbumUITests_const_extract_protocols.json

WriteAuxiliaryFile /Users/runner/work/Album-Prag/Album-Prag/DerivedData/Build/Intermediates.noindex/Album.build/Debug-iphonesimulator/AlbumUITests.build/Objects-normal/arm64/AlbumUITests.SwiftFileList (in target 'AlbumUITests' from project 'Album')
    cd /Users/runner/work/Album-Prag/Album-Prag
    write-file /Users/runner/work/Album-Prag/Album-Prag/DerivedData/Build/Intermediates.noindex/Album.build/Debug-iphonesimulator/AlbumUITests.build/Objects-normal/arm64/AlbumUITests.SwiftFileList

WriteAuxiliaryFile /Users/runner/work/Album-Prag/Album-Prag/DerivedData/Build/Intermediates.noindex/Album.build/Debug-iphonesimulator/AlbumUITests.build/Objects-normal/arm64/AlbumUITests.SwiftConstValuesFileList (in target 'AlbumUITests' from project 'Album')
    cd /Users/runner/work/Album-Prag/Album-Prag
    write-file /Users/runner/work/Album-Prag/Album-Prag/DerivedData/Build/Intermediates.noindex/Album.build/Debug-iphonesimulator/AlbumUITests.build/Objects-normal/arm64/AlbumUITests.SwiftConstValuesFileList

WriteAuxiliaryFile /Users/runner/work/Album-Prag/Album-Prag/DerivedData/Build/Intermediates.noindex/Album.build/Debug-iphonesimulator/AlbumUITests.build/Objects-normal/arm64/AlbumUITests.LinkFileList (in target 'AlbumUITests' from project 'Album')
    cd /Users/runner/work/Album-Prag/Album-Prag
    write-file /Users/runner/work/Album-Prag/Album-Prag/DerivedData/Build/Intermediates.noindex/Album.build/Debug-iphonesimulator/AlbumUITests.build/Objects-normal/arm64/AlbumUITests.LinkFileList

WriteAuxiliaryFile /Users/runner/work/Album-Prag/Album-Prag/DerivedData/Build/Intermediates.noindex/Album.build/Debug-iphonesimulator/AlbumUITests.build/Objects-normal/arm64/AlbumUITests-OutputFileMap.json (in target 'AlbumUITests' from project 'Album')
    cd /Users/runner/work/Album-Prag/Album-Prag
    write-file /Users/runner/work/Album-Prag/Album-Prag/DerivedData/Build/Intermediates.noindex/Album.build/Debug-iphonesimulator/AlbumUITests.build/Objects-normal/arm64/AlbumUITests-OutputFileMap.json

WriteAuxiliaryFile /Users/runner/work/Album-Prag/Album-Prag/DerivedData/Build/Intermediates.noindex/Album.build/Debug-iphonesimulator/AlbumUITests.build/DerivedSources/Entitlements-Simulated.plist (in target 'AlbumUITests' from project 'Album')
    cd /Users/runner/work/Album-Prag/Album-Prag
    write-file /Users/runner/work/Album-Prag/Album-Prag/DerivedData/Build/Intermediates.noindex/Album.build/Debug-iphonesimulator/AlbumUITests.build/DerivedSources/Entitlements-Simulated.plist

WriteAuxiliaryFile /Users/runner/work/Album-Prag/Album-Prag/DerivedData/Build/Intermediates.noindex/Album.build/Debug-iphonesimulator/AlbumUITests.build/AlbumUITests.hmap (in target 'AlbumUITests' from project 'Album')
    cd /Users/runner/work/Album-Prag/Album-Prag
    write-file /Users/runner/work/Album-Prag/Album-Prag/DerivedData/Build/Intermediates.noindex/Album.build/Debug-iphonesimulator/AlbumUITests.build/AlbumUITests.hmap

WriteAuxiliaryFile /Users/runner/work/Album-Prag/Album-Prag/DerivedData/Build/Intermediates.noindex/Album.build/Debug-iphonesimulator/AlbumUITests.build/AlbumUITests.DependencyStaticMetadataFileList (in target 'AlbumUITests' from project 'Album')
    cd /Users/runner/work/Album-Prag/Album-Prag
    write-file /Users/runner/work/Album-Prag/Album-Prag/DerivedData/Build/Intermediates.noindex/Album.build/Debug-iphonesimulator/AlbumUITests.build/AlbumUITests.DependencyStaticMetadataFileList

WriteAuxiliaryFile /Users/runner/work/Album-Prag/Album-Prag/DerivedData/Build/Intermediates.noindex/Album.build/Debug-iphonesimulator/AlbumUITests.build/AlbumUITests.DependencyMetadataFileList (in target 'AlbumUITests' from project 'Album')
    cd /Users/runner/work/Album-Prag/Album-Prag
    write-file /Users/runner/work/Album-Prag/Album-Prag/DerivedData/Build/Intermediates.noindex/Album.build/Debug-iphonesimulator/AlbumUITests.build/AlbumUITests.DependencyMetadataFileList

WriteAuxiliaryFile /Users/runner/work/Album-Prag/Album-Prag/DerivedData/Build/Intermediates.noindex/Album.build/Debug-iphonesimulator/AlbumUITests.build/AlbumUITests-project-headers.hmap (in target 'AlbumUITests' from project 'Album')
    cd /Users/runner/work/Album-Prag/Album-Prag
    write-file /Users/runner/work/Album-Prag/Album-Prag/DerivedData/Build/Intermediates.noindex/Album.build/Debug-iphonesimulator/AlbumUITests.build/AlbumUITests-project-headers.hmap

WriteAuxiliaryFile /Users/runner/work/Album-Prag/Album-Prag/DerivedData/Build/Intermediates.noindex/Album.build/Debug-iphonesimulator/AlbumUITests.build/AlbumUITests-own-target-headers.hmap (in target 'AlbumUITests' from project 'Album')
    cd /Users/runner/work/Album-Prag/Album-Prag
    write-file /Users/runner/work/Album-Prag/Album-Prag/DerivedData/Build/Intermediates.noindex/Album.build/Debug-iphonesimulator/AlbumUITests.build/AlbumUITests-own-target-headers.hmap

WriteAuxiliaryFile /Users/runner/work/Album-Prag/Album-Prag/DerivedData/Build/Intermediates.noindex/Album.build/Debug-iphonesimulator/AlbumUITests.build/AlbumUITests-generated-files.hmap (in target 'AlbumUITests' from project 'Album')
    cd /Users/runner/work/Album-Prag/Album-Prag
    write-file /Users/runner/work/Album-Prag/Album-Prag/DerivedData/Build/Intermediates.noindex/Album.build/Debug-iphonesimulator/AlbumUITests.build/AlbumUITests-generated-files.hmap

WriteAuxiliaryFile /Users/runner/work/Album-Prag/Album-Prag/DerivedData/Build/Intermediates.noindex/Album.build/Debug-iphonesimulator/AlbumUITests.build/AlbumUITests-all-target-headers.hmap (in target 'AlbumUITests' from project 'Album')
    cd /Users/runner/work/Album-Prag/Album-Prag
    write-file /Users/runner/work/Album-Prag/Album-Prag/DerivedData/Build/Intermediates.noindex/Album.build/Debug-iphonesimulator/AlbumUITests.build/AlbumUITests-all-target-headers.hmap

WriteAuxiliaryFile /Users/runner/work/Album-Prag/Album-Prag/DerivedData/Build/Intermediates.noindex/Album.build/Debug-iphonesimulator/AlbumUITests.build/AlbumUITests-all-non-framework-target-headers.hmap (in target 'AlbumUITests' from project 'Album')
    cd /Users/runner/work/Album-Prag/Album-Prag
    write-file /Users/runner/work/Album-Prag/Album-Prag/DerivedData/Build/Intermediates.noindex/Album.build/Debug-iphonesimulator/AlbumUITests.build/AlbumUITests-all-non-framework-target-headers.hmap

WriteAuxiliaryFile /Users/runner/work/Album-Prag/Album-Prag/DerivedData/Build/Intermediates.noindex/Album.build/Debug-iphonesimulator/AlbumTests.build/empty-AlbumTests.plist (in target 'AlbumTests' from project 'Album')
    cd /Users/runner/work/Album-Prag/Album-Prag
    write-file /Users/runner/work/Album-Prag/Album-Prag/DerivedData/Build/Intermediates.noindex/Album.build/Debug-iphonesimulator/AlbumTests.build/empty-AlbumTests.plist

WriteAuxiliaryFile /Users/runner/work/Album-Prag/Album-Prag/DerivedData/Build/Intermediates.noindex/Album.build/Debug-iphonesimulator/AlbumTests.build/Objects-normal/arm64/AlbumTests_const_extract_protocols.json (in target 'AlbumTests' from project 'Album')
    cd /Users/runner/work/Album-Prag/Album-Prag
    write-file /Users/runner/work/Album-Prag/Album-Prag/DerivedData/Build/Intermediates.noindex/Album.build/Debug-iphonesimulator/AlbumTests.build/Objects-normal/arm64/AlbumTests_const_extract_protocols.json

WriteAuxiliaryFile /Users/runner/work/Album-Prag/Album-Prag/DerivedData/Build/Intermediates.noindex/Album.build/Debug-iphonesimulator/AlbumTests.build/Objects-normal/arm64/AlbumTests.SwiftFileList (in target 'AlbumTests' from project 'Album')
    cd /Users/runner/work/Album-Prag/Album-Prag
    write-file /Users/runner/work/Album-Prag/Album-Prag/DerivedData/Build/Intermediates.noindex/Album.build/Debug-iphonesimulator/AlbumTests.build/Objects-normal/arm64/AlbumTests.SwiftFileList

WriteAuxiliaryFile /Users/runner/work/Album-Prag/Album-Prag/DerivedData/Build/Intermediates.noindex/Album.build/Debug-iphonesimulator/AlbumTests.build/Objects-normal/arm64/AlbumTests.SwiftConstValuesFileList (in target 'AlbumTests' from project 'Album')
    cd /Users/runner/work/Album-Prag/Album-Prag
    write-file /Users/runner/work/Album-Prag/Album-Prag/DerivedData/Build/Intermediates.noindex/Album.build/Debug-iphonesimulator/AlbumTests.build/Objects-normal/arm64/AlbumTests.SwiftConstValuesFileList

WriteAuxiliaryFile /Users/runner/work/Album-Prag/Album-Prag/DerivedData/Build/Intermediates.noindex/Album.build/Debug-iphonesimulator/AlbumTests.build/Objects-normal/arm64/AlbumTests.LinkFileList (in target 'AlbumTests' from project 'Album')
    cd /Users/runner/work/Album-Prag/Album-Prag
    write-file /Users/runner/work/Album-Prag/Album-Prag/DerivedData/Build/Intermediates.noindex/Album.build/Debug-iphonesimulator/AlbumTests.build/Objects-normal/arm64/AlbumTests.LinkFileList

WriteAuxiliaryFile /Users/runner/work/Album-Prag/Album-Prag/DerivedData/Build/Intermediates.noindex/Album.build/Debug-iphonesimulator/AlbumTests.build/Objects-normal/arm64/AlbumTests-OutputFileMap.json (in target 'AlbumTests' from project 'Album')
    cd /Users/runner/work/Album-Prag/Album-Prag
    write-file /Users/runner/work/Album-Prag/Album-Prag/DerivedData/Build/Intermediates.noindex/Album.build/Debug-iphonesimulator/AlbumTests.build/Objects-normal/arm64/AlbumTests-OutputFileMap.json

WriteAuxiliaryFile /Users/runner/work/Album-Prag/Album-Prag/DerivedData/Build/Intermediates.noindex/Album.build/Debug-iphonesimulator/AlbumTests.build/AlbumTests.hmap (in target 'AlbumTests' from project 'Album')
    cd /Users/runner/work/Album-Prag/Album-Prag
    write-file /Users/runner/work/Album-Prag/Album-Prag/DerivedData/Build/Intermediates.noindex/Album.build/Debug-iphonesimulator/AlbumTests.build/AlbumTests.hmap

WriteAuxiliaryFile /Users/runner/work/Album-Prag/Album-Prag/DerivedData/Build/Intermediates.noindex/Album.build/Debug-iphonesimulator/AlbumTests.build/AlbumTests.DependencyStaticMetadataFileList (in target 'AlbumTests' from project 'Album')
    cd /Users/runner/work/Album-Prag/Album-Prag
    write-file /Users/runner/work/Album-Prag/Album-Prag/DerivedData/Build/Intermediates.noindex/Album.build/Debug-iphonesimulator/AlbumTests.build/AlbumTests.DependencyStaticMetadataFileList

WriteAuxiliaryFile /Users/runner/work/Album-Prag/Album-Prag/DerivedData/Build/Intermediates.noindex/Album.build/Debug-iphonesimulator/AlbumTests.build/AlbumTests.DependencyMetadataFileList (in target 'AlbumTests' from project 'Album')
    cd /Users/runner/work/Album-Prag/Album-Prag
    write-file /Users/runner/work/Album-Prag/Album-Prag/DerivedData/Build/Intermediates.noindex/Album.build/Debug-iphonesimulator/AlbumTests.build/AlbumTests.DependencyMetadataFileList

WriteAuxiliaryFile /Users/runner/work/Album-Prag/Album-Prag/DerivedData/Build/Intermediates.noindex/Album.build/Debug-iphonesimulator/AlbumTests.build/AlbumTests-project-headers.hmap (in target 'AlbumTests' from project 'Album')
    cd /Users/runner/work/Album-Prag/Album-Prag
    write-file /Users/runner/work/Album-Prag/Album-Prag/DerivedData/Build/Intermediates.noindex/Album.build/Debug-iphonesimulator/AlbumTests.build/AlbumTests-project-headers.hmap

WriteAuxiliaryFile /Users/runner/work/Album-Prag/Album-Prag/DerivedData/Build/Intermediates.noindex/Album.build/Debug-iphonesimulator/AlbumTests.build/AlbumTests-own-target-headers.hmap (in target 'AlbumTests' from project 'Album')
    cd /Users/runner/work/Album-Prag/Album-Prag
    write-file /Users/runner/work/Album-Prag/Album-Prag/DerivedData/Build/Intermediates.noindex/Album.build/Debug-iphonesimulator/AlbumTests.build/AlbumTests-own-target-headers.hmap

WriteAuxiliaryFile /Users/runner/work/Album-Prag/Album-Prag/DerivedData/Build/Intermediates.noindex/Album.build/Debug-iphonesimulator/AlbumTests.build/AlbumTests-generated-files.hmap (in target 'AlbumTests' from project 'Album')
    cd /Users/runner/work/Album-Prag/Album-Prag
    write-file /Users/runner/work/Album-Prag/Album-Prag/DerivedData/Build/Intermediates.noindex/Album.build/Debug-iphonesimulator/AlbumTests.build/AlbumTests-generated-files.hmap

WriteAuxiliaryFile /Users/runner/work/Album-Prag/Album-Prag/DerivedData/Build/Intermediates.noindex/Album.build/Debug-iphonesimulator/AlbumTests.build/AlbumTests-all-target-headers.hmap (in target 'AlbumTests' from project 'Album')
    cd /Users/runner/work/Album-Prag/Album-Prag
    write-file /Users/runner/work/Album-Prag/Album-Prag/DerivedData/Build/Intermediates.noindex/Album.build/Debug-iphonesimulator/AlbumTests.build/AlbumTests-all-target-headers.hmap

WriteAuxiliaryFile /Users/runner/work/Album-Prag/Album-Prag/DerivedData/Build/Intermediates.noindex/Album.build/Debug-iphonesimulator/AlbumTests.build/AlbumTests-all-non-framework-target-headers.hmap (in target 'AlbumTests' from project 'Album')
    cd /Users/runner/work/Album-Prag/Album-Prag
    write-file /Users/runner/work/Album-Prag/Album-Prag/DerivedData/Build/Intermediates.noindex/Album.build/Debug-iphonesimulator/AlbumTests.build/AlbumTests-all-non-framework-target-headers.hmap

WriteAuxiliaryFile /Users/runner/work/Album-Prag/Album-Prag/DerivedData/Build/Intermediates.noindex/Album.build/Debug-iphonesimulator/AlbumShare.build/Objects-normal/arm64/AlbumShare_const_extract_protocols.json (in target 'AlbumShare' from project 'Album')
    cd /Users/runner/work/Album-Prag/Album-Prag
    write-file /Users/runner/work/Album-Prag/Album-Prag/DerivedData/Build/Intermediates.noindex/Album.build/Debug-iphonesimulator/AlbumShare.build/Objects-normal/arm64/AlbumShare_const_extract_protocols.json

WriteAuxiliaryFile /Users/runner/work/Album-Prag/Album-Prag/DerivedData/Build/Intermediates.noindex/Album.build/Debug-iphonesimulator/AlbumShare.build/Objects-normal/arm64/AlbumShare.SwiftFileList (in target 'AlbumShare' from project 'Album')
    cd /Users/runner/work/Album-Prag/Album-Prag
    write-file /Users/runner/work/Album-Prag/Album-Prag/DerivedData/Build/Intermediates.noindex/Album.build/Debug-iphonesimulator/AlbumShare.build/Objects-normal/arm64/AlbumShare.SwiftFileList

WriteAuxiliaryFile /Users/runner/work/Album-Prag/Album-Prag/DerivedData/Build/Intermediates.noindex/Album.build/Debug-iphonesimulator/AlbumShare.build/Objects-normal/arm64/AlbumShare.SwiftConstValuesFileList (in target 'AlbumShare' from project 'Album')
    cd /Users/runner/work/Album-Prag/Album-Prag
    write-file /Users/runner/work/Album-Prag/Album-Prag/DerivedData/Build/Intermediates.noindex/Album.build/Debug-iphonesimulator/AlbumShare.build/Objects-normal/arm64/AlbumShare.SwiftConstValuesFileList

WriteAuxiliaryFile /Users/runner/work/Album-Prag/Album-Prag/DerivedData/Build/Intermediates.noindex/Album.build/Debug-iphonesimulator/AlbumShare.build/Objects-normal/arm64/AlbumShare.LinkFileList (in target 'AlbumShare' from project 'Album')
    cd /Users/runner/work/Album-Prag/Album-Prag
    write-file /Users/runner/work/Album-Prag/Album-Prag/DerivedData/Build/Intermediates.noindex/Album.build/Debug-iphonesimulator/AlbumShare.build/Objects-normal/arm64/AlbumShare.LinkFileList

WriteAuxiliaryFile /Users/runner/work/Album-Prag/Album-Prag/DerivedData/Build/Intermediates.noindex/Album.build/Debug-iphonesimulator/AlbumShare.build/Objects-normal/arm64/AlbumShare-OutputFileMap.json (in target 'AlbumShare' from project 'Album')
    cd /Users/runner/work/Album-Prag/Album-Prag
    write-file /Users/runner/work/Album-Prag/Album-Prag/DerivedData/Build/Intermediates.noindex/Album.build/Debug-iphonesimulator/AlbumShare.build/Objects-normal/arm64/AlbumShare-OutputFileMap.json

WriteAuxiliaryFile /Users/runner/work/Album-Prag/Album-Prag/DerivedData/Build/Intermediates.noindex/Album.build/Debug-iphonesimulator/AlbumShare.build/DerivedSources/Entitlements-Simulated.plist (in target 'AlbumShare' from project 'Album')
    cd /Users/runner/work/Album-Prag/Album-Prag
    write-file /Users/runner/work/Album-Prag/Album-Prag/DerivedData/Build/Intermediates.noindex/Album.build/Debug-iphonesimulator/AlbumShare.build/DerivedSources/Entitlements-Simulated.plist

WriteAuxiliaryFile /Users/runner/work/Album-Prag/Album-Prag/DerivedData/Build/Intermediates.noindex/Album.build/Debug-iphonesimulator/AlbumShare.build/AlbumShare.hmap (in target 'AlbumShare' from project 'Album')
    cd /Users/runner/work/Album-Prag/Album-Prag
    write-file /Users/runner/work/Album-Prag/Album-Prag/DerivedData/Build/Intermediates.noindex/Album.build/Debug-iphonesimulator/AlbumShare.build/AlbumShare.hmap

WriteAuxiliaryFile /Users/runner/work/Album-Prag/Album-Prag/DerivedData/Build/Intermediates.noindex/Album.build/Debug-iphonesimulator/AlbumShare.build/AlbumShare.DependencyStaticMetadataFileList (in target 'AlbumShare' from project 'Album')
    cd /Users/runner/work/Album-Prag/Album-Prag
    write-file /Users/runner/work/Album-Prag/Album-Prag/DerivedData/Build/Intermediates.noindex/Album.build/Debug-iphonesimulator/AlbumShare.build/AlbumShare.DependencyStaticMetadataFileList

WriteAuxiliaryFile /Users/runner/work/Album-Prag/Album-Prag/DerivedData/Build/Intermediates.noindex/Album.build/Debug-iphonesimulator/AlbumShare.build/AlbumShare.DependencyMetadataFileList (in target 'AlbumShare' from project 'Album')
    cd /Users/runner/work/Album-Prag/Album-Prag
    write-file /Users/runner/work/Album-Prag/Album-Prag/DerivedData/Build/Intermediates.noindex/Album.build/Debug-iphonesimulator/AlbumShare.build/AlbumShare.DependencyMetadataFileList

WriteAuxiliaryFile /Users/runner/work/Album-Prag/Album-Prag/DerivedData/Build/Intermediates.noindex/Album.build/Debug-iphonesimulator/AlbumShare.build/AlbumShare-project-headers.hmap (in target 'AlbumShare' from project 'Album')
    cd /Users/runner/work/Album-Prag/Album-Prag
    write-file /Users/runner/work/Album-Prag/Album-Prag/DerivedData/Build/Intermediates.noindex/Album.build/Debug-iphonesimulator/AlbumShare.build/AlbumShare-project-headers.hmap

WriteAuxiliaryFile /Users/runner/work/Album-Prag/Album-Prag/DerivedData/Build/Intermediates.noindex/Album.build/Debug-iphonesimulator/AlbumShare.build/AlbumShare-own-target-headers.hmap (in target 'AlbumShare' from project 'Album')
    cd /Users/runner/work/Album-Prag/Album-Prag
    write-file /Users/runner/work/Album-Prag/Album-Prag/DerivedData/Build/Intermediates.noindex/Album.build/Debug-iphonesimulator/AlbumShare.build/AlbumShare-own-target-headers.hmap

WriteAuxiliaryFile /Users/runner/work/Album-Prag/Album-Prag/DerivedData/Build/Intermediates.noindex/Album.build/Debug-iphonesimulator/AlbumShare.build/AlbumShare-generated-files.hmap (in target 'AlbumShare' from project 'Album')
    cd /Users/runner/work/Album-Prag/Album-Prag
    write-file /Users/runner/work/Album-Prag/Album-Prag/DerivedData/Build/Intermediates.noindex/Album.build/Debug-iphonesimulator/AlbumShare.build/AlbumShare-generated-files.hmap

WriteAuxiliaryFile /Users/runner/work/Album-Prag/Album-Prag/DerivedData/Build/Intermediates.noindex/Album.build/Debug-iphonesimulator/AlbumShare.build/AlbumShare-all-target-headers.hmap (in target 'AlbumShare' from project 'Album')
    cd /Users/runner/work/Album-Prag/Album-Prag
    write-file /Users/runner/work/Album-Prag/Album-Prag/DerivedData/Build/Intermediates.noindex/Album.build/Debug-iphonesimulator/AlbumShare.build/AlbumShare-all-target-headers.hmap

WriteAuxiliaryFile /Users/runner/work/Album-Prag/Album-Prag/DerivedData/Build/Intermediates.noindex/Album.build/Debug-iphonesimulator/AlbumShare.build/AlbumShare-all-non-framework-target-headers.hmap (in target 'AlbumShare' from project 'Album')
    cd /Users/runner/work/Album-Prag/Album-Prag
    write-file /Users/runner/work/Album-Prag/Album-Prag/DerivedData/Build/Intermediates.noindex/Album.build/Debug-iphonesimulator/AlbumShare.build/AlbumShare-all-non-framework-target-headers.hmap

WriteAuxiliaryFile /Users/runner/work/Album-Prag/Album-Prag/DerivedData/Build/Intermediates.noindex/Album.build/Debug-iphonesimulator/AlbumShare.build/AlbumShare-DebugEntryPoint-normal-arm64.txt (in target 'AlbumShare' from project 'Album')
    cd /Users/runner/work/Album-Prag/Album-Prag
    write-file /Users/runner/work/Album-Prag/Album-Prag/DerivedData/Build/Intermediates.noindex/Album.build/Debug-iphonesimulator/AlbumShare.build/AlbumShare-DebugEntryPoint-normal-arm64.txt

WriteAuxiliaryFile /Users/runner/work/Album-Prag/Album-Prag/DerivedData/Build/Intermediates.noindex/Album.build/Debug-iphonesimulator/AlbumShare.build/AlbumShare-DebugDylibPath-normal-arm64.txt (in target 'AlbumShare' from project 'Album')
    cd /Users/runner/work/Album-Prag/Album-Prag
    write-file /Users/runner/work/Album-Prag/Album-Prag/DerivedData/Build/Intermediates.noindex/Album.build/Debug-iphonesimulator/AlbumShare.build/AlbumShare-DebugDylibPath-normal-arm64.txt

WriteAuxiliaryFile /Users/runner/work/Album-Prag/Album-Prag/DerivedData/Build/Intermediates.noindex/Album.build/Debug-iphonesimulator/AlbumShare.build/AlbumShare-DebugDylibInstallName-normal-arm64.txt (in target 'AlbumShare' from project 'Album')
    cd /Users/runner/work/Album-Prag/Album-Prag
    write-file /Users/runner/work/Album-Prag/Album-Prag/DerivedData/Build/Intermediates.noindex/Album.build/Debug-iphonesimulator/AlbumShare.build/AlbumShare-DebugDylibInstallName-normal-arm64.txt

MkDir /Users/runner/work/Album-Prag/Album-Prag/DerivedData/Build/Products/Debug-iphonesimulator/swift-crypto_Crypto.bundle (in target 'swift-crypto_Crypto' from project 'swift-crypto')
    cd /Users/runner/work/Album-Prag/Album-Prag/DerivedData/SourcePackages/checkouts/swift-crypto
    /bin/mkdir -p /Users/runner/work/Album-Prag/Album-Prag/DerivedData/Build/Products/Debug-iphonesimulator/swift-crypto_Crypto.bundle

MkDir /Users/runner/work/Album-Prag/Album-Prag/DerivedData/Build/Products/Debug-iphonesimulator/Album.app/PlugIns/AlbumTests.xctest (in target 'AlbumTests' from project 'Album')
    cd /Users/runner/work/Album-Prag/Album-Prag
    /bin/mkdir -p /Users/runner/work/Album-Prag/Album-Prag/DerivedData/Build/Products/Debug-iphonesimulator/Album.app/PlugIns/AlbumTests.xctest

MkDir /Users/runner/work/Album-Prag/Album-Prag/DerivedData/Build/Products/Debug-iphonesimulator/AlbumUITests-Runner.app/PlugIns/AlbumUITests.xctest (in target 'AlbumUITests' from project 'Album')
    cd /Users/runner/work/Album-Prag/Album-Prag
    /bin/mkdir -p /Users/runner/work/Album-Prag/Album-Prag/DerivedData/Build/Products/Debug-iphonesimulator/AlbumUITests-Runner.app/PlugIns/AlbumUITests.xctest

MkDir /Users/runner/work/Album-Prag/Album-Prag/DerivedData/Build/Products/Debug-iphonesimulator/AlbumShare.appex (in target 'AlbumShare' from project 'Album')
    cd /Users/runner/work/Album-Prag/Album-Prag
    /bin/mkdir -p /Users/runner/work/Album-Prag/Album-Prag/DerivedData/Build/Products/Debug-iphonesimulator/AlbumShare.appex

ProcessXCFramework /Users/runner/work/Album-Prag/Album-Prag/DerivedData/SourcePackages/artifacts/rive-ios/RiveRuntime/RiveRuntime.xcframework /Users/runner/work/Album-Prag/Album-Prag/DerivedData/Build/Products/Debug-iphonesimulator/RiveRuntime.framework ios simulator
    cd /Users/runner/work/Album-Prag/Album-Prag/Album.xcodeproj
    builtin-process-xcframework --xcframework /Users/runner/work/Album-Prag/Album-Prag/DerivedData/SourcePackages/artifacts/rive-ios/RiveRuntime/RiveRuntime.xcframework --platform ios --environment simulator --target-path /Users/runner/work/Album-Prag/Album-Prag/DerivedData/Build/Products/Debug-iphonesimulator

ProcessInfoPlistFile /Users/runner/work/Album-Prag/Album-Prag/DerivedData/Build/Products/Debug-iphonesimulator/swift-crypto_Crypto.bundle/Info.plist /Users/runner/work/Album-Prag/Album-Prag/DerivedData/Build/Intermediates.noindex/swift-crypto.build/Debug-iphonesimulator/swift-crypto_Crypto.build/empty-swift-crypto_Crypto.plist (in target 'swift-crypto_Crypto' from project 'swift-crypto')
    cd /Users/runner/work/Album-Prag/Album-Prag/DerivedData/SourcePackages/checkouts/swift-crypto
    builtin-infoPlistUtility /Users/runner/work/Album-Prag/Album-Prag/DerivedData/Build/Intermediates.noindex/swift-crypto.build/Debug-iphonesimulator/swift-crypto_Crypto.build/empty-swift-crypto_Crypto.plist -producttype com.apple.product-type.bundle -expandbuildsettings -format binary -platform iphonesimulator -o /Users/runner/work/Album-Prag/Album-Prag/DerivedData/Build/Products/Debug-iphonesimulator/swift-crypto_Crypto.bundle/Info.plist

CpResource /Users/runner/work/Album-Prag/Album-Prag/DerivedData/Build/Products/Debug-iphonesimulator/swift-crypto_Crypto.bundle/PrivacyInfo.xcprivacy /Users/runner/work/Album-Prag/Album-Prag/DerivedData/SourcePackages/checkouts/swift-crypto/Sources/Crypto/PrivacyInfo.xcprivacy (in target 'swift-crypto_Crypto' from project 'swift-crypto')
    cd /Users/runner/work/Album-Prag/Album-Prag/DerivedData/SourcePackages/checkouts/swift-crypto
    builtin-copy -exclude .DS_Store -exclude CVS -exclude .svn -exclude .git -exclude .hg -resolve-src-symlinks /Users/runner/work/Album-Prag/Album-Prag/DerivedData/SourcePackages/checkouts/swift-crypto/Sources/Crypto/PrivacyInfo.xcprivacy /Users/runner/work/Album-Prag/Album-Prag/DerivedData/Build/Products/Debug-iphonesimulator/swift-crypto_Crypto.bundle

CodeSign /Users/runner/work/Album-Prag/Album-Prag/DerivedData/Build/Products/Debug-iphonesimulator/swift-crypto_Crypto.bundle (in target 'swift-crypto_Crypto' from project 'swift-crypto')
    cd /Users/runner/work/Album-Prag/Album-Prag/DerivedData/SourcePackages/checkouts/swift-crypto
    
    Signing Identity:     "Sign to Run Locally"
    
    /usr/bin/codesign --force --sign - --timestamp\=none --generate-entitlement-der /Users/runner/work/Album-Prag/Album-Prag/DerivedData/Build/Products/Debug-iphonesimulator/swift-crypto_Crypto.bundle

RegisterExecutionPolicyException /Users/runner/work/Album-Prag/Album-Prag/DerivedData/Build/Products/Debug-iphonesimulator/swift-crypto_Crypto.bundle (in target 'swift-crypto_Crypto' from project 'swift-crypto')
    cd /Users/runner/work/Album-Prag/Album-Prag/DerivedData/SourcePackages/checkouts/swift-crypto
    builtin-RegisterExecutionPolicyException /Users/runner/work/Album-Prag/Album-Prag/DerivedData/Build/Products/Debug-iphonesimulator/swift-crypto_Crypto.bundle

Touch /Users/runner/work/Album-Prag/Album-Prag/DerivedData/Build/Products/Debug-iphonesimulator/swift-crypto_Crypto.bundle (in target 'swift-crypto_Crypto' from project 'swift-crypto')
    cd /Users/runner/work/Album-Prag/Album-Prag/DerivedData/SourcePackages/checkouts/swift-crypto
    /usr/bin/touch -c /Users/runner/work/Album-Prag/Album-Prag/DerivedData/Build/Products/Debug-iphonesimulator/swift-crypto_Crypto.bundle

WriteAuxiliaryFile /Users/runner/work/Album-Prag/Album-Prag/DerivedData/Build/Intermediates.noindex/Album.build/Debug-iphonesimulator/Album.build/Objects-normal/arm64/Album_const_extract_protocols.json (in target 'Album' from project 'Album')
    cd /Users/runner/work/Album-Prag/Album-Prag
    write-file /Users/runner/work/Album-Prag/Album-Prag/DerivedData/Build/Intermediates.noindex/Album.build/Debug-iphonesimulator/Album.build/Objects-normal/arm64/Album_const_extract_protocols.json

WriteAuxiliaryFile /Users/runner/work/Album-Prag/Album-Prag/DerivedData/Build/Intermediates.noindex/Album.build/Debug-iphonesimulator/Album.build/Objects-normal/arm64/Album.SwiftFileList (in target 'Album' from project 'Album')
    cd /Users/runner/work/Album-Prag/Album-Prag
    write-file /Users/runner/work/Album-Prag/Album-Prag/DerivedData/Build/Intermediates.noindex/Album.build/Debug-iphonesimulator/Album.build/Objects-normal/arm64/Album.SwiftFileList

WriteAuxiliaryFile /Users/runner/work/Album-Prag/Album-Prag/DerivedData/Build/Intermediates.noindex/Album.build/Debug-iphonesimulator/Album.build/Objects-normal/arm64/Album.SwiftConstValuesFileList (in target 'Album' from project 'Album')
    cd /Users/runner/work/Album-Prag/Album-Prag
    write-file /Users/runner/work/Album-Prag/Album-Prag/DerivedData/Build/Intermediates.noindex/Album.build/Debug-iphonesimulator/Album.build/Objects-normal/arm64/Album.SwiftConstValuesFileList

WriteAuxiliaryFile /Users/runner/work/Album-Prag/Album-Prag/DerivedData/Build/Intermediates.noindex/Album.build/Debug-iphonesimulator/Album.build/Objects-normal/arm64/Album.LinkFileList (in target 'Album' from project 'Album')
    cd /Users/runner/work/Album-Prag/Album-Prag
    write-file /Users/runner/work/Album-Prag/Album-Prag/DerivedData/Build/Intermediates.noindex/Album.build/Debug-iphonesimulator/Album.build/Objects-normal/arm64/Album.LinkFileList

WriteAuxiliaryFile /Users/runner/work/Album-Prag/Album-Prag/DerivedData/Build/Intermediates.noindex/Album.build/Debug-iphonesimulator/Album.build/Objects-normal/arm64/Album-OutputFileMap.json (in target 'Album' from project 'Album')
    cd /Users/runner/work/Album-Prag/Album-Prag
    write-file /Users/runner/work/Album-Prag/Album-Prag/DerivedData/Build/Intermediates.noindex/Album.build/Debug-iphonesimulator/Album.build/Objects-normal/arm64/Album-OutputFileMap.json

WriteAuxiliaryFile /Users/runner/work/Album-Prag/Album-Prag/DerivedData/Build/Intermediates.noindex/Album.build/Debug-iphonesimulator/Album.build/DerivedSources/Entitlements-Simulated.plist (in target 'Album' from project 'Album')
    cd /Users/runner/work/Album-Prag/Album-Prag
    write-file /Users/runner/work/Album-Prag/Album-Prag/DerivedData/Build/Intermediates.noindex/Album.build/Debug-iphonesimulator/Album.build/DerivedSources/Entitlements-Simulated.plist

WriteAuxiliaryFile /Users/runner/work/Album-Prag/Album-Prag/DerivedData/Build/Intermediates.noindex/Album.build/Debug-iphonesimulator/Album.build/Album.hmap (in target 'Album' from project 'Album')
    cd /Users/runner/work/Album-Prag/Album-Prag
    write-file /Users/runner/work/Album-Prag/Album-Prag/DerivedData/Build/Intermediates.noindex/Album.build/Debug-iphonesimulator/Album.build/Album.hmap

WriteAuxiliaryFile /Users/runner/work/Album-Prag/Album-Prag/DerivedData/Build/Intermediates.noindex/Album.build/Debug-iphonesimulator/Album.build/Album.DependencyStaticMetadataFileList (in target 'Album' from project 'Album')
    cd /Users/runner/work/Album-Prag/Album-Prag
    write-file /Users/runner/work/Album-Prag/Album-Prag/DerivedData/Build/Intermediates.noindex/Album.build/Debug-iphonesimulator/Album.build/Album.DependencyStaticMetadataFileList

WriteAuxiliaryFile /Users/runner/work/Album-Prag/Album-Prag/DerivedData/Build/Intermediates.noindex/Album.build/Debug-iphonesimulator/Album.build/Album.DependencyMetadataFileList (in target 'Album' from project 'Album')
    cd /Users/runner/work/Album-Prag/Album-Prag
    write-file /Users/runner/work/Album-Prag/Album-Prag/DerivedData/Build/Intermediates.noindex/Album.build/Debug-iphonesimulator/Album.build/Album.DependencyMetadataFileList

WriteAuxiliaryFile /Users/runner/work/Album-Prag/Album-Prag/DerivedData/Build/Intermediates.noindex/Album.build/Debug-iphonesimulator/Album.build/Album-project-headers.hmap (in target 'Album' from project 'Album')
    cd /Users/runner/work/Album-Prag/Album-Prag
    write-file /Users/runner/work/Album-Prag/Album-Prag/DerivedData/Build/Intermediates.noindex/Album.build/Debug-iphonesimulator/Album.build/Album-project-headers.hmap

WriteAuxiliaryFile /Users/runner/work/Album-Prag/Album-Prag/DerivedData/Build/Intermediates.noindex/Album.build/Debug-iphonesimulator/Album.build/Album-own-target-headers.hmap (in target 'Album' from project 'Album')
    cd /Users/runner/work/Album-Prag/Album-Prag
    write-file /Users/runner/work/Album-Prag/Album-Prag/DerivedData/Build/Intermediates.noindex/Album.build/Debug-iphonesimulator/Album.build/Album-own-target-headers.hmap

WriteAuxiliaryFile /Users/runner/work/Album-Prag/Album-Prag/DerivedData/Build/Intermediates.noindex/Album.build/Debug-iphonesimulator/Album.build/Album-generated-files.hmap (in target 'Album' from project 'Album')
    cd /Users/runner/work/Album-Prag/Album-Prag
    write-file /Users/runner/work/Album-Prag/Album-Prag/DerivedData/Build/Intermediates.noindex/Album.build/Debug-iphonesimulator/Album.build/Album-generated-files.hmap

WriteAuxiliaryFile /Users/runner/work/Album-Prag/Album-Prag/DerivedData/Build/Intermediates.noindex/Album.build/Debug-iphonesimulator/Album.build/Album-all-target-headers.hmap (in target 'Album' from project 'Album')
    cd /Users/runner/work/Album-Prag/Album-Prag
    write-file /Users/runner/work/Album-Prag/Album-Prag/DerivedData/Build/Intermediates.noindex/Album.build/Debug-iphonesimulator/Album.build/Album-all-target-headers.hmap

WriteAuxiliaryFile /Users/runner/work/Album-Prag/Album-Prag/DerivedData/Build/Intermediates.noindex/Album.build/Debug-iphonesimulator/Album.build/Album-all-non-framework-target-headers.hmap (in target 'Album' from project 'Album')
    cd /Users/runner/work/Album-Prag/Album-Prag
    write-file /Users/runner/work/Album-Prag/Album-Prag/DerivedData/Build/Intermediates.noindex/Album.build/Debug-iphonesimulator/Album.build/Album-all-non-framework-target-headers.hmap

WriteAuxiliaryFile /Users/runner/work/Album-Prag/Album-Prag/DerivedData/Build/Intermediates.noindex/Album.build/Debug-iphonesimulator/Album.build/Album-DebugDylibPath-normal-arm64.txt (in target 'Album' from project 'Album')
    cd /Users/runner/work/Album-Prag/Album-Prag
    write-file /Users/runner/work/Album-Prag/Album-Prag/DerivedData/Build/Intermediates.noindex/Album.build/Debug-iphonesimulator/Album.build/Album-DebugDylibPath-normal-arm64.txt

WriteAuxiliaryFile /Users/runner/work/Album-Prag/Album-Prag/DerivedData/Build/Intermediates.noindex/Album.build/Debug-iphonesimulator/Album.build/Album-DebugDylibInstallName-normal-arm64.txt (in target 'Album' from project 'Album')
    cd /Users/runner/work/Album-Prag/Album-Prag
    write-file /Users/runner/work/Album-Prag/Album-Prag/DerivedData/Build/Intermediates.noindex/Album.build/Debug-iphonesimulator/Album.build/Album-DebugDylibInstallName-normal-arm64.txt

MkDir /Users/runner/work/Album-Prag/Album-Prag/DerivedData/Build/Products/Debug-iphonesimulator/Album.app/PlugIns (in target 'Album' from project 'Album')
    cd /Users/runner/work/Album-Prag/Album-Prag
    /bin/mkdir -p /Users/runner/work/Album-Prag/Album-Prag/DerivedData/Build/Products/Debug-iphonesimulator/Album.app/PlugIns

MkDir /Users/runner/work/Album-Prag/Album-Prag/DerivedData/Build/Products/Debug-iphonesimulator/Album.app/Frameworks (in target 'Album' from project 'Album')
    cd /Users/runner/work/Album-Prag/Album-Prag
    /bin/mkdir -p /Users/runner/work/Album-Prag/Album-Prag/DerivedData/Build/Products/Debug-iphonesimulator/Album.app/Frameworks

MkDir /Users/runner/work/Album-Prag/Album-Prag/DerivedData/Build/Products/Debug-iphonesimulator/Album.app (in target 'Album' from project 'Album')
    cd /Users/runner/work/Album-Prag/Album-Prag
    /bin/mkdir -p /Users/runner/work/Album-Prag/Album-Prag/DerivedData/Build/Products/Debug-iphonesimulator/Album.app

ProcessProductPackaging /Users/runner/work/Album-Prag/Album-Prag/ShareExtension/ShareExtension.entitlements /Users/runner/work/Album-Prag/Album-Prag/DerivedData/Build/Intermediates.noindex/Album.build/Debug-iphonesimulator/AlbumShare.build/AlbumShare.appex.xcent (in target 'AlbumShare' from project 'Album')
    cd /Users/runner/work/Album-Prag/Album-Prag
    
    Entitlements:
    
    {
}
    
    builtin-productPackagingUtility /Users/runner/work/Album-Prag/Album-Prag/ShareExtension/ShareExtension.entitlements -entitlements -format xml -o /Users/runner/work/Album-Prag/Album-Prag/DerivedData/Build/Intermediates.noindex/Album.build/Debug-iphonesimulator/AlbumShare.build/AlbumShare.appex.xcent

ProcessProductPackaging /Users/runner/work/Album-Prag/Album-Prag/ShareExtension/ShareExtension.entitlements /Users/runner/work/Album-Prag/Album-Prag/DerivedData/Build/Intermediates.noindex/Album.build/Debug-iphonesimulator/AlbumShare.build/AlbumShare.appex-Simulated.xcent (in target 'AlbumShare' from project 'Album')
    cd /Users/runner/work/Album-Prag/Album-Prag
    
    Entitlements:
    
    {
    "application-identifier" = "FAKETEAMID.de.privatealbum.prague.share";
    "com.apple.security.application-groups" =     (
        "group.de.privatealbum.prague"
    );
}
    
    builtin-productPackagingUtility /Users/runner/work/Album-Prag/Album-Prag/ShareExtension/ShareExtension.entitlements -entitlements -format xml -o /Users/runner/work/Album-Prag/Album-Prag/DerivedData/Build/Intermediates.noindex/Album.build/Debug-iphonesimulator/AlbumShare.build/AlbumShare.appex-Simulated.xcent

ProcessProductPackagingDER /Users/runner/work/Album-Prag/Album-Prag/DerivedData/Build/Intermediates.noindex/Album.build/Debug-iphonesimulator/AlbumShare.build/AlbumShare.appex.xcent /Users/runner/work/Album-Prag/Album-Prag/DerivedData/Build/Intermediates.noindex/Album.build/Debug-iphonesimulator/AlbumShare.build/AlbumShare.appex.xcent.der (in target 'AlbumShare' from project 'Album')
    cd /Users/runner/work/Album-Prag/Album-Prag
    /usr/bin/derq query -f xml -i /Users/runner/work/Album-Prag/Album-Prag/DerivedData/Build/Intermediates.noindex/Album.build/Debug-iphonesimulator/AlbumShare.build/AlbumShare.appex.xcent -o /Users/runner/work/Album-Prag/Album-Prag/DerivedData/Build/Intermediates.noindex/Album.build/Debug-iphonesimulator/AlbumShare.build/AlbumShare.appex.xcent.der --raw

ProcessProductPackagingDER /Users/runner/work/Album-Prag/Album-Prag/DerivedData/Build/Intermediates.noindex/Album.build/Debug-iphonesimulator/AlbumShare.build/AlbumShare.appex-Simulated.xcent /Users/runner/work/Album-Prag/Album-Prag/DerivedData/Build/Intermediates.noindex/Album.build/Debug-iphonesimulator/AlbumShare.build/AlbumShare.appex-Simulated.xcent.der (in target 'AlbumShare' from project 'Album')
    cd /Users/runner/work/Album-Prag/Album-Prag
    /usr/bin/derq query -f xml -i /Users/runner/work/Album-Prag/Album-Prag/DerivedData/Build/Intermediates.noindex/Album.build/Debug-iphonesimulator/AlbumShare.build/AlbumShare.appex-Simulated.xcent -o /Users/runner/work/Album-Prag/Album-Prag/DerivedData/Build/Intermediates.noindex/Album.build/Debug-iphonesimulator/AlbumShare.build/AlbumShare.appex-Simulated.xcent.der --raw

Ld /Users/runner/work/Album-Prag/Album-Prag/DerivedData/Build/Products/Debug-iphonesimulator/AlbumShare.appex/__preview.dylib normal (in target 'AlbumShare' from project 'Album')
    cd /Users/runner/work/Album-Prag/Album-Prag
    /Applications/Xcode_26.6.app/Contents/Developer/Toolchains/XcodeDefault.xctoolchain/usr/bin/clang -Xlinker -reproducible -target arm64-apple-ios17.0-simulator -dynamiclib -isysroot /Applications/Xcode_26.6.app/Contents/Developer/Platforms/iPhoneSimulator.platform/Developer/SDKs/iPhoneSimulator26.5.sdk -O0 -L/Users/runner/work/Album-Prag/Album-Prag/DerivedData/Build/Products/Debug-iphonesimulator -F/Users/runner/work/Album-Prag/Album-Prag/DerivedData/Build/Products/Debug-iphonesimulator -install_name @rpath/AlbumShare.debug.dylib -Xlinker -dead_strip -rdynamic -Xlinker -no_deduplicate -Xlinker -objc_abi_version -Xlinker 2 -Xlinker -dependency_info -Xlinker /Users/runner/work/Album-Prag/Album-Prag/DerivedData/Build/Intermediates.noindex/Album.build/Debug-iphonesimulator/AlbumShare.build/Objects-normal/arm64/AlbumShare_dependency_info.dat -Xlinker -sectcreate -Xlinker __TEXT -Xlinker __entitlements -Xlinker /Users/runner/work/Album-Prag/Album-Prag/DerivedData/Build/Intermediates.noindex/Album.build/Debug-iphonesimulator/AlbumShare.build/AlbumShare.appex-Simulated.xcent -Xlinker -sectcreate -Xlinker __TEXT -Xlinker __ents_der -Xlinker /Users/runner/work/Album-Prag/Album-Prag/DerivedData/Build/Intermediates.noindex/Album.build/Debug-iphonesimulator/AlbumShare.build/AlbumShare.appex-Simulated.xcent.der -Xlinker -no_adhoc_codesign -o /Users/runner/work/Album-Prag/Album-Prag/DerivedData/Build/Products/Debug-iphonesimulator/AlbumShare.appex/__preview.dylib

ProcessInfoPlistFile /Users/runner/work/Album-Prag/Album-Prag/DerivedData/Build/Products/Debug-iphonesimulator/AlbumShare.appex/Info.plist /Users/runner/work/Album-Prag/Album-Prag/ShareExtension/Info.plist (in target 'AlbumShare' from project 'Album')
    cd /Users/runner/work/Album-Prag/Album-Prag
    builtin-infoPlistUtility /Users/runner/work/Album-Prag/Album-Prag/ShareExtension/Info.plist -producttype com.apple.product-type.app-extension -expandbuildsettings -format binary -platform iphonesimulator -o /Users/runner/work/Album-Prag/Album-Prag/DerivedData/Build/Products/Debug-iphonesimulator/AlbumShare.appex/Info.plist

SwiftDriver IssueReporting normal arm64 com.apple.xcode.tools.swift.compiler (in target 'IssueReporting' from project 'xctest-dynamic-overlay')
    cd /Users/runner/work/Album-Prag/Album-Prag/Album.xcodeproj
    builtin-SwiftDriver -- /Applications/Xcode_26.6.app/Contents/Developer/Toolchains/XcodeDefault.xctoolchain/usr/bin/swiftc -module-name IssueReporting -Onone @/Users/runner/work/Album-Prag/Album-Prag/DerivedData/Build/Intermediates.noindex/xctest-dynamic-overlay.build/Debug-iphonesimulator/IssueReporting.build/Objects-normal/arm64/IssueReporting.SwiftFileList -DSWIFT_PACKAGE -DDEBUG -DSWIFT_MODULE_RESOURCE_BUNDLE_UNAVAILABLE -DXcode -enable-upcoming-feature ExistentialAny -enable-upcoming-feature ImmutableWeakCaptures -enable-upcoming-feature InferIsolatedConformances -enable-upcoming-feature InternalImportsByDefault -enable-upcoming-feature MemberImportVisibility -enable-upcoming-feature NonisolatedNonsendingByDefault -plugin-path /Applications/Xcode_26.6.app/Contents/Developer/Toolchains/XcodeDefault.xctoolchain/usr/lib/swift/host/plugins/testing -enable-experimental-feature DebugDescriptionMacro -sdk /Applications/Xcode_26.6.app/Contents/Developer/Platforms/iPhoneSimulator.platform/Developer/SDKs/iPhoneSimulator26.5.sdk -target arm64-apple-ios13.0-simulator -g -module-cache-path /Users/runner/work/Album-Prag/Album-Prag/DerivedData/ModuleCache.noindex -Xfrontend -serialize-debugging-options -enable-testing -suppress-warnings -index-store-path /Users/runner/work/Album-Prag/Album-Prag/DerivedData/Index.noindex/DataStore -Xcc -D_LIBCPP_HARDENING_MODE\=_LIBCPP_HARDENING_MODE_DEBUG -swift-version 6 -I /Users/runner/work/Album-Prag/Album-Prag/DerivedData/Build/Products/Debug-iphonesimulator -Isystem /Applications/Xcode_26.6.app/Contents/Developer/Platforms/iPhoneSimulator.platform/Developer/usr/lib -F /Users/runner/work/Album-Prag/Album-Prag/DerivedData/Build/Products/Debug-iphonesimulator -F /Applications/Xcode_26.6.app/Contents/Developer/Platforms/iPhoneSimulator.platform/Developer/Library/Frameworks -F /Applications/Xcode_26.6.app/Contents/Developer/Platforms/iPhoneSimulator.platform/Developer/SDKs/iPhoneSimulator26.5.sdk/Developer/Library/Frameworks -c -j3 -enable-batch-mode -incremental -Xcc -ivfsstatcache -Xcc /Users/runner/work/Album-Prag/Album-Prag/DerivedData/SDKStatCaches.noindex/iphonesimulator26.5-23F81a-688ef53f1462e2c8f657fdc38a81448ff45c64a1807a658693f2a61704f17a36.sdkstatcache -output-file-map /Users/runner/work/Album-Prag/Album-Prag/DerivedData/Build/Intermediates.noindex/xctest-dynamic-overlay.build/Debug-iphonesimulator/IssueReporting.build/Objects-normal/arm64/IssueReporting-OutputFileMap.json -use-frontend-parseable-output -save-temps -no-color-diagnostics -explicit-module-build -module-cache-path /Users/runner/work/Album-Prag/Album-Prag/DerivedData/Build/Intermediates.noindex/SwiftExplicitPrecompiledModules -clang-scanner-module-cache-path /Users/runner/work/Album-Prag/Album-Prag/DerivedData/ModuleCache.noindex -sdk-module-cache-path /Users/runner/work/Album-Prag/Album-Prag/DerivedData/ModuleCache.noindex -serialize-diagnostics -emit-dependencies -emit-module -emit-module-path /Users/runner/work/Album-Prag/Album-Prag/DerivedData/Build/Intermediates.noindex/xctest-dynamic-overlay.build/Debug-iphonesimulator/IssueReporting.build/Objects-normal/arm64/IssueReporting.swiftmodule -user-module-version 1.13.1 -validate-clang-modules-once -clang-build-session-file /Users/runner/work/Album-Prag/Album-Prag/DerivedData/ModuleCache.noindex/Session.modulevalidation -package-name xctest_dynamic_overlay -Xcc -I/Users/runner/work/Album-Prag/Album-Prag/DerivedData/Build/Intermediates.noindex/xctest-dynamic-overlay.build/Debug-iphonesimulator/IssueReporting.build/swift-overrides.hmap -emit-const-values -Xfrontend -const-gather-protocols-file -Xfrontend /Users/runner/work/Album-Prag/Album-Prag/DerivedData/Build/Intermediates.noindex/xctest-dynamic-overlay.build/Debug-iphonesimulator/IssueReporting.build/Objects-normal/arm64/IssueReporting_const_extract_protocols.json -Xcc -I/Users/runner/work/Album-Prag/Album-Prag/DerivedData/Build/Products/Debug-iphonesimulator/include -Xcc -I/Users/runner/work/Album-Prag/Album-Prag/DerivedData/Build/Intermediates.noindex/xctest-dynamic-overlay.build/Debug-iphonesimulator/IssueReporting.build/DerivedSources-normal/arm64 -Xcc -I/Users/runner/work/Album-Prag/Album-Prag/DerivedData/Build/Intermediates.noindex/xctest-dynamic-overlay.build/Debug-iphonesimulator/IssueReporting.build/DerivedSources/arm64 -Xcc -I/Users/runner/work/Album-Prag/Album-Prag/DerivedData/Build/Intermediates.noindex/xctest-dynamic-overlay.build/Debug-iphonesimulator/IssueReporting.build/DerivedSources -Xcc -DSWIFT_PACKAGE -Xcc -DDEBUG\=1 -emit-objc-header -emit-objc-header-path /Users/runner/work/Album-Prag/Album-Prag/DerivedData/Build/Intermediates.noindex/xctest-dynamic-overlay.build/Debug-iphonesimulator/IssueReporting.build/Objects-normal/arm64/IssueReporting-Swift.h -working-directory /Users/runner/work/Album-Prag/Album-Prag/Album.xcodeproj -experimental-emit-module-separately -disable-cmo

SwiftDriver HTTPTypes normal arm64 com.apple.xcode.tools.swift.compiler (in target 'HTTPTypes' from project 'swift-http-types')
    cd /Users/runner/work/Album-Prag/Album-Prag/Album.xcodeproj
    builtin-SwiftDriver -- /Applications/Xcode_26.6.app/Contents/Developer/Toolchains/XcodeDefault.xctoolchain/usr/bin/swiftc -module-name HTTPTypes -Onone @/Users/runner/work/Album-Prag/Album-Prag/DerivedData/Build/Intermediates.noindex/swift-http-types.build/Debug-iphonesimulator/HTTPTypes.build/Objects-normal/arm64/HTTPTypes.SwiftFileList -DSWIFT_PACKAGE -DDEBUG -DSWIFT_MODULE_RESOURCE_BUNDLE_UNAVAILABLE -DFoundationURL -DXcode -enable-upcoming-feature InternalImportsByDefault -enable-experimental-feature AvailabilityMacro\=HTTPTypes\ 1.0:\ macOS\ 10.0 -enable-experimental-feature AvailabilityMacro\=HTTPTypes\ 1.1:\ macOS\ 10.0 -enable-experimental-feature AvailabilityMacro\=HTTPTypes\ 1.2:\ macOS\ 10.0 -enable-experimental-feature AvailabilityMacro\=HTTPTypes\ 1.3:\ macOS\ 10.0 -enable-experimental-feature AvailabilityMacro\=HTTPTypes\ 1.6:\ macOS\ 10.0 -enable-experimental-feature AvailabilityMacro\=HTTPTypes\ 1.7:\ macOS\ 10.0 -enable-upcoming-feature MemberImportVisibility -plugin-path /Applications/Xcode_26.6.app/Contents/Developer/Toolchains/XcodeDefault.xctoolchain/usr/lib/swift/host/plugins/testing -enable-experimental-feature DebugDescriptionMacro -sdk /Applications/Xcode_26.6.app/Contents/Developer/Platforms/iPhoneSimulator.platform/Developer/SDKs/iPhoneSimulator26.5.sdk -target arm64-apple-ios12.0-simulator -g -module-cache-path /Users/runner/work/Album-Prag/Album-Prag/DerivedData/ModuleCache.noindex -Xfrontend -serialize-debugging-options -enable-testing -suppress-warnings -index-store-path /Users/runner/work/Album-Prag/Album-Prag/DerivedData/Index.noindex/DataStore -Xcc -D_LIBCPP_HARDENING_MODE\=_LIBCPP_HARDENING_MODE_DEBUG -swift-version 6 -I /Users/runner/work/Album-Prag/Album-Prag/DerivedData/Build/Products/Debug-iphonesimulator -Isystem /Applications/Xcode_26.6.app/Contents/Developer/Platforms/iPhoneSimulator.platform/Developer/usr/lib -F /Users/runner/work/Album-Prag/Album-Prag/DerivedData/Build/Products/Debug-iphonesimulator -F /Applications/Xcode_26.6.app/Contents/Developer/Platforms/iPhoneSimulator.platform/Developer/Library/Frameworks -F /Applications/Xcode_26.6.app/Contents/Developer/Platforms/iPhoneSimulator.platform/Developer/SDKs/iPhoneSimulator26.5.sdk/Developer/Library/Frameworks -c -j3 -enable-batch-mode -incremental -Xcc -ivfsstatcache -Xcc /Users/runner/work/Album-Prag/Album-Prag/DerivedData/SDKStatCaches.noindex/iphonesimulator26.5-23F81a-688ef53f1462e2c8f657fdc38a81448ff45c64a1807a658693f2a61704f17a36.sdkstatcache -output-file-map /Users/runner/work/Album-Prag/Album-Prag/DerivedData/Build/Intermediates.noindex/swift-http-types.build/Debug-iphonesimulator/HTTPTypes.build/Objects-normal/arm64/HTTPTypes-OutputFileMap.json -use-frontend-parseable-output -save-temps -no-color-diagnostics -explicit-module-build -module-cache-path /Users/runner/work/Album-Prag/Album-Prag/DerivedData/Build/Intermediates.noindex/SwiftExplicitPrecompiledModules -clang-scanner-module-cache-path /Users/runner/work/Album-Prag/Album-Prag/DerivedData/ModuleCache.noindex -sdk-module-cache-path /Users/runner/work/Album-Prag/Album-Prag/DerivedData/ModuleCache.noindex -serialize-diagnostics -emit-dependencies -emit-module -emit-module-path /Users/runner/work/Album-Prag/Album-Prag/DerivedData/Build/Intermediates.noindex/swift-http-types.build/Debug-iphonesimulator/HTTPTypes.build/Objects-normal/arm64/HTTPTypes.swiftmodule -user-module-version 1.8.0 -validate-clang-modules-once -clang-build-session-file /Users/runner/work/Album-Prag/Album-Prag/DerivedData/ModuleCache.noindex/Session.modulevalidation -package-name swift_http_types -Xcc -I/Users/runner/work/Album-Prag/Album-Prag/DerivedData/Build/Intermediates.noindex/swift-http-types.build/Debug-iphonesimulator/HTTPTypes.build/swift-overrides.hmap -emit-const-values -Xfrontend -const-gather-protocols-file -Xfrontend /Users/runner/work/Album-Prag/Album-Prag/DerivedData/Build/Intermediates.noindex/swift-http-types.build/Debug-iphonesimulator/HTTPTypes.build/Objects-normal/arm64/HTTPTypes_const_extract_protocols.json -Xcc -I/Users/runner/work/Album-Prag/Album-Prag/DerivedData/Build/Products/Debug-iphonesimulator/include -Xcc -I/Users/runner/work/Album-Prag/Album-Prag/DerivedData/Build/Intermediates.noindex/swift-http-types.build/Debug-iphonesimulator/HTTPTypes.build/DerivedSources-normal/arm64 -Xcc -I/Users/runner/work/Album-Prag/Album-Prag/DerivedData/Build/Intermediates.noindex/swift-http-types.build/Debug-iphonesimulator/HTTPTypes.build/DerivedSources/arm64 -Xcc -I/Users/runner/work/Album-Prag/Album-Prag/DerivedData/Build/Intermediates.noindex/swift-http-types.build/Debug-iphonesimulator/HTTPTypes.build/DerivedSources -Xcc -DSWIFT_PACKAGE -Xcc -DDEBUG\=1 -emit-objc-header -emit-objc-header-path /Users/runner/work/Album-Prag/Album-Prag/DerivedData/Build/Intermediates.noindex/swift-http-types.build/Debug-iphonesimulator/HTTPTypes.build/Objects-normal/arm64/HTTPTypes-Swift.h -working-directory /Users/runner/work/Album-Prag/Album-Prag/Album.xcodeproj -experimental-emit-module-separately -disable-cmo

SwiftDriver Crypto normal arm64 com.apple.xcode.tools.swift.compiler (in target 'Crypto' from project 'swift-crypto')
    cd /Users/runner/work/Album-Prag/Album-Prag/Album.xcodeproj
    builtin-SwiftDriver -- /Applications/Xcode_26.6.app/Contents/Developer/Toolchains/XcodeDefault.xctoolchain/usr/bin/swiftc -module-name Crypto -Onone @/Users/runner/work/Album-Prag/Album-Prag/DerivedData/Build/Intermediates.noindex/swift-crypto.build/Debug-iphonesimulator/Crypto.build/Objects-normal/arm64/Crypto.SwiftFileList -DSWIFT_PACKAGE -DDEBUG -DSWIFT_MODULE_RESOURCE_BUNDLE_AVAILABLE -DCRYPTO_IN_SWIFTPM -DXcode -enable-upcoming-feature MemberImportVisibility -plugin-path /Applications/Xcode_26.6.app/Contents/Developer/Toolchains/XcodeDefault.xctoolchain/usr/lib/swift/host/plugins/testing -enable-experimental-feature DebugDescriptionMacro -sdk /Applications/Xcode_26.6.app/Contents/Developer/Platforms/iPhoneSimulator.platform/Developer/SDKs/iPhoneSimulator26.5.sdk -target arm64-apple-ios12.0-simulator -g -module-cache-path /Users/runner/work/Album-Prag/Album-Prag/DerivedData/ModuleCache.noindex -Xfrontend -serialize-debugging-options -enable-testing -suppress-warnings -index-store-path /Users/runner/work/Album-Prag/Album-Prag/DerivedData/Index.noindex/DataStore -Xcc -D_LIBCPP_HARDENING_MODE\=_LIBCPP_HARDENING_MODE_DEBUG -swift-version 6 -I /Users/runner/work/Album-Prag/Album-Prag/DerivedData/Build/Products/Debug-iphonesimulator -Isystem /Applications/Xcode_26.6.app/Contents/Developer/Platforms/iPhoneSimulator.platform/Developer/usr/lib -F /Users/runner/work/Album-Prag/Album-Prag/DerivedData/Build/Products/Debug-iphonesimulator -F /Applications/Xcode_26.6.app/Contents/Developer/Platforms/iPhoneSimulator.platform/Developer/Library/Frameworks -F /Applications/Xcode_26.6.app/Contents/Developer/Platforms/iPhoneSimulator.platform/Developer/SDKs/iPhoneSimulator26.5.sdk/Developer/Library/Frameworks -c -j3 -enable-batch-mode -incremental -Xcc -ivfsstatcache -Xcc /Users/runner/work/Album-Prag/Album-Prag/DerivedData/SDKStatCaches.noindex/iphonesimulator26.5-23F81a-688ef53f1462e2c8f657fdc38a81448ff45c64a1807a658693f2a61704f17a36.sdkstatcache -output-file-map /Users/runner/work/Album-Prag/Album-Prag/DerivedData/Build/Intermediates.noindex/swift-crypto.build/Debug-iphonesimulator/Crypto.build/Objects-normal/arm64/Crypto-OutputFileMap.json -use-frontend-parseable-output -save-temps -no-color-diagnostics -explicit-module-build -module-cache-path /Users/runner/work/Album-Prag/Album-Prag/DerivedData/Build/Intermediates.noindex/SwiftExplicitPrecompiledModules -clang-scanner-module-cache-path /Users/runner/work/Album-Prag/Album-Prag/DerivedData/ModuleCache.noindex -sdk-module-cache-path /Users/runner/work/Album-Prag/Album-Prag/DerivedData/ModuleCache.noindex -serialize-diagnostics -emit-dependencies -emit-module -emit-module-path /Users/runner/work/Album-Prag/Album-Prag/DerivedData/Build/Intermediates.noindex/swift-crypto.build/Debug-iphonesimulator/Crypto.build/Objects-normal/arm64/Crypto.swiftmodule -user-module-version 4.5.2 -validate-clang-modules-once -clang-build-session-file /Users/runner/work/Album-Prag/Album-Prag/DerivedData/ModuleCache.noindex/Session.modulevalidation -package-name swift_crypto -Xcc -I/Users/runner/work/Album-Prag/Album-Prag/DerivedData/Build/Intermediates.noindex/swift-crypto.build/Debug-iphonesimulator/Crypto.build/swift-overrides.hmap -emit-const-values -Xfrontend -const-gather-protocols-file -Xfrontend /Users/runner/work/Album-Prag/Album-Prag/DerivedData/Build/Intermediates.noindex/swift-crypto.build/Debug-iphonesimulator/Crypto.build/Objects-normal/arm64/Crypto_const_extract_protocols.json -Xcc -I/Users/runner/work/Album-Prag/Album-Prag/DerivedData/Build/Products/Debug-iphonesimulator/include -Xcc -I/Users/runner/work/Album-Prag/Album-Prag/DerivedData/Build/Intermediates.noindex/swift-crypto.build/Debug-iphonesimulator/Crypto.build/DerivedSources-normal/arm64 -Xcc -I/Users/runner/work/Album-Prag/Album-Prag/DerivedData/Build/Intermediates.noindex/swift-crypto.build/Debug-iphonesimulator/Crypto.build/DerivedSources/arm64 -Xcc -I/Users/runner/work/Album-Prag/Album-Prag/DerivedData/Build/Intermediates.noindex/swift-crypto.build/Debug-iphonesimulator/Crypto.build/DerivedSources -Xcc -DSWIFT_PACKAGE -Xcc -DDEBUG\=1 -emit-objc-header -emit-objc-header-path /Users/runner/work/Album-Prag/Album-Prag/DerivedData/Build/Intermediates.noindex/swift-crypto.build/Debug-iphonesimulator/Crypto.build/Objects-normal/arm64/Crypto-Swift.h -working-directory /Users/runner/work/Album-Prag/Album-Prag/Album.xcodeproj -experimental-emit-module-separately -disable-cmo

SwiftDriver ConcurrencyExtras normal arm64 com.apple.xcode.tools.swift.compiler (in target 'ConcurrencyExtras' from project 'swift-concurrency-extras')
    cd /Users/runner/work/Album-Prag/Album-Prag/Album.xcodeproj
    builtin-SwiftDriver -- /Applications/Xcode_26.6.app/Contents/Developer/Toolchains/XcodeDefault.xctoolchain/usr/bin/swiftc -module-name ConcurrencyExtras -Onone @/Users/runner/work/Album-Prag/Album-Prag/DerivedData/Build/Intermediates.noindex/swift-concurrency-extras.build/Debug-iphonesimulator/ConcurrencyExtras.build/Objects-normal/arm64/ConcurrencyExtras.SwiftFileList -DSWIFT_PACKAGE -DDEBUG -DSWIFT_MODULE_RESOURCE_BUNDLE_UNAVAILABLE -DXcode -enable-upcoming-feature ExistentialAny -enable-upcoming-feature ImmutableWeakCaptures -enable-upcoming-feature InferIsolatedConformances -enable-upcoming-feature InternalImportsByDefault -enable-upcoming-feature MemberImportVisibility -enable-upcoming-feature NonisolatedNonsendingByDefault -plugin-path /Applications/Xcode_26.6.app/Contents/Developer/Toolchains/XcodeDefault.xctoolchain/usr/lib/swift/host/plugins/testing -enable-experimental-feature DebugDescriptionMacro -sdk /Applications/Xcode_26.6.app/Contents/Developer/Platforms/iPhoneSimulator.platform/Developer/SDKs/iPhoneSimulator26.5.sdk -target arm64-apple-ios13.0-simulator -g -module-cache-path /Users/runner/work/Album-Prag/Album-Prag/DerivedData/ModuleCache.noindex -Xfrontend -serialize-debugging-options -enable-testing -suppress-warnings -index-store-path /Users/runner/work/Album-Prag/Album-Prag/DerivedData/Index.noindex/DataStore -Xcc -D_LIBCPP_HARDENING_MODE\=_LIBCPP_HARDENING_MODE_DEBUG -swift-version 6 -I /Users/runner/work/Album-Prag/Album-Prag/DerivedData/Build/Products/Debug-iphonesimulator -Isystem /Applications/Xcode_26.6.app/Contents/Developer/Platforms/iPhoneSimulator.platform/Developer/usr/lib -F /Users/runner/work/Album-Prag/Album-Prag/DerivedData/Build/Products/Debug-iphonesimulator -F /Applications/Xcode_26.6.app/Contents/Developer/Platforms/iPhoneSimulator.platform/Developer/Library/Frameworks -F /Applications/Xcode_26.6.app/Contents/Developer/Platforms/iPhoneSimulator.platform/Developer/SDKs/iPhoneSimulator26.5.sdk/Developer/Library/Frameworks -c -j3 -enable-batch-mode -incremental -Xcc -ivfsstatcache -Xcc /Users/runner/work/Album-Prag/Album-Prag/DerivedData/SDKStatCaches.noindex/iphonesimulator26.5-23F81a-688ef53f1462e2c8f657fdc38a81448ff45c64a1807a658693f2a61704f17a36.sdkstatcache -output-file-map /Users/runner/work/Album-Prag/Album-Prag/DerivedData/Build/Intermediates.noindex/swift-concurrency-extras.build/Debug-iphonesimulator/ConcurrencyExtras.build/Objects-normal/arm64/ConcurrencyExtras-OutputFileMap.json -use-frontend-parseable-output -save-temps -no-color-diagnostics -explicit-module-build -module-cache-path /Users/runner/work/Album-Prag/Album-Prag/DerivedData/Build/Intermediates.noindex/SwiftExplicitPrecompiledModules -clang-scanner-module-cache-path /Users/runner/work/Album-Prag/Album-Prag/DerivedData/ModuleCache.noindex -sdk-module-cache-path /Users/runner/work/Album-Prag/Album-Prag/DerivedData/ModuleCache.noindex -serialize-diagnostics -emit-dependencies -emit-module -emit-module-path /Users/runner/work/Album-Prag/Album-Prag/DerivedData/Build/Intermediates.noindex/swift-concurrency-extras.build/Debug-iphonesimulator/ConcurrencyExtras.build/Objects-normal/arm64/ConcurrencyExtras.swiftmodule -user-module-version 1.4.1 -validate-clang-modules-once -clang-build-session-file /Users/runner/work/Album-Prag/Album-Prag/DerivedData/ModuleCache.noindex/Session.modulevalidation -package-name swift_concurrency_extras -Xcc -I/Users/runner/work/Album-Prag/Album-Prag/DerivedData/Build/Intermediates.noindex/swift-concurrency-extras.build/Debug-iphonesimulator/ConcurrencyExtras.build/swift-overrides.hmap -emit-const-values -Xfrontend -const-gather-protocols-file -Xfrontend /Users/runner/work/Album-Prag/Album-Prag/DerivedData/Build/Intermediates.noindex/swift-concurrency-extras.build/Debug-iphonesimulator/ConcurrencyExtras.build/Objects-normal/arm64/ConcurrencyExtras_const_extract_protocols.json -Xcc -I/Users/runner/work/Album-Prag/Album-Prag/DerivedData/Build/Products/Debug-iphonesimulator/include -Xcc -I/Users/runner/work/Album-Prag/Album-Prag/DerivedData/Build/Intermediates.noindex/swift-concurrency-extras.build/Debug-iphonesimulator/ConcurrencyExtras.build/DerivedSources-normal/arm64 -Xcc -I/Users/runner/work/Album-Prag/Album-Prag/DerivedData/Build/Intermediates.noindex/swift-concurrency-extras.build/Debug-iphonesimulator/ConcurrencyExtras.build/DerivedSources/arm64 -Xcc -I/Users/runner/work/Album-Prag/Album-Prag/DerivedData/Build/Intermediates.noindex/swift-concurrency-extras.build/Debug-iphonesimulator/ConcurrencyExtras.build/DerivedSources -Xcc -DSWIFT_PACKAGE -Xcc -DDEBUG\=1 -emit-objc-header -emit-objc-header-path /Users/runner/work/Album-Prag/Album-Prag/DerivedData/Build/Intermediates.noindex/swift-concurrency-extras.build/Debug-iphonesimulator/ConcurrencyExtras.build/Objects-normal/arm64/ConcurrencyExtras-Swift.h -working-directory /Users/runner/work/Album-Prag/Album-Prag/Album.xcodeproj -experimental-emit-module-separately -disable-cmo

SwiftDriver AlbumShare normal arm64 com.apple.xcode.tools.swift.compiler (in target 'AlbumShare' from project 'Album')
    cd /Users/runner/work/Album-Prag/Album-Prag
    builtin-SwiftDriver -- /Applications/Xcode_26.6.app/Contents/Developer/Toolchains/XcodeDefault.xctoolchain/usr/bin/swiftc -module-name AlbumShare -Onone @/Users/runner/work/Album-Prag/Album-Prag/DerivedData/Build/Intermediates.noindex/Album.build/Debug-iphonesimulator/AlbumShare.build/Objects-normal/arm64/AlbumShare.SwiftFileList -DDEBUG -enable-bare-slash-regex -enable-experimental-feature DebugDescriptionMacro -sdk /Applications/Xcode_26.6.app/Contents/Developer/Platforms/iPhoneSimulator.platform/Developer/SDKs/iPhoneSimulator26.5.sdk -target arm64-apple-ios17.0-simulator -g -module-cache-path /Users/runner/work/Album-Prag/Album-Prag/DerivedData/ModuleCache.noindex -Xfrontend -serialize-debugging-options -application-extension -enable-testing -index-store-path /Users/runner/work/Album-Prag/Album-Prag/DerivedData/Index.noindex/DataStore -Xcc -D_LIBCPP_HARDENING_MODE\=_LIBCPP_HARDENING_MODE_DEBUG -swift-version 5 -I /Users/runner/work/Album-Prag/Album-Prag/DerivedData/Build/Products/Debug-iphonesimulator -F /Users/runner/work/Album-Prag/Album-Prag/DerivedData/Build/Products/Debug-iphonesimulator -c -j3 -enable-batch-mode -incremental -Xcc -ivfsstatcache -Xcc /Users/runner/work/Album-Prag/Album-Prag/DerivedData/SDKStatCaches.noindex/iphonesimulator26.5-23F81a-688ef53f1462e2c8f657fdc38a81448ff45c64a1807a658693f2a61704f17a36.sdkstatcache -output-file-map /Users/runner/work/Album-Prag/Album-Prag/DerivedData/Build/Intermediates.noindex/Album.build/Debug-iphonesimulator/AlbumShare.build/Objects-normal/arm64/AlbumShare-OutputFileMap.json -use-frontend-parseable-output -save-temps -no-color-diagnostics -explicit-module-build -module-cache-path /Users/runner/work/Album-Prag/Album-Prag/DerivedData/Build/Intermediates.noindex/SwiftExplicitPrecompiledModules -clang-scanner-module-cache-path /Users/runner/work/Album-Prag/Album-Prag/DerivedData/ModuleCache.noindex -sdk-module-cache-path /Users/runner/work/Album-Prag/Album-Prag/DerivedData/ModuleCache.noindex -serialize-diagnostics -emit-dependencies -emit-module -emit-module-path /Users/runner/work/Album-Prag/Album-Prag/DerivedData/Build/Intermediates.noindex/Album.build/Debug-iphonesimulator/AlbumShare.build/Objects-normal/arm64/AlbumShare.swiftmodule -validate-clang-modules-once -clang-build-session-file /Users/runner/work/Album-Prag/Album-Prag/DerivedData/ModuleCache.noindex/Session.modulevalidation -Xcc -I/Users/runner/work/Album-Prag/Album-Prag/DerivedData/Build/Intermediates.noindex/Album.build/Debug-iphonesimulator/AlbumShare.build/swift-overrides.hmap -emit-const-values -Xfrontend -const-gather-protocols-file -Xfrontend /Users/runner/work/Album-Prag/Album-Prag/DerivedData/Build/Intermediates.noindex/Album.build/Debug-iphonesimulator/AlbumShare.build/Objects-normal/arm64/AlbumShare_const_extract_protocols.json -Xcc -iquote -Xcc /Users/runner/work/Album-Prag/Album-Prag/DerivedData/Build/Intermediates.noindex/Album.build/Debug-iphonesimulator/AlbumShare.build/AlbumShare-generated-files.hmap -Xcc -I/Users/runner/work/Album-Prag/Album-Prag/DerivedData/Build/Intermediates.noindex/Album.build/Debug-iphonesimulator/AlbumShare.build/AlbumShare-own-target-headers.hmap -Xcc -I/Users/runner/work/Album-Prag/Album-Prag/DerivedData/Build/Intermediates.noindex/Album.build/Debug-iphonesimulator/AlbumShare.build/AlbumShare-all-non-framework-target-headers.hmap -Xcc -ivfsoverlay -Xcc /Users/runner/work/Album-Prag/Album-Prag/DerivedData/Build/Intermediates.noindex/Album.build/Debug-iphonesimulator/Album-59f78f5c0bff10c2956812cb85339bbd-VFS-iphonesimulator/all-product-headers.yaml -Xcc -iquote -Xcc /Users/runner/work/Album-Prag/Album-Prag/DerivedData/Build/Intermediates.noindex/Album.build/Debug-iphonesimulator/AlbumShare.build/AlbumShare-project-headers.hmap -Xcc -I/Users/runner/work/Album-Prag/Album-Prag/DerivedData/Build/Products/Debug-iphonesimulator/include -Xcc -I/Users/runner/work/Album-Prag/Album-Prag/DerivedData/Build/Intermediates.noindex/Album.build/Debug-iphonesimulator/AlbumShare.build/DerivedSources-normal/arm64 -Xcc -I/Users/runner/work/Album-Prag/Album-Prag/DerivedData/Build/Intermediates.noindex/Album.build/Debug-iphonesimulator/AlbumShare.build/DerivedSources/arm64 -Xcc -I/Users/runner/work/Album-Prag/Album-Prag/DerivedData/Build/Intermediates.noindex/Album.build/Debug-iphonesimulator/AlbumShare.build/DerivedSources -Xcc -DDEBUG\=1 -emit-objc-header -emit-objc-header-path /Users/runner/work/Album-Prag/Album-Prag/DerivedData/Build/Intermediates.noindex/Album.build/Debug-iphonesimulator/AlbumShare.build/Objects-normal/arm64/AlbumShare-Swift.h -working-directory /Users/runner/work/Album-Prag/Album-Prag -experimental-emit-module-separately -disable-cmo

SwiftExplicitDependencyGeneratePcm arm64 /Users/runner/work/Album-Prag/Album-Prag/DerivedData/ModuleCache.noindex/_Builtin_stdarg-1WEA7ZIYRWDLI369JOZ148YHC.pcm

SwiftExplicitDependencyGeneratePcm arm64 /Users/runner/work/Album-Prag/Album-Prag/DerivedData/ModuleCache.noindex/ptrauth-7IUJKDSCJDFS9EPZLLP9X8F8T.pcm

SwiftExplicitDependencyGeneratePcm arm64 /Users/runner/work/Album-Prag/Album-Prag/DerivedData/ModuleCache.noindex/SwiftShims-93Z3RM9KMP2FBS90DMAKE6W3I.pcm

SwiftExplicitDependencyGeneratePcm arm64 /Users/runner/work/Album-Prag/Album-Prag/DerivedData/ModuleCache.noindex/_Builtin_stddef-7EBZBSLW124J882WRU1FG1ARL.pcm

SwiftExplicitDependencyGeneratePcm arm64 /Users/runner/work/Album-Prag/Album-Prag/DerivedData/ModuleCache.noindex/_SwiftConcurrencyShims-26FT4AFG62WSRCIT91OI3LWRU.pcm

SwiftExplicitDependencyGeneratePcm arm64 /Users/runner/work/Album-Prag/Album-Prag/DerivedData/ModuleCache.noindex/_AvailabilityInternal-53PP4JOU0U45IOWTCP4ED6EMX.pcm

SwiftExplicitDependencyGeneratePcm arm64 /Users/runner/work/Album-Prag/Album-Prag/DerivedData/ModuleCache.noindex/ptrcheck-8JD713KEQKP37YBIJ8IX4BIFY.pcm

SwiftExplicitDependencyGeneratePcm arm64 /Users/runner/work/Album-Prag/Album-Prag/DerivedData/ModuleCache.noindex/_Builtin_stdbool-3PRJPSJMT1OW2B1OVGN7MXV99.pcm

SwiftExplicitDependencyGeneratePcm arm64 /Users/runner/work/Album-Prag/Album-Prag/DerivedData/ModuleCache.noindex/_Builtin_float-CSX39LQIMGA35XWX7LY6CI83C.pcm

SwiftExplicitDependencyGeneratePcm arm64 /Users/runner/work/Album-Prag/Album-Prag/DerivedData/ModuleCache.noindex/_DarwinFoundation1-EUBIFC2A4YWNYWO9N0S9Q8WMI.pcm

SwiftExplicitDependencyGeneratePcm arm64 /Users/runner/work/Album-Prag/Album-Prag/DerivedData/ModuleCache.noindex/_DarwinFoundation2-B2OX990OFVFCFD1QC54IYLP1B.pcm

SwiftExplicitDependencyGeneratePcm arm64 /Users/runner/work/Album-Prag/Album-Prag/DerivedData/ModuleCache.noindex/_Builtin_limits-7BEPSXWZUB2ZNHR9B7A46GDD5.pcm

SwiftExplicitDependencyGeneratePcm arm64 /Users/runner/work/Album-Prag/Album-Prag/DerivedData/ModuleCache.noindex/sys_types-2U1A4P5BQS1JTDL48JHDAT945.pcm

SwiftExplicitDependencyGeneratePcm arm64 /Users/runner/work/Album-Prag/Album-Prag/DerivedData/ModuleCache.noindex/_Builtin_stdint-E2B9LZVURQXZ36CFAOTAH06T2.pcm

SwiftExplicitDependencyGeneratePcm arm64 /Users/runner/work/Album-Prag/Album-Prag/DerivedData/ModuleCache.noindex/_DarwinFoundation3-6QVF5T2EGYZUCKD8QEW7JNXMB.pcm

SwiftExplicitDependencyGeneratePcm arm64 /Users/runner/work/Album-Prag/Album-Prag/DerivedData/ModuleCache.noindex/_Builtin_stdatomic-485C6M3T1QKUO6OGEBVYSZ3S0.pcm

SwiftExplicitDependencyGeneratePcm arm64 /Users/runner/work/Album-Prag/Album-Prag/DerivedData/ModuleCache.noindex/_Builtin_inttypes-AB7Y72QLF7B00LOVSPJ4DLY8K.pcm

SwiftExplicitDependencyGeneratePcm arm64 /Users/runner/work/Album-Prag/Album-Prag/DerivedData/ModuleCache.noindex/Darwin-30D7WCWUMOLAVR6B0B9Y4CHJI.pcm

SwiftExplicitDependencyGeneratePcm arm64 /Users/runner/work/Album-Prag/Album-Prag/DerivedData/ModuleCache.noindex/_Builtin_stddef-619MA9E7O6HZ6UZI7VQY04NBT.pcm

SwiftExplicitDependencyGeneratePcm arm64 /Users/runner/work/Album-Prag/Album-Prag/DerivedData/ModuleCache.noindex/_SwiftConcurrencyShims-46GTVENYX2OILPF1D4OGMHTS2.pcm

SwiftExplicitDependencyGeneratePcm arm64 /Users/runner/work/Album-Prag/Album-Prag/DerivedData/ModuleCache.noindex/ptrauth-DIN4Y54TNU7B6WATAF5ISV13X.pcm

SwiftExplicitDependencyGeneratePcm arm64 /Users/runner/work/Album-Prag/Album-Prag/DerivedData/ModuleCache.noindex/_Builtin_stdarg-7CVNH5JTBMIZ6LVOXPBVFWKGY.pcm

SwiftExplicitDependencyGeneratePcm arm64 /Users/runner/work/Album-Prag/Album-Prag/DerivedData/ModuleCache.noindex/ptrcheck-86NANMT84GZYJQ3ULYLK3RBPF.pcm

SwiftExplicitDependencyGeneratePcm arm64 /Users/runner/work/Album-Prag/Album-Prag/DerivedData/ModuleCache.noindex/_AvailabilityInternal-B26LLR7YVGYP0FGH9KZRVK7X6.pcm

SwiftExplicitDependencyGeneratePcm arm64 /Users/runner/work/Album-Prag/Album-Prag/DerivedData/ModuleCache.noindex/SwiftShims-71GP6UG6NSFDQXGTCLJ71YJ1S.pcm

SwiftExplicitDependencyGeneratePcm arm64 /Users/runner/work/Album-Prag/Album-Prag/DerivedData/ModuleCache.noindex/DeveloperToolsSupport-ELHC7DMS7D5XGL497WYLHMQ73.pcm

SwiftExplicitDependencyGeneratePcm arm64 /Users/runner/work/Album-Prag/Album-Prag/DerivedData/ModuleCache.noindex/_DarwinFoundation1-AZD3EIDZ7CCJLQMRI7NQL36VG.pcm

SwiftExplicitDependencyGeneratePcm arm64 /Users/runner/work/Album-Prag/Album-Prag/DerivedData/ModuleCache.noindex/_Builtin_float-EXL8C4W4OG68HISTANTRW7Y38.pcm

SwiftExplicitDependencyGeneratePcm arm64 /Users/runner/work/Album-Prag/Album-Prag/DerivedData/ModuleCache.noindex/_Builtin_stdbool-8L8NBKZTVUA70GI3H1D84RH5A.pcm

SwiftExplicitDependencyGeneratePcm arm64 /Users/runner/work/Album-Prag/Album-Prag/DerivedData/ModuleCache.noindex/ObjectiveC-71XH1AK8781REUHE33A8XPNS2.pcm

SwiftExplicitDependencyGeneratePcm arm64 /Users/runner/work/Album-Prag/Album-Prag/DerivedData/ModuleCache.noindex/MachO-EKG1VW1HZT31CPT27U5KBR95W.pcm

SwiftExplicitDependencyGeneratePcm arm64 /Users/runner/work/Album-Prag/Album-Prag/DerivedData/ModuleCache.noindex/_DarwinFoundation2-7UE7LDINHX22V8B4ST6FGM64L.pcm

SwiftExplicitDependencyGeneratePcm arm64 /Users/runner/work/Album-Prag/Album-Prag/DerivedData/ModuleCache.noindex/_Builtin_limits-4MNA05W82TCK1VID6PRSADY4F.pcm

SwiftExplicitDependencyGeneratePcm arm64 /Users/runner/work/Album-Prag/Album-Prag/DerivedData/ModuleCache.noindex/os_object-35YNZ6O2N0W78E36K2TLWHOZ2.pcm

SwiftExplicitDependencyGeneratePcm arm64 /Users/runner/work/Album-Prag/Album-Prag/DerivedData/ModuleCache.noindex/sys_types-BBIF30556RV4MUC87T89A3ZGG.pcm

SwiftExplicitDependencyGeneratePcm arm64 /Users/runner/work/Album-Prag/Album-Prag/DerivedData/ModuleCache.noindex/_Builtin_stdint-8QW4M7JYPXNF3W1TGO6FLA5WM.pcm

SwiftExplicitDependencyGeneratePcm arm64 /Users/runner/work/Album-Prag/Album-Prag/DerivedData/ModuleCache.noindex/_Builtin_tgmath-BMMZPUW3FHLNU0RBMOTEND0PB.pcm

SwiftExplicitDependencyGeneratePcm arm64 /Users/runner/work/Album-Prag/Album-Prag/DerivedData/ModuleCache.noindex/os_workgroup-98Z9TN35ITOG8UPF4BYR4H16G.pcm

SwiftExplicitDependencyGeneratePcm arm64 /Users/runner/work/Album-Prag/Album-Prag/DerivedData/ModuleCache.noindex/_Builtin_stdatomic-1L8PDH9WIY8SC0D5DACCVD69D.pcm

SwiftExplicitDependencyGeneratePcm arm64 /Users/runner/work/Album-Prag/Album-Prag/DerivedData/ModuleCache.noindex/_DarwinFoundation3-AJQUZ9YT38L3CSMLEY5HZBLUO.pcm

SwiftExplicitDependencyGeneratePcm arm64 /Users/runner/work/Album-Prag/Album-Prag/DerivedData/ModuleCache.noindex/_Builtin_intrinsics-BRYDEE0F3FRK22MJQNBP6QE2K.pcm

SwiftExplicitDependencyGeneratePcm arm64 /Users/runner/work/Album-Prag/Album-Prag/DerivedData/ModuleCache.noindex/Dispatch-3CNZW2132VTO01LVPB4JG5WVB.pcm

SwiftExplicitDependencyGeneratePcm arm64 /Users/runner/work/Album-Prag/Album-Prag/DerivedData/ModuleCache.noindex/_Builtin_inttypes-ELY6JUIFL9B9QVER1JP17CRK1.pcm

SwiftExplicitDependencyGeneratePcm arm64 /Users/runner/work/Album-Prag/Album-Prag/DerivedData/ModuleCache.noindex/XPC-6J62Y2EUPCNTVF1RKQGZNP7VC.pcm

SwiftExplicitDependencyGeneratePcm arm64 /Users/runner/work/Album-Prag/Album-Prag/DerivedData/ModuleCache.noindex/CoreFoundation-BWTKBJ4WA3RZIY5IW3VT5EAGT.pcm

SwiftExplicitDependencyGeneratePcm arm64 /Users/runner/work/Album-Prag/Album-Prag/DerivedData/ModuleCache.noindex/Darwin-5HPBYIJBG6RGBZEAVY4KL201M.pcm

SwiftExplicitDependencyGeneratePcm arm64 /Users/runner/work/Album-Prag/Album-Prag/DerivedData/ModuleCache.noindex/os-60N21YDKEJ7IKBL6M5K83H1Z7.pcm

SwiftExplicitDependencyGeneratePcm arm64 /Users/runner/work/Album-Prag/Album-Prag/DerivedData/ModuleCache.noindex/simd-NGE0WFFP66RP2FD7IDRFC987.pcm

SwiftExplicitDependencyGeneratePcm arm64 /Users/runner/work/Album-Prag/Album-Prag/DerivedData/ModuleCache.noindex/Security-6R8QSD4ZHJSK8C4MNLG72T3OG.pcm

SwiftExplicitDependencyGeneratePcm arm64 /Users/runner/work/Album-Prag/Album-Prag/DerivedData/ModuleCache.noindex/CFNetwork-4Z81Y9KVNRTFQRZRP6TDRGR4C.pcm

SwiftExplicitDependencyGeneratePcm arm64 /Users/runner/work/Album-Prag/Album-Prag/DerivedData/ModuleCache.noindex/MachO-2Z72SB15YG69G5VXH1JHMG4L.pcm

SwiftExplicitDependencyGeneratePcm arm64 /Users/runner/work/Album-Prag/Album-Prag/DerivedData/ModuleCache.noindex/ObjectiveC-432UE7MI30LPP5DV0Y101TBB6.pcm

SwiftExplicitDependencyGeneratePcm arm64 /Users/runner/work/Album-Prag/Album-Prag/DerivedData/ModuleCache.noindex/Foundation-58PCQCL1CLB7T9SLZIYSRI8UF.pcm

SwiftExplicitDependencyGeneratePcm arm64 /Users/runner/work/Album-Prag/Album-Prag/DerivedData/ModuleCache.noindex/os_object-B1OTM754IHF9HWNN8ZDMUEJ0Z.pcm

SwiftExplicitDependencyGeneratePcm arm64 /Users/runner/work/Album-Prag/Album-Prag/DerivedData/ModuleCache.noindex/os_workgroup-CI81DJOU7BB85HLNA19JS2RGP.pcm

SwiftExplicitDependencyGeneratePcm arm64 /Users/runner/work/Album-Prag/Album-Prag/DerivedData/ModuleCache.noindex/Dispatch-35YF73TEWPTVTG2JFT9A0IV04.pcm

SwiftExplicitDependencyGeneratePcm arm64 /Users/runner/work/Album-Prag/Album-Prag/DerivedData/ModuleCache.noindex/Spatial-D10D7VPS1Z1G3UZAF9ATU2CQ5.pcm

SwiftExplicitDependencyGeneratePcm arm64 /Users/runner/work/Album-Prag/Album-Prag/DerivedData/ModuleCache.noindex/XPC-3CD14AWMM25R93L4ROEF5E68L.pcm

SwiftExplicitDependencyGeneratePcm arm64 /Users/runner/work/Album-Prag/Album-Prag/DerivedData/ModuleCache.noindex/CoreFoundation-MZN98SYRI8W6AGEVQCTKF848.pcm

SwiftExplicitDependencyGeneratePcm arm64 /Users/runner/work/Album-Prag/Album-Prag/DerivedData/ModuleCache.noindex/os-26FSJHOVUGPKX5614Q3KUEWC1.pcm

SwiftEmitModule normal arm64 Emitting\ module\ for\ IssueReporting (in target 'IssueReporting' from project 'xctest-dynamic-overlay')
EmitSwiftModule normal arm64 (in target 'IssueReporting' from project 'xctest-dynamic-overlay')
    cd /Users/runner/work/Album-Prag/Album-Prag/Album.xcodeproj
    

SwiftEmitModule normal arm64 Emitting\ module\ for\ HTTPTypes (in target 'HTTPTypes' from project 'swift-http-types')

EmitSwiftModule normal arm64 (in target 'HTTPTypes' from project 'swift-http-types')
    cd /Users/runner/work/Album-Prag/Album-Prag/Album.xcodeproj
    

SwiftEmitModule normal arm64 Emitting\ module\ for\ ConcurrencyExtras (in target 'ConcurrencyExtras' from project 'swift-concurrency-extras')

EmitSwiftModule normal arm64 (in target 'ConcurrencyExtras' from project 'swift-concurrency-extras')
    cd /Users/runner/work/Album-Prag/Album-Prag/Album.xcodeproj
    

SwiftExplicitDependencyGeneratePcm arm64 /Users/runner/work/Album-Prag/Album-Prag/DerivedData/ModuleCache.noindex/CFNetwork-85NQV5ICQEFLYBMB456FSBM55.pcm

SwiftDriverJobDiscovery normal arm64 Emitting module for ConcurrencyExtras (in target 'ConcurrencyExtras' from project 'swift-concurrency-extras')

SwiftDriver\ Compilation\ Requirements ConcurrencyExtras normal arm64 com.apple.xcode.tools.swift.compiler (in target 'ConcurrencyExtras' from project 'swift-concurrency-extras')
    cd /Users/runner/work/Album-Prag/Album-Prag/Album.xcodeproj
    builtin-Swift-Compilation-Requirements -- /Applications/Xcode_26.6.app/Contents/Developer/Toolchains/XcodeDefault.xctoolchain/usr/bin/swiftc -module-name ConcurrencyExtras -Onone @/Users/runner/work/Album-Prag/Album-Prag/DerivedData/Build/Intermediates.noindex/swift-concurrency-extras.build/Debug-iphonesimulator/ConcurrencyExtras.build/Objects-normal/arm64/ConcurrencyExtras.SwiftFileList -DSWIFT_PACKAGE -DDEBUG -DSWIFT_MODULE_RESOURCE_BUNDLE_UNAVAILABLE -DXcode -enable-upcoming-feature ExistentialAny -enable-upcoming-feature ImmutableWeakCaptures -enable-upcoming-feature InferIsolatedConformances -enable-upcoming-feature InternalImportsByDefault -enable-upcoming-feature MemberImportVisibility -enable-upcoming-feature NonisolatedNonsendingByDefault -plugin-path /Applications/Xcode_26.6.app/Contents/Developer/Toolchains/XcodeDefault.xctoolchain/usr/lib/swift/host/plugins/testing -enable-experimental-feature DebugDescriptionMacro -sdk /Applications/Xcode_26.6.app/Contents/Developer/Platforms/iPhoneSimulator.platform/Developer/SDKs/iPhoneSimulator26.5.sdk -target arm64-apple-ios13.0-simulator -g -module-cache-path /Users/runner/work/Album-Prag/Album-Prag/DerivedData/ModuleCache.noindex -Xfrontend -serialize-debugging-options -enable-testing -suppress-warnings -index-store-path /Users/runner/work/Album-Prag/Album-Prag/DerivedData/Index.noindex/DataStore -Xcc -D_LIBCPP_HARDENING_MODE\=_LIBCPP_HARDENING_MODE_DEBUG -swift-version 6 -I /Users/runner/work/Album-Prag/Album-Prag/DerivedData/Build/Products/Debug-iphonesimulator -Isystem /Applications/Xcode_26.6.app/Contents/Developer/Platforms/iPhoneSimulator.platform/Developer/usr/lib -F /Users/runner/work/Album-Prag/Album-Prag/DerivedData/Build/Products/Debug-iphonesimulator -F /Applications/Xcode_26.6.app/Contents/Developer/Platforms/iPhoneSimulator.platform/Developer/Library/Frameworks -F /Applications/Xcode_26.6.app/Contents/Developer/Platforms/iPhoneSimulator.platform/Developer/SDKs/iPhoneSimulator26.5.sdk/Developer/Library/Frameworks -c -j3 -enable-batch-mode -incremental -Xcc -ivfsstatcache -Xcc /Users/runner/work/Album-Prag/Album-Prag/DerivedData/SDKStatCaches.noindex/iphonesimulator26.5-23F81a-688ef53f1462e2c8f657fdc38a81448ff45c64a1807a658693f2a61704f17a36.sdkstatcache -output-file-map /Users/runner/work/Album-Prag/Album-Prag/DerivedData/Build/Intermediates.noindex/swift-concurrency-extras.build/Debug-iphonesimulator/ConcurrencyExtras.build/Objects-normal/arm64/ConcurrencyExtras-OutputFileMap.json -use-frontend-parseable-output -save-temps -no-color-diagnostics -explicit-module-build -module-cache-path /Users/runner/work/Album-Prag/Album-Prag/DerivedData/Build/Intermediates.noindex/SwiftExplicitPrecompiledModules -clang-scanner-module-cache-path /Users/runner/work/Album-Prag/Album-Prag/DerivedData/ModuleCache.noindex -sdk-module-cache-path /Users/runner/work/Album-Prag/Album-Prag/DerivedData/ModuleCache.noindex -serialize-diagnostics -emit-dependencies -emit-module -emit-module-path /Users/runner/work/Album-Prag/Album-Prag/DerivedData/Build/Intermediates.noindex/swift-concurrency-extras.build/Debug-iphonesimulator/ConcurrencyExtras.build/Objects-normal/arm64/ConcurrencyExtras.swiftmodule -user-module-version 1.4.1 -validate-clang-modules-once -clang-build-session-file /Users/runner/work/Album-Prag/Album-Prag/DerivedData/ModuleCache.noindex/Session.modulevalidation -package-name swift_concurrency_extras -Xcc -I/Users/runner/work/Album-Prag/Album-Prag/DerivedData/Build/Intermediates.noindex/swift-concurrency-extras.build/Debug-iphonesimulator/ConcurrencyExtras.build/swift-overrides.hmap -emit-const-values -Xfrontend -const-gather-protocols-file -Xfrontend /Users/runner/work/Album-Prag/Album-Prag/DerivedData/Build/Intermediates.noindex/swift-concurrency-extras.build/Debug-iphonesimulator/ConcurrencyExtras.build/Objects-normal/arm64/ConcurrencyExtras_const_extract_protocols.json -Xcc -I/Users/runner/work/Album-Prag/Album-Prag/DerivedData/Build/Products/Debug-iphonesimulator/include -Xcc -I/Users/runner/work/Album-Prag/Album-Prag/DerivedData/Build/Intermediates.noindex/swift-concurrency-extras.build/Debug-iphonesimulator/ConcurrencyExtras.build/DerivedSources-normal/arm64 -Xcc -I/Users/runner/work/Album-Prag/Album-Prag/DerivedData/Build/Intermediates.noindex/swift-concurrency-extras.build/Debug-iphonesimulator/ConcurrencyExtras.build/DerivedSources/arm64 -Xcc -I/Users/runner/work/Album-Prag/Album-Prag/DerivedData/Build/Intermediates.noindex/swift-concurrency-extras.build/Debug-iphonesimulator/ConcurrencyExtras.build/DerivedSources -Xcc -DSWIFT_PACKAGE -Xcc -DDEBUG\=1 -emit-objc-header -emit-objc-header-path /Users/runner/work/Album-Prag/Album-Prag/DerivedData/Build/Intermediates.noindex/swift-concurrency-extras.build/Debug-iphonesimulator/ConcurrencyExtras.build/Objects-normal/arm64/ConcurrencyExtras-Swift.h -working-directory /Users/runner/work/Album-Prag/Album-Prag/Album.xcodeproj -experimental-emit-module-separately -disable-cmo

SwiftExplicitDependencyGeneratePcm arm64 /Users/runner/work/Album-Prag/Album-Prag/DerivedData/ModuleCache.noindex/Security-1NLX9BA47L9SLSH7DQYZMCNM9.pcm

SwiftMergeGeneratedHeaders /Users/runner/work/Album-Prag/Album-Prag/DerivedData/Build/Intermediates.noindex/GeneratedModuleMaps-iphonesimulator/ConcurrencyExtras-Swift.h /Users/runner/work/Album-Prag/Album-Prag/DerivedData/Build/Intermediates.noindex/swift-concurrency-extras.build/Debug-iphonesimulator/ConcurrencyExtras.build/Objects-normal/arm64/ConcurrencyExtras-Swift.h (in target 'ConcurrencyExtras' from project 'swift-concurrency-extras')
    cd /Users/runner/work/Album-Prag/Album-Prag/DerivedData/SourcePackages/checkouts/swift-concurrency-extras
    builtin-swiftHeaderTool -arch arm64 /Users/runner/work/Album-Prag/Album-Prag/DerivedData/Build/Intermediates.noindex/swift-concurrency-extras.build/Debug-iphonesimulator/ConcurrencyExtras.build/Objects-normal/arm64/ConcurrencyExtras-Swift.h -o /Users/runner/work/Album-Prag/Album-Prag/DerivedData/Build/Intermediates.noindex/GeneratedModuleMaps-iphonesimulator/ConcurrencyExtras-Swift.h

Copy /Users/runner/work/Album-Prag/Album-Prag/DerivedData/Build/Products/Debug-iphonesimulator/ConcurrencyExtras.swiftmodule/arm64-apple-ios-simulator.swiftmodule /Users/runner/work/Album-Prag/Album-Prag/DerivedData/Build/Intermediates.noindex/swift-concurrency-extras.build/Debug-iphonesimulator/ConcurrencyExtras.build/Objects-normal/arm64/ConcurrencyExtras.swiftmodule (in target 'ConcurrencyExtras' from project 'swift-concurrency-extras')
    cd /Users/runner/work/Album-Prag/Album-Prag/DerivedData/SourcePackages/checkouts/swift-concurrency-extras
    builtin-copy -exclude .DS_Store -exclude CVS -exclude .svn -exclude .git -exclude .hg -resolve-src-symlinks -rename /Users/runner/work/Album-Prag/Album-Prag/DerivedData/Build/Intermediates.noindex/swift-concurrency-extras.build/Debug-iphonesimulator/ConcurrencyExtras.build/Objects-normal/arm64/ConcurrencyExtras.swiftmodule /Users/runner/work/Album-Prag/Album-Prag/DerivedData/Build/Products/Debug-iphonesimulator/ConcurrencyExtras.swiftmodule/arm64-apple-ios-simulator.swiftmodule

Copy /Users/runner/work/Album-Prag/Album-Prag/DerivedData/Build/Products/Debug-iphonesimulator/ConcurrencyExtras.swiftmodule/arm64-apple-ios-simulator.swiftdoc /Users/runner/work/Album-Prag/Album-Prag/DerivedData/Build/Intermediates.noindex/swift-concurrency-extras.build/Debug-iphonesimulator/ConcurrencyExtras.build/Objects-normal/arm64/ConcurrencyExtras.swiftdoc (in target 'ConcurrencyExtras' from project 'swift-concurrency-extras')
    cd /Users/runner/work/Album-Prag/Album-Prag/DerivedData/SourcePackages/checkouts/swift-concurrency-extras
    builtin-copy -exclude .DS_Store -exclude CVS -exclude .svn -exclude .git -exclude .hg -resolve-src-symlinks -rename /Users/runner/work/Album-Prag/Album-Prag/DerivedData/Build/Intermediates.noindex/swift-concurrency-extras.build/Debug-iphonesimulator/ConcurrencyExtras.build/Objects-normal/arm64/ConcurrencyExtras.swiftdoc /Users/runner/work/Album-Prag/Album-Prag/DerivedData/Build/Products/Debug-iphonesimulator/ConcurrencyExtras.swiftmodule/arm64-apple-ios-simulator.swiftdoc

Copy /Users/runner/work/Album-Prag/Album-Prag/DerivedData/Build/Products/Debug-iphonesimulator/ConcurrencyExtras.swiftmodule/arm64-apple-ios-simulator.abi.json /Users/runner/work/Album-Prag/Album-Prag/DerivedData/Build/Intermediates.noindex/swift-concurrency-extras.build/Debug-iphonesimulator/ConcurrencyExtras.build/Objects-normal/arm64/ConcurrencyExtras.abi.json (in target 'ConcurrencyExtras' from project 'swift-concurrency-extras')
    cd /Users/runner/work/Album-Prag/Album-Prag/DerivedData/SourcePackages/checkouts/swift-concurrency-extras
    builtin-copy -exclude .DS_Store -exclude CVS -exclude .svn -exclude .git -exclude .hg -resolve-src-symlinks -rename /Users/runner/work/Album-Prag/Album-Prag/DerivedData/Build/Intermediates.noindex/swift-concurrency-extras.build/Debug-iphonesimulator/ConcurrencyExtras.build/Objects-normal/arm64/ConcurrencyExtras.abi.json /Users/runner/work/Album-Prag/Album-Prag/DerivedData/Build/Products/Debug-iphonesimulator/ConcurrencyExtras.swiftmodule/arm64-apple-ios-simulator.abi.json

Copy /Users/runner/work/Album-Prag/Album-Prag/DerivedData/Build/Products/Debug-iphonesimulator/ConcurrencyExtras.swiftmodule/Project/arm64-apple-ios-simulator.swiftsourceinfo /Users/runner/work/Album-Prag/Album-Prag/DerivedData/Build/Intermediates.noindex/swift-concurrency-extras.build/Debug-iphonesimulator/ConcurrencyExtras.build/Objects-normal/arm64/ConcurrencyExtras.swiftsourceinfo (in target 'ConcurrencyExtras' from project 'swift-concurrency-extras')
    cd /Users/runner/work/Album-Prag/Album-Prag/DerivedData/SourcePackages/checkouts/swift-concurrency-extras
    builtin-copy -exclude .DS_Store -exclude CVS -exclude .svn -exclude .git -exclude .hg -resolve-src-symlinks -rename /Users/runner/work/Album-Prag/Album-Prag/DerivedData/Build/Intermediates.noindex/swift-concurrency-extras.build/Debug-iphonesimulator/ConcurrencyExtras.build/Objects-normal/arm64/ConcurrencyExtras.swiftsourceinfo /Users/runner/work/Album-Prag/Album-Prag/DerivedData/Build/Products/Debug-iphonesimulator/ConcurrencyExtras.swiftmodule/Project/arm64-apple-ios-simulator.swiftsourceinfo

SwiftExplicitDependencyGeneratePcm arm64 /Users/runner/work/Album-Prag/Album-Prag/DerivedData/ModuleCache.noindex/CoreGraphics-5HYHBYWPSVZEEVF2PHZN7KBSJ.pcm

SwiftExplicitDependencyGeneratePcm arm64 /Users/runner/work/Album-Prag/Album-Prag/DerivedData/ModuleCache.noindex/LocalAuthentication-EY43D5S4DAASY7KPO4M4JCNU0.pcm

SwiftExplicitDependencyGeneratePcm arm64 /Users/runner/work/Album-Prag/Album-Prag/DerivedData/ModuleCache.noindex/ImageIO-BZ85AS2ATJ4TEDOYOO5TPHPNW.pcm

SwiftDriverJobDiscovery normal arm64 Emitting module for HTTPTypes (in target 'HTTPTypes' from project 'swift-http-types')

SwiftDriver\ Compilation\ Requirements HTTPTypes normal arm64 com.apple.xcode.tools.swift.compiler (in target 'HTTPTypes' from project 'swift-http-types')
    cd /Users/runner/work/Album-Prag/Album-Prag/Album.xcodeproj
    builtin-Swift-Compilation-Requirements -- /Applications/Xcode_26.6.app/Contents/Developer/Toolchains/XcodeDefault.xctoolchain/usr/bin/swiftc -module-name HTTPTypes -Onone @/Users/runner/work/Album-Prag/Album-Prag/DerivedData/Build/Intermediates.noindex/swift-http-types.build/Debug-iphonesimulator/HTTPTypes.build/Objects-normal/arm64/HTTPTypes.SwiftFileList -DSWIFT_PACKAGE -DDEBUG -DSWIFT_MODULE_RESOURCE_BUNDLE_UNAVAILABLE -DFoundationURL -DXcode -enable-upcoming-feature InternalImportsByDefault -enable-experimental-feature AvailabilityMacro\=HTTPTypes\ 1.0:\ macOS\ 10.0 -enable-experimental-feature AvailabilityMacro\=HTTPTypes\ 1.1:\ macOS\ 10.0 -enable-experimental-feature AvailabilityMacro\=HTTPTypes\ 1.2:\ macOS\ 10.0 -enable-experimental-feature AvailabilityMacro\=HTTPTypes\ 1.3:\ macOS\ 10.0 -enable-experimental-feature AvailabilityMacro\=HTTPTypes\ 1.6:\ macOS\ 10.0 -enable-experimental-feature AvailabilityMacro\=HTTPTypes\ 1.7:\ macOS\ 10.0 -enable-upcoming-feature MemberImportVisibility -plugin-path /Applications/Xcode_26.6.app/Contents/Developer/Toolchains/XcodeDefault.xctoolchain/usr/lib/swift/host/plugins/testing -enable-experimental-feature DebugDescriptionMacro -sdk /Applications/Xcode_26.6.app/Contents/Developer/Platforms/iPhoneSimulator.platform/Developer/SDKs/iPhoneSimulator26.5.sdk -target arm64-apple-ios12.0-simulator -g -module-cache-path /Users/runner/work/Album-Prag/Album-Prag/DerivedData/ModuleCache.noindex -Xfrontend -serialize-debugging-options -enable-testing -suppress-warnings -index-store-path /Users/runner/work/Album-Prag/Album-Prag/DerivedData/Index.noindex/DataStore -Xcc -D_LIBCPP_HARDENING_MODE\=_LIBCPP_HARDENING_MODE_DEBUG -swift-version 6 -I /Users/runner/work/Album-Prag/Album-Prag/DerivedData/Build/Products/Debug-iphonesimulator -Isystem /Applications/Xcode_26.6.app/Contents/Developer/Platforms/iPhoneSimulator.platform/Developer/usr/lib -F /Users/runner/work/Album-Prag/Album-Prag/DerivedData/Build/Products/Debug-iphonesimulator -F /Applications/Xcode_26.6.app/Contents/Developer/Platforms/iPhoneSimulator.platform/Developer/Library/Frameworks -F /Applications/Xcode_26.6.app/Contents/Developer/Platforms/iPhoneSimulator.platform/Developer/SDKs/iPhoneSimulator26.5.sdk/Developer/Library/Frameworks -c -j3 -enable-batch-mode -incremental -Xcc -ivfsstatcache -Xcc /Users/runner/work/Album-Prag/Album-Prag/DerivedData/SDKStatCaches.noindex/iphonesimulator26.5-23F81a-688ef53f1462e2c8f657fdc38a81448ff45c64a1807a658693f2a61704f17a36.sdkstatcache -output-file-map /Users/runner/work/Album-Prag/Album-Prag/DerivedData/Build/Intermediates.noindex/swift-http-types.build/Debug-iphonesimulator/HTTPTypes.build/Objects-normal/arm64/HTTPTypes-OutputFileMap.json -use-frontend-parseable-output -save-temps -no-color-diagnostics -explicit-module-build -module-cache-path /Users/runner/work/Album-Prag/Album-Prag/DerivedData/Build/Intermediates.noindex/SwiftExplicitPrecompiledModules -clang-scanner-module-cache-path /Users/runner/work/Album-Prag/Album-Prag/DerivedData/ModuleCache.noindex -sdk-module-cache-path /Users/runner/work/Album-Prag/Album-Prag/DerivedData/ModuleCache.noindex -serialize-diagnostics -emit-dependencies -emit-module -emit-module-path /Users/runner/work/Album-Prag/Album-Prag/DerivedData/Build/Intermediates.noindex/swift-http-types.build/Debug-iphonesimulator/HTTPTypes.build/Objects-normal/arm64/HTTPTypes.swiftmodule -user-module-version 1.8.0 -validate-clang-modules-once -clang-build-session-file /Users/runner/work/Album-Prag/Album-Prag/DerivedData/ModuleCache.noindex/Session.modulevalidation -package-name swift_http_types -Xcc -I/Users/runner/work/Album-Prag/Album-Prag/DerivedData/Build/Intermediates.noindex/swift-http-types.build/Debug-iphonesimulator/HTTPTypes.build/swift-overrides.hmap -emit-const-values -Xfrontend -const-gather-protocols-file -Xfrontend /Users/runner/work/Album-Prag/Album-Prag/DerivedData/Build/Intermediates.noindex/swift-http-types.build/Debug-iphonesimulator/HTTPTypes.build/Objects-normal/arm64/HTTPTypes_const_extract_protocols.json -Xcc -I/Users/runner/work/Album-Prag/Album-Prag/DerivedData/Build/Products/Debug-iphonesimulator/include -Xcc -I/Users/runner/work/Album-Prag/Album-Prag/DerivedData/Build/Intermediates.noindex/swift-http-types.build/Debug-iphonesimulator/HTTPTypes.build/DerivedSources-normal/arm64 -Xcc -I/Users/runner/work/Album-Prag/Album-Prag/DerivedData/Build/Intermediates.noindex/swift-http-types.build/Debug-iphonesimulator/HTTPTypes.build/DerivedSources/arm64 -Xcc -I/Users/runner/work/Album-Prag/Album-Prag/DerivedData/Build/Intermediates.noindex/swift-http-types.build/Debug-iphonesimulator/HTTPTypes.build/DerivedSources -Xcc -DSWIFT_PACKAGE -Xcc -DDEBUG\=1 -emit-objc-header -emit-objc-header-path /Users/runner/work/Album-Prag/Album-Prag/DerivedData/Build/Intermediates.noindex/swift-http-types.build/Debug-iphonesimulator/HTTPTypes.build/Objects-normal/arm64/HTTPTypes-Swift.h -working-directory /Users/runner/work/Album-Prag/Album-Prag/Album.xcodeproj -experimental-emit-module-separately -disable-cmo

SwiftEmitModule normal arm64 Emitting\ module\ for\ Crypto (in target 'Crypto' from project 'swift-crypto')

EmitSwiftModule normal arm64 (in target 'Crypto' from project 'swift-crypto')
    cd /Users/runner/work/Album-Prag/Album-Prag/Album.xcodeproj
    

SwiftMergeGeneratedHeaders /Users/runner/work/Album-Prag/Album-Prag/DerivedData/Build/Intermediates.noindex/GeneratedModuleMaps-iphonesimulator/HTTPTypes-Swift.h /Users/runner/work/Album-Prag/Album-Prag/DerivedData/Build/Intermediates.noindex/swift-http-types.build/Debug-iphonesimulator/HTTPTypes.build/Objects-normal/arm64/HTTPTypes-Swift.h (in target 'HTTPTypes' from project 'swift-http-types')
    cd /Users/runner/work/Album-Prag/Album-Prag/DerivedData/SourcePackages/checkouts/swift-http-types
    builtin-swiftHeaderTool -arch arm64 /Users/runner/work/Album-Prag/Album-Prag/DerivedData/Build/Intermediates.noindex/swift-http-types.build/Debug-iphonesimulator/HTTPTypes.build/Objects-normal/arm64/HTTPTypes-Swift.h -o /Users/runner/work/Album-Prag/Album-Prag/DerivedData/Build/Intermediates.noindex/GeneratedModuleMaps-iphonesimulator/HTTPTypes-Swift.h

Copy /Users/runner/work/Album-Prag/Album-Prag/DerivedData/Build/Products/Debug-iphonesimulator/HTTPTypes.swiftmodule/arm64-apple-ios-simulator.swiftmodule /Users/runner/work/Album-Prag/Album-Prag/DerivedData/Build/Intermediates.noindex/swift-http-types.build/Debug-iphonesimulator/HTTPTypes.build/Objects-normal/arm64/HTTPTypes.swiftmodule (in target 'HTTPTypes' from project 'swift-http-types')
    cd /Users/runner/work/Album-Prag/Album-Prag/DerivedData/SourcePackages/checkouts/swift-http-types
    builtin-copy -exclude .DS_Store -exclude CVS -exclude .svn -exclude .git -exclude .hg -resolve-src-symlinks -rename /Users/runner/work/Album-Prag/Album-Prag/DerivedData/Build/Intermediates.noindex/swift-http-types.build/Debug-iphonesimulator/HTTPTypes.build/Objects-normal/arm64/HTTPTypes.swiftmodule /Users/runner/work/Album-Prag/Album-Prag/DerivedData/Build/Products/Debug-iphonesimulator/HTTPTypes.swiftmodule/arm64-apple-ios-simulator.swiftmodule

Copy /Users/runner/work/Album-Prag/Album-Prag/DerivedData/Build/Products/Debug-iphonesimulator/HTTPTypes.swiftmodule/arm64-apple-ios-simulator.swiftdoc /Users/runner/work/Album-Prag/Album-Prag/DerivedData/Build/Intermediates.noindex/swift-http-types.build/Debug-iphonesimulator/HTTPTypes.build/Objects-normal/arm64/HTTPTypes.swiftdoc (in target 'HTTPTypes' from project 'swift-http-types')
    cd /Users/runner/work/Album-Prag/Album-Prag/DerivedData/SourcePackages/checkouts/swift-http-types
    builtin-copy -exclude .DS_Store -exclude CVS -exclude .svn -exclude .git -exclude .hg -resolve-src-symlinks -rename /Users/runner/work/Album-Prag/Album-Prag/DerivedData/Build/Intermediates.noindex/swift-http-types.build/Debug-iphonesimulator/HTTPTypes.build/Objects-normal/arm64/HTTPTypes.swiftdoc /Users/runner/work/Album-Prag/Album-Prag/DerivedData/Build/Products/Debug-iphonesimulator/HTTPTypes.swiftmodule/arm64-apple-ios-simulator.swiftdoc

Copy /Users/runner/work/Album-Prag/Album-Prag/DerivedData/Build/Products/Debug-iphonesimulator/HTTPTypes.swiftmodule/arm64-apple-ios-simulator.abi.json /Users/runner/work/Album-Prag/Album-Prag/DerivedData/Build/Intermediates.noindex/swift-http-types.build/Debug-iphonesimulator/HTTPTypes.build/Objects-normal/arm64/HTTPTypes.abi.json (in target 'HTTPTypes' from project 'swift-http-types')
    cd /Users/runner/work/Album-Prag/Album-Prag/DerivedData/SourcePackages/checkouts/swift-http-types
    builtin-copy -exclude .DS_Store -exclude CVS -exclude .svn -exclude .git -exclude .hg -resolve-src-symlinks -rename /Users/runner/work/Album-Prag/Album-Prag/DerivedData/Build/Intermediates.noindex/swift-http-types.build/Debug-iphonesimulator/HTTPTypes.build/Objects-normal/arm64/HTTPTypes.abi.json /Users/runner/work/Album-Prag/Album-Prag/DerivedData/Build/Products/Debug-iphonesimulator/HTTPTypes.swiftmodule/arm64-apple-ios-simulator.abi.json

Copy /Users/runner/work/Album-Prag/Album-Prag/DerivedData/Build/Products/Debug-iphonesimulator/HTTPTypes.swiftmodule/Project/arm64-apple-ios-simulator.swiftsourceinfo /Users/runner/work/Album-Prag/Album-Prag/DerivedData/Build/Intermediates.noindex/swift-http-types.build/Debug-iphonesimulator/HTTPTypes.build/Objects-normal/arm64/HTTPTypes.swiftsourceinfo (in target 'HTTPTypes' from project 'swift-http-types')
    cd /Users/runner/work/Album-Prag/Album-Prag/DerivedData/SourcePackages/checkouts/swift-http-types
    builtin-copy -exclude .DS_Store -exclude CVS -exclude .svn -exclude .git -exclude .hg -resolve-src-symlinks -rename /Users/runner/work/Album-Prag/Album-Prag/DerivedData/Build/Intermediates.noindex/swift-http-types.build/Debug-iphonesimulator/HTTPTypes.build/Objects-normal/arm64/HTTPTypes.swiftsourceinfo /Users/runner/work/Album-Prag/Album-Prag/DerivedData/Build/Products/Debug-iphonesimulator/HTTPTypes.swiftmodule/Project/arm64-apple-ios-simulator.swiftsourceinfo

SwiftExplicitDependencyGeneratePcm arm64 /Users/runner/work/Album-Prag/Album-Prag/DerivedData/ModuleCache.noindex/CoreText-BBEUKPQW4WQKUWG3XHE4NY0N2.pcm

SwiftDriverJobDiscovery normal arm64 Emitting module for IssueReporting (in target 'IssueReporting' from project 'xctest-dynamic-overlay')

SwiftExplicitDependencyGeneratePcm arm64 /Users/runner/work/Album-Prag/Album-Prag/DerivedData/ModuleCache.noindex/Foundation-14MGYGBRMHWKBY5DT5L5VICSL.pcm

SwiftDriver\ Compilation\ Requirements IssueReporting normal arm64 com.apple.xcode.tools.swift.compiler (in target 'IssueReporting' from project 'xctest-dynamic-overlay')
    cd /Users/runner/work/Album-Prag/Album-Prag/Album.xcodeproj
    builtin-Swift-Compilation-Requirements -- /Applications/Xcode_26.6.app/Contents/Developer/Toolchains/XcodeDefault.xctoolchain/usr/bin/swiftc -module-name IssueReporting -Onone @/Users/runner/work/Album-Prag/Album-Prag/DerivedData/Build/Intermediates.noindex/xctest-dynamic-overlay.build/Debug-iphonesimulator/IssueReporting.build/Objects-normal/arm64/IssueReporting.SwiftFileList -DSWIFT_PACKAGE -DDEBUG -DSWIFT_MODULE_RESOURCE_BUNDLE_UNAVAILABLE -DXcode -enable-upcoming-feature ExistentialAny -enable-upcoming-feature ImmutableWeakCaptures -enable-upcoming-feature InferIsolatedConformances -enable-upcoming-feature InternalImportsByDefault -enable-upcoming-feature MemberImportVisibility -enable-upcoming-feature NonisolatedNonsendingByDefault -plugin-path /Applications/Xcode_26.6.app/Contents/Developer/Toolchains/XcodeDefault.xctoolchain/usr/lib/swift/host/plugins/testing -enable-experimental-feature DebugDescriptionMacro -sdk /Applications/Xcode_26.6.app/Contents/Developer/Platforms/iPhoneSimulator.platform/Developer/SDKs/iPhoneSimulator26.5.sdk -target arm64-apple-ios13.0-simulator -g -module-cache-path /Users/runner/work/Album-Prag/Album-Prag/DerivedData/ModuleCache.noindex -Xfrontend -serialize-debugging-options -enable-testing -suppress-warnings -index-store-path /Users/runner/work/Album-Prag/Album-Prag/DerivedData/Index.noindex/DataStore -Xcc -D_LIBCPP_HARDENING_MODE\=_LIBCPP_HARDENING_MODE_DEBUG -swift-version 6 -I /Users/runner/work/Album-Prag/Album-Prag/DerivedData/Build/Products/Debug-iphonesimulator -Isystem /Applications/Xcode_26.6.app/Contents/Developer/Platforms/iPhoneSimulator.platform/Developer/usr/lib -F /Users/runner/work/Album-Prag/Album-Prag/DerivedData/Build/Products/Debug-iphonesimulator -F /Applications/Xcode_26.6.app/Contents/Developer/Platforms/iPhoneSimulator.platform/Developer/Library/Frameworks -F /Applications/Xcode_26.6.app/Contents/Developer/Platforms/iPhoneSimulator.platform/Developer/SDKs/iPhoneSimulator26.5.sdk/Developer/Library/Frameworks -c -j3 -enable-batch-mode -incremental -Xcc -ivfsstatcache -Xcc /Users/runner/work/Album-Prag/Album-Prag/DerivedData/SDKStatCaches.noindex/iphonesimulator26.5-23F81a-688ef53f1462e2c8f657fdc38a81448ff45c64a1807a658693f2a61704f17a36.sdkstatcache -output-file-map /Users/runner/work/Album-Prag/Album-Prag/DerivedData/Build/Intermediates.noindex/xctest-dynamic-overlay.build/Debug-iphonesimulator/IssueReporting.build/Objects-normal/arm64/IssueReporting-OutputFileMap.json -use-frontend-parseable-output -save-temps -no-color-diagnostics -explicit-module-build -module-cache-path /Users/runner/work/Album-Prag/Album-Prag/DerivedData/Build/Intermediates.noindex/SwiftExplicitPrecompiledModules -clang-scanner-module-cache-path /Users/runner/work/Album-Prag/Album-Prag/DerivedData/ModuleCache.noindex -sdk-module-cache-path /Users/runner/work/Album-Prag/Album-Prag/DerivedData/ModuleCache.noindex -serialize-diagnostics -emit-dependencies -emit-module -emit-module-path /Users/runner/work/Album-Prag/Album-Prag/DerivedData/Build/Intermediates.noindex/xctest-dynamic-overlay.build/Debug-iphonesimulator/IssueReporting.build/Objects-normal/arm64/IssueReporting.swiftmodule -user-module-version 1.13.1 -validate-clang-modules-once -clang-build-session-file /Users/runner/work/Album-Prag/Album-Prag/DerivedData/ModuleCache.noindex/Session.modulevalidation -package-name xctest_dynamic_overlay -Xcc -I/Users/runner/work/Album-Prag/Album-Prag/DerivedData/Build/Intermediates.noindex/xctest-dynamic-overlay.build/Debug-iphonesimulator/IssueReporting.build/swift-overrides.hmap -emit-const-values -Xfrontend -const-gather-protocols-file -Xfrontend /Users/runner/work/Album-Prag/Album-Prag/DerivedData/Build/Intermediates.noindex/xctest-dynamic-overlay.build/Debug-iphonesimulator/IssueReporting.build/Objects-normal/arm64/IssueReporting_const_extract_protocols.json -Xcc -I/Users/runner/work/Album-Prag/Album-Prag/DerivedData/Build/Products/Debug-iphonesimulator/include -Xcc -I/Users/runner/work/Album-Prag/Album-Prag/DerivedData/Build/Intermediates.noindex/xctest-dynamic-overlay.build/Debug-iphonesimulator/IssueReporting.build/DerivedSources-normal/arm64 -Xcc -I/Users/runner/work/Album-Prag/Album-Prag/DerivedData/Build/Intermediates.noindex/xctest-dynamic-overlay.build/Debug-iphonesimulator/IssueReporting.build/DerivedSources/arm64 -Xcc -I/Users/runner/work/Album-Prag/Album-Prag/DerivedData/Build/Intermediates.noindex/xctest-dynamic-overlay.build/Debug-iphonesimulator/IssueReporting.build/DerivedSources -Xcc -DSWIFT_PACKAGE -Xcc -DDEBUG\=1 -emit-objc-header -emit-objc-header-path /Users/runner/work/Album-Prag/Album-Prag/DerivedData/Build/Intermediates.noindex/xctest-dynamic-overlay.build/Debug-iphonesimulator/IssueReporting.build/Objects-normal/arm64/IssueReporting-Swift.h -working-directory /Users/runner/work/Album-Prag/Album-Prag/Album.xcodeproj -experimental-emit-module-separately -disable-cmo

SwiftCompile normal arm64 Compiling\ Warn.swift,\ XCTest.swift,\ IsTesting.swift,\ IssueReporter.swift,\ BreakpointReporter.swift,\ DefaultReporter.swift,\ FatalErrorReporter.swift /Users/runner/work/Album-Prag/Album-Prag/DerivedData/SourcePackages/checkouts/xctest-dynamic-overlay/Sources/IssueReporting/Internal/Warn.swift /Users/runner/work/Album-Prag/Album-Prag/DerivedData/SourcePackages/checkouts/xctest-dynamic-overlay/Sources/IssueReporting/Internal/XCTest.swift /Users/runner/work/Album-Prag/Album-Prag/DerivedData/SourcePackages/checkouts/xctest-dynamic-overlay/Sources/IssueReporting/IsTesting.swift /Users/runner/work/Album-Prag/Album-Prag/DerivedData/SourcePackages/checkouts/xctest-dynamic-overlay/Sources/IssueReporting/IssueReporter.swift /Users/runner/work/Album-Prag/Album-Prag/DerivedData/SourcePackages/checkouts/xctest-dynamic-overlay/Sources/IssueReporting/IssueReporters/BreakpointReporter.swift /Users/runner/work/Album-Prag/Album-Prag/DerivedData/SourcePackages/checkouts/xctest-dynamic-overlay/Sources/IssueReporting/IssueReporters/DefaultReporter.swift /Users/runner/work/Album-Prag/Album-Prag/DerivedData/SourcePackages/checkouts/xctest-dynamic-overlay/Sources/IssueReporting/IssueReporters/FatalErrorReporter.swift (in target 'IssueReporting' from project 'xctest-dynamic-overlay')
SwiftCompile normal arm64 /Users/runner/work/Album-Prag/Album-Prag/DerivedData/SourcePackages/checkouts/xctest-dynamic-overlay/Sources/IssueReporting/Internal/Warn.swift (in target 'IssueReporting' from project 'xctest-dynamic-overlay')
    cd /Users/runner/work/Album-Prag/Album-Prag/Album.xcodeproj
    

SwiftCompile normal arm64 /Users/runner/work/Album-Prag/Album-Prag/DerivedData/SourcePackages/checkouts/xctest-dynamic-overlay/Sources/IssueReporting/Internal/XCTest.swift (in target 'IssueReporting' from project 'xctest-dynamic-overlay')
    cd /Users/runner/work/Album-Prag/Album-Prag/Album.xcodeproj
    

SwiftCompile normal arm64 /Users/runner/work/Album-Prag/Album-Prag/DerivedData/SourcePackages/checkouts/xctest-dynamic-overlay/Sources/IssueReporting/IsTesting.swift (in target 'IssueReporting' from project 'xctest-dynamic-overlay')
    cd /Users/runner/work/Album-Prag/Album-Prag/Album.xcodeproj
    

SwiftCompile normal arm64 /Users/runner/work/Album-Prag/Album-Prag/DerivedData/SourcePackages/checkouts/xctest-dynamic-overlay/Sources/IssueReporting/IssueReporter.swift (in target 'IssueReporting' from project 'xctest-dynamic-overlay')
    cd /Users/runner/work/Album-Prag/Album-Prag/Album.xcodeproj
    

SwiftCompile normal arm64 /Users/runner/work/Album-Prag/Album-Prag/DerivedData/SourcePackages/checkouts/xctest-dynamic-overlay/Sources/IssueReporting/IssueReporters/BreakpointReporter.swift (in target 'IssueReporting' from project 'xctest-dynamic-overlay')
    cd /Users/runner/work/Album-Prag/Album-Prag/Album.xcodeproj
    

SwiftCompile normal arm64 /Users/runner/work/Album-Prag/Album-Prag/DerivedData/SourcePackages/checkouts/xctest-dynamic-overlay/Sources/IssueReporting/IssueReporters/DefaultReporter.swift (in target 'IssueReporting' from project 'xctest-dynamic-overlay')
    cd /Users/runner/work/Album-Prag/Album-Prag/Album.xcodeproj
    

SwiftCompile normal arm64 /Users/runner/work/Album-Prag/Album-Prag/DerivedData/SourcePackages/checkouts/xctest-dynamic-overlay/Sources/IssueReporting/IssueReporters/FatalErrorReporter.swift (in target 'IssueReporting' from project 'xctest-dynamic-overlay')
    cd /Users/runner/work/Album-Prag/Album-Prag/Album.xcodeproj
    

SwiftMergeGeneratedHeaders /Users/runner/work/Album-Prag/Album-Prag/DerivedData/Build/Intermediates.noindex/GeneratedModuleMaps-iphonesimulator/IssueReporting-Swift.h /Users/runner/work/Album-Prag/Album-Prag/DerivedData/Build/Intermediates.noindex/xctest-dynamic-overlay.build/Debug-iphonesimulator/IssueReporting.build/Objects-normal/arm64/IssueReporting-Swift.h (in target 'IssueReporting' from project 'xctest-dynamic-overlay')
    cd /Users/runner/work/Album-Prag/Album-Prag/DerivedData/SourcePackages/checkouts/xctest-dynamic-overlay
    builtin-swiftHeaderTool -arch arm64 /Users/runner/work/Album-Prag/Album-Prag/DerivedData/Build/Intermediates.noindex/xctest-dynamic-overlay.build/Debug-iphonesimulator/IssueReporting.build/Objects-normal/arm64/IssueReporting-Swift.h -o /Users/runner/work/Album-Prag/Album-Prag/DerivedData/Build/Intermediates.noindex/GeneratedModuleMaps-iphonesimulator/IssueReporting-Swift.h

SwiftDriverJobDiscovery normal arm64 Emitting module for Crypto (in target 'Crypto' from project 'swift-crypto')

Copy /Users/runner/work/Album-Prag/Album-Prag/DerivedData/Build/Products/Debug-iphonesimulator/IssueReporting.swiftmodule/arm64-apple-ios-simulator.swiftmodule /Users/runner/work/Album-Prag/Album-Prag/DerivedData/Build/Intermediates.noindex/xctest-dynamic-overlay.build/Debug-iphonesimulator/IssueReporting.build/Objects-normal/arm64/IssueReporting.swiftmodule (in target 'IssueReporting' from project 'xctest-dynamic-overlay')
    cd /Users/runner/work/Album-Prag/Album-Prag/DerivedData/SourcePackages/checkouts/xctest-dynamic-overlay
    builtin-copy -exclude .DS_Store -exclude CVS -exclude .svn -exclude .git -exclude .hg -resolve-src-symlinks -rename /Users/runner/work/Album-Prag/Album-Prag/DerivedData/Build/Intermediates.noindex/xctest-dynamic-overlay.build/Debug-iphonesimulator/IssueReporting.build/Objects-normal/arm64/IssueReporting.swiftmodule /Users/runner/work/Album-Prag/Album-Prag/DerivedData/Build/Products/Debug-iphonesimulator/IssueReporting.swiftmodule/arm64-apple-ios-simulator.swiftmodule

Copy /Users/runner/work/Album-Prag/Album-Prag/DerivedData/Build/Products/Debug-iphonesimulator/IssueReporting.swiftmodule/arm64-apple-ios-simulator.swiftdoc /Users/runner/work/Album-Prag/Album-Prag/DerivedData/Build/Intermediates.noindex/xctest-dynamic-overlay.build/Debug-iphonesimulator/IssueReporting.build/Objects-normal/arm64/IssueReporting.swiftdoc (in target 'IssueReporting' from project 'xctest-dynamic-overlay')
    cd /Users/runner/work/Album-Prag/Album-Prag/DerivedData/SourcePackages/checkouts/xctest-dynamic-overlay
    builtin-copy -exclude .DS_Store -exclude CVS -exclude .svn -exclude .git -exclude .hg -resolve-src-symlinks -rename /Users/runner/work/Album-Prag/Album-Prag/DerivedData/Build/Intermediates.noindex/xctest-dynamic-overlay.build/Debug-iphonesimulator/IssueReporting.build/Objects-normal/arm64/IssueReporting.swiftdoc /Users/runner/work/Album-Prag/Album-Prag/DerivedData/Build/Products/Debug-iphonesimulator/IssueReporting.swiftmodule/arm64-apple-ios-simulator.swiftdoc

Copy /Users/runner/work/Album-Prag/Album-Prag/DerivedData/Build/Products/Debug-iphonesimulator/IssueReporting.swiftmodule/arm64-apple-ios-simulator.abi.json /Users/runner/work/Album-Prag/Album-Prag/DerivedData/Build/Intermediates.noindex/xctest-dynamic-overlay.build/Debug-iphonesimulator/IssueReporting.build/Objects-normal/arm64/IssueReporting.abi.json (in target 'IssueReporting' from project 'xctest-dynamic-overlay')
    cd /Users/runner/work/Album-Prag/Album-Prag/DerivedData/SourcePackages/checkouts/xctest-dynamic-overlay
    builtin-copy -exclude .DS_Store -exclude CVS -exclude .svn -exclude .git -exclude .hg -resolve-src-symlinks -rename /Users/runner/work/Album-Prag/Album-Prag/DerivedData/Build/Intermediates.noindex/xctest-dynamic-overlay.build/Debug-iphonesimulator/IssueReporting.build/Objects-normal/arm64/IssueReporting.abi.json /Users/runner/work/Album-Prag/Album-Prag/DerivedData/Build/Products/Debug-iphonesimulator/IssueReporting.swiftmodule/arm64-apple-ios-simulator.abi.json

Copy /Users/runner/work/Album-Prag/Album-Prag/DerivedData/Build/Products/Debug-iphonesimulator/IssueReporting.swiftmodule/Project/arm64-apple-ios-simulator.swiftsourceinfo /Users/runner/work/Album-Prag/Album-Prag/DerivedData/Build/Intermediates.noindex/xctest-dynamic-overlay.build/Debug-iphonesimulator/IssueReporting.build/Objects-normal/arm64/IssueReporting.swiftsourceinfo (in target 'IssueReporting' from project 'xctest-dynamic-overlay')
    cd /Users/runner/work/Album-Prag/Album-Prag/DerivedData/SourcePackages/checkouts/xctest-dynamic-overlay
    builtin-copy -exclude .DS_Store -exclude CVS -exclude .svn -exclude .git -exclude .hg -resolve-src-symlinks -rename /Users/runner/work/Album-Prag/Album-Prag/DerivedData/Build/Intermediates.noindex/xctest-dynamic-overlay.build/Debug-iphonesimulator/IssueReporting.build/Objects-normal/arm64/IssueReporting.swiftsourceinfo /Users/runner/work/Album-Prag/Album-Prag/DerivedData/Build/Products/Debug-iphonesimulator/IssueReporting.swiftmodule/Project/arm64-apple-ios-simulator.swiftsourceinfo

SwiftDriver\ Compilation\ Requirements Crypto normal arm64 com.apple.xcode.tools.swift.compiler (in target 'Crypto' from project 'swift-crypto')
    cd /Users/runner/work/Album-Prag/Album-Prag/Album.xcodeproj
    builtin-Swift-Compilation-Requirements -- /Applications/Xcode_26.6.app/Contents/Developer/Toolchains/XcodeDefault.xctoolchain/usr/bin/swiftc -module-name Crypto -Onone @/Users/runner/work/Album-Prag/Album-Prag/DerivedData/Build/Intermediates.noindex/swift-crypto.build/Debug-iphonesimulator/Crypto.build/Objects-normal/arm64/Crypto.SwiftFileList -DSWIFT_PACKAGE -DDEBUG -DSWIFT_MODULE_RESOURCE_BUNDLE_AVAILABLE -DCRYPTO_IN_SWIFTPM -DXcode -enable-upcoming-feature MemberImportVisibility -plugin-path /Applications/Xcode_26.6.app/Contents/Developer/Toolchains/XcodeDefault.xctoolchain/usr/lib/swift/host/plugins/testing -enable-experimental-feature DebugDescriptionMacro -sdk /Applications/Xcode_26.6.app/Contents/Developer/Platforms/iPhoneSimulator.platform/Developer/SDKs/iPhoneSimulator26.5.sdk -target arm64-apple-ios12.0-simulator -g -module-cache-path /Users/runner/work/Album-Prag/Album-Prag/DerivedData/ModuleCache.noindex -Xfrontend -serialize-debugging-options -enable-testing -suppress-warnings -index-store-path /Users/runner/work/Album-Prag/Album-Prag/DerivedData/Index.noindex/DataStore -Xcc -D_LIBCPP_HARDENING_MODE\=_LIBCPP_HARDENING_MODE_DEBUG -swift-version 6 -I /Users/runner/work/Album-Prag/Album-Prag/DerivedData/Build/Products/Debug-iphonesimulator -Isystem /Applications/Xcode_26.6.app/Contents/Developer/Platforms/iPhoneSimulator.platform/Developer/usr/lib -F /Users/runner/work/Album-Prag/Album-Prag/DerivedData/Build/Products/Debug-iphonesimulator -F /Applications/Xcode_26.6.app/Contents/Developer/Platforms/iPhoneSimulator.platform/Developer/Library/Frameworks -F /Applications/Xcode_26.6.app/Contents/Developer/Platforms/iPhoneSimulator.platform/Developer/SDKs/iPhoneSimulator26.5.sdk/Developer/Library/Frameworks -c -j3 -enable-batch-mode -incremental -Xcc -ivfsstatcache -Xcc /Users/runner/work/Album-Prag/Album-Prag/DerivedData/SDKStatCaches.noindex/iphonesimulator26.5-23F81a-688ef53f1462e2c8f657fdc38a81448ff45c64a1807a658693f2a61704f17a36.sdkstatcache -output-file-map /Users/runner/work/Album-Prag/Album-Prag/DerivedData/Build/Intermediates.noindex/swift-crypto.build/Debug-iphonesimulator/Crypto.build/Objects-normal/arm64/Crypto-OutputFileMap.json -use-frontend-parseable-output -save-temps -no-color-diagnostics -explicit-module-build -module-cache-path /Users/runner/work/Album-Prag/Album-Prag/DerivedData/Build/Intermediates.noindex/SwiftExplicitPrecompiledModules -clang-scanner-module-cache-path /Users/runner/work/Album-Prag/Album-Prag/DerivedData/ModuleCache.noindex -sdk-module-cache-path /Users/runner/work/Album-Prag/Album-Prag/DerivedData/ModuleCache.noindex -serialize-diagnostics -emit-dependencies -emit-module -emit-module-path /Users/runner/work/Album-Prag/Album-Prag/DerivedData/Build/Intermediates.noindex/swift-crypto.build/Debug-iphonesimulator/Crypto.build/Objects-normal/arm64/Crypto.swiftmodule -user-module-version 4.5.2 -validate-clang-modules-once -clang-build-session-file /Users/runner/work/Album-Prag/Album-Prag/DerivedData/ModuleCache.noindex/Session.modulevalidation -package-name swift_crypto -Xcc -I/Users/runner/work/Album-Prag/Album-Prag/DerivedData/Build/Intermediates.noindex/swift-crypto.build/Debug-iphonesimulator/Crypto.build/swift-overrides.hmap -emit-const-values -Xfrontend -const-gather-protocols-file -Xfrontend /Users/runner/work/Album-Prag/Album-Prag/DerivedData/Build/Intermediates.noindex/swift-crypto.build/Debug-iphonesimulator/Crypto.build/Objects-normal/arm64/Crypto_const_extract_protocols.json -Xcc -I/Users/runner/work/Album-Prag/Album-Prag/DerivedData/Build/Products/Debug-iphonesimulator/include -Xcc -I/Users/runner/work/Album-Prag/Album-Prag/DerivedData/Build/Intermediates.noindex/swift-crypto.build/Debug-iphonesimulator/Crypto.build/DerivedSources-normal/arm64 -Xcc -I/Users/runner/work/Album-Prag/Album-Prag/DerivedData/Build/Intermediates.noindex/swift-crypto.build/Debug-iphonesimulator/Crypto.build/DerivedSources/arm64 -Xcc -I/Users/runner/work/Album-Prag/Album-Prag/DerivedData/Build/Intermediates.noindex/swift-crypto.build/Debug-iphonesimulator/Crypto.build/DerivedSources -Xcc -DSWIFT_PACKAGE -Xcc -DDEBUG\=1 -emit-objc-header -emit-objc-header-path /Users/runner/work/Album-Prag/Album-Prag/DerivedData/Build/Intermediates.noindex/swift-crypto.build/Debug-iphonesimulator/Crypto.build/Objects-normal/arm64/Crypto-Swift.h -working-directory /Users/runner/work/Album-Prag/Album-Prag/Album.xcodeproj -experimental-emit-module-separately -disable-cmo

SwiftCompile normal arm64 Compiling\ IssueSeverity.swift,\ ReportIssue.swift,\ _Test.swift,\ TestContext.swift,\ Unimplemented.swift,\ WithExpectedIssue.swift,\ WithIssueContext.swift /Users/runner/work/Album-Prag/Album-Prag/DerivedData/SourcePackages/checkouts/xctest-dynamic-overlay/Sources/IssueReporting/IssueSeverity.swift /Users/runner/work/Album-Prag/Album-Prag/DerivedData/SourcePackages/checkouts/xctest-dynamic-overlay/Sources/IssueReporting/ReportIssue.swift /Users/runner/work/Album-Prag/Album-Prag/DerivedData/SourcePackages/checkouts/xctest-dynamic-overlay/Sources/IssueReporting/Symbolic\ Links/IssueReportingPackageSupport/_Test.swift /Users/runner/work/Album-Prag/Album-Prag/DerivedData/SourcePackages/checkouts/xctest-dynamic-overlay/Sources/IssueReporting/TestContext.swift /Users/runner/work/Album-Prag/Album-Prag/DerivedData/SourcePackages/checkouts/xctest-dynamic-overlay/Sources/IssueReporting/Unimplemented.swift /Users/runner/work/Album-Prag/Album-Prag/DerivedData/SourcePackages/checkouts/xctest-dynamic-overlay/Sources/IssueReporting/WithExpectedIssue.swift /Users/runner/work/Album-Prag/Album-Prag/DerivedData/SourcePackages/checkouts/xctest-dynamic-overlay/Sources/IssueReporting/WithIssueContext.swift (in target 'IssueReporting' from project 'xctest-dynamic-overlay')

SwiftCompile normal arm64 /Users/runner/work/Album-Prag/Album-Prag/DerivedData/SourcePackages/checkouts/xctest-dynamic-overlay/Sources/IssueReporting/IssueSeverity.swift (in target 'IssueReporting' from project 'xctest-dynamic-overlay')
    cd /Users/runner/work/Album-Prag/Album-Prag/Album.xcodeproj
    

SwiftCompile normal arm64 /Users/runner/work/Album-Prag/Album-Prag/DerivedData/SourcePackages/checkouts/xctest-dynamic-overlay/Sources/IssueReporting/ReportIssue.swift (in target 'IssueReporting' from project 'xctest-dynamic-overlay')
    cd /Users/runner/work/Album-Prag/Album-Prag/Album.xcodeproj
    

SwiftCompile normal arm64 /Users/runner/work/Album-Prag/Album-Prag/DerivedData/SourcePackages/checkouts/xctest-dynamic-overlay/Sources/IssueReporting/Symbolic\ Links/IssueReportingPackageSupport/_Test.swift (in target 'IssueReporting' from project 'xctest-dynamic-overlay')
    cd /Users/runner/work/Album-Prag/Album-Prag/Album.xcodeproj
    

SwiftCompile normal arm64 /Users/runner/work/Album-Prag/Album-Prag/DerivedData/SourcePackages/checkouts/xctest-dynamic-overlay/Sources/IssueReporting/TestContext.swift (in target 'IssueReporting' from project 'xctest-dynamic-overlay')
    cd /Users/runner/work/Album-Prag/Album-Prag/Album.xcodeproj
    

SwiftCompile normal arm64 /Users/runner/work/Album-Prag/Album-Prag/DerivedData/SourcePackages/checkouts/xctest-dynamic-overlay/Sources/IssueReporting/Unimplemented.swift (in target 'IssueReporting' from project 'xctest-dynamic-overlay')
    cd /Users/runner/work/Album-Prag/Album-Prag/Album.xcodeproj
    

SwiftCompile normal arm64 /Users/runner/work/Album-Prag/Album-Prag/DerivedData/SourcePackages/checkouts/xctest-dynamic-overlay/Sources/IssueReporting/WithExpectedIssue.swift (in target 'IssueReporting' from project 'xctest-dynamic-overlay')
    cd /Users/runner/work/Album-Prag/Album-Prag/Album.xcodeproj
    

SwiftCompile normal arm64 /Users/runner/work/Album-Prag/Album-Prag/DerivedData/SourcePackages/checkouts/xctest-dynamic-overlay/Sources/IssueReporting/WithIssueContext.swift (in target 'IssueReporting' from project 'xctest-dynamic-overlay')
    cd /Users/runner/work/Album-Prag/Album-Prag/Album.xcodeproj
    

SwiftMergeGeneratedHeaders /Users/runner/work/Album-Prag/Album-Prag/DerivedData/Build/Intermediates.noindex/GeneratedModuleMaps-iphonesimulator/Crypto-Swift.h /Users/runner/work/Album-Prag/Album-Prag/DerivedData/Build/Intermediates.noindex/swift-crypto.build/Debug-iphonesimulator/Crypto.build/Objects-normal/arm64/Crypto-Swift.h (in target 'Crypto' from project 'swift-crypto')
    cd /Users/runner/work/Album-Prag/Album-Prag/DerivedData/SourcePackages/checkouts/swift-crypto
    builtin-swiftHeaderTool -arch arm64 /Users/runner/work/Album-Prag/Album-Prag/DerivedData/Build/Intermediates.noindex/swift-crypto.build/Debug-iphonesimulator/Crypto.build/Objects-normal/arm64/Crypto-Swift.h -o /Users/runner/work/Album-Prag/Album-Prag/DerivedData/Build/Intermediates.noindex/GeneratedModuleMaps-iphonesimulator/Crypto-Swift.h

Copy /Users/runner/work/Album-Prag/Album-Prag/DerivedData/Build/Products/Debug-iphonesimulator/Crypto.swiftmodule/arm64-apple-ios-simulator.swiftmodule /Users/runner/work/Album-Prag/Album-Prag/DerivedData/Build/Intermediates.noindex/swift-crypto.build/Debug-iphonesimulator/Crypto.build/Objects-normal/arm64/Crypto.swiftmodule (in target 'Crypto' from project 'swift-crypto')
    cd /Users/runner/work/Album-Prag/Album-Prag/DerivedData/SourcePackages/checkouts/swift-crypto
    builtin-copy -exclude .DS_Store -exclude CVS -exclude .svn -exclude .git -exclude .hg -resolve-src-symlinks -rename /Users/runner/work/Album-Prag/Album-Prag/DerivedData/Build/Intermediates.noindex/swift-crypto.build/Debug-iphonesimulator/Crypto.build/Objects-normal/arm64/Crypto.swiftmodule /Users/runner/work/Album-Prag/Album-Prag/DerivedData/Build/Products/Debug-iphonesimulator/Crypto.swiftmodule/arm64-apple-ios-simulator.swiftmodule

Copy /Users/runner/work/Album-Prag/Album-Prag/DerivedData/Build/Products/Debug-iphonesimulator/Crypto.swiftmodule/arm64-apple-ios-simulator.swiftdoc /Users/runner/work/Album-Prag/Album-Prag/DerivedData/Build/Intermediates.noindex/swift-crypto.build/Debug-iphonesimulator/Crypto.build/Objects-normal/arm64/Crypto.swiftdoc (in target 'Crypto' from project 'swift-crypto')
    cd /Users/runner/work/Album-Prag/Album-Prag/DerivedData/SourcePackages/checkouts/swift-crypto
    builtin-copy -exclude .DS_Store -exclude CVS -exclude .svn -exclude .git -exclude .hg -resolve-src-symlinks -rename /Users/runner/work/Album-Prag/Album-Prag/DerivedData/Build/Intermediates.noindex/swift-crypto.build/Debug-iphonesimulator/Crypto.build/Objects-normal/arm64/Crypto.swiftdoc /Users/runner/work/Album-Prag/Album-Prag/DerivedData/Build/Products/Debug-iphonesimulator/Crypto.swiftmodule/arm64-apple-ios-simulator.swiftdoc

Copy /Users/runner/work/Album-Prag/Album-Prag/DerivedData/Build/Products/Debug-iphonesimulator/Crypto.swiftmodule/arm64-apple-ios-simulator.abi.json /Users/runner/work/Album-Prag/Album-Prag/DerivedData/Build/Intermediates.noindex/swift-crypto.build/Debug-iphonesimulator/Crypto.build/Objects-normal/arm64/Crypto.abi.json (in target 'Crypto' from project 'swift-crypto')
    cd /Users/runner/work/Album-Prag/Album-Prag/DerivedData/SourcePackages/checkouts/swift-crypto
    builtin-copy -exclude .DS_Store -exclude CVS -exclude .svn -exclude .git -exclude .hg -resolve-src-symlinks -rename /Users/runner/work/Album-Prag/Album-Prag/DerivedData/Build/Intermediates.noindex/swift-crypto.build/Debug-iphonesimulator/Crypto.build/Objects-normal/arm64/Crypto.abi.json /Users/runner/work/Album-Prag/Album-Prag/DerivedData/Build/Products/Debug-iphonesimulator/Crypto.swiftmodule/arm64-apple-ios-simulator.abi.json

Copy /Users/runner/work/Album-Prag/Album-Prag/DerivedData/Build/Products/Debug-iphonesimulator/Crypto.swiftmodule/Project/arm64-apple-ios-simulator.swiftsourceinfo /Users/runner/work/Album-Prag/Album-Prag/DerivedData/Build/Intermediates.noindex/swift-crypto.build/Debug-iphonesimulator/Crypto.build/Objects-normal/arm64/Crypto.swiftsourceinfo (in target 'Crypto' from project 'swift-crypto')
    cd /Users/runner/work/Album-Prag/Album-Prag/DerivedData/SourcePackages/checkouts/swift-crypto
    builtin-copy -exclude .DS_Store -exclude CVS -exclude .svn -exclude .git -exclude .hg -resolve-src-symlinks -rename /Users/runner/work/Album-Prag/Album-Prag/DerivedData/Build/Intermediates.noindex/swift-crypto.build/Debug-iphonesimulator/Crypto.build/Objects-normal/arm64/Crypto.swiftsourceinfo /Users/runner/work/Album-Prag/Album-Prag/DerivedData/Build/Products/Debug-iphonesimulator/Crypto.swiftmodule/Project/arm64-apple-ios-simulator.swiftsourceinfo

SwiftExplicitDependencyGeneratePcm arm64 /Users/runner/work/Album-Prag/Album-Prag/DerivedData/ModuleCache.noindex/UserNotifications-6MARID1URRWA00NALCQ84X32I.pcm

SwiftExplicitDependencyGeneratePcm arm64 /Users/runner/work/Album-Prag/Album-Prag/DerivedData/ModuleCache.noindex/DataDetection-11H8DBATCV6A8S6A0617LDZ4E.pcm

SwiftExplicitDependencyGeneratePcm arm64 /Users/runner/work/Album-Prag/Album-Prag/DerivedData/ModuleCache.noindex/Accessibility-E7ZFVF0SCU7IQ5N6OLL6YDOR9.pcm

SwiftExplicitDependencyGeneratePcm arm64 /Users/runner/work/Album-Prag/Album-Prag/DerivedData/ModuleCache.noindex/UniformTypeIdentifiers-EH9V2CETSW0VKS1QSZYBQ6A1Y.pcm

SwiftExplicitDependencyGeneratePcm arm64 /Users/runner/work/Album-Prag/Album-Prag/DerivedData/ModuleCache.noindex/IOSurface-AN4HHDFFOTJ11HM7B806RTC0N.pcm

SwiftExplicitDependencyGeneratePcm arm64 /Users/runner/work/Album-Prag/Album-Prag/DerivedData/ModuleCache.noindex/UIUtilities-EUGANLNUPXTKQQY2XBKUDNJOY.pcm

SwiftExplicitDependencyGeneratePcm arm64 /Users/runner/work/Album-Prag/Album-Prag/DerivedData/ModuleCache.noindex/OpenGLES-8IN1JV3UCA4MVLLWX680IVXT1.pcm

SwiftExplicitDependencyGeneratePcm arm64 /Users/runner/work/Album-Prag/Album-Prag/DerivedData/ModuleCache.noindex/FileProvider-TG9C59Y0AKUDD8VM8GSFATC6.pcm

SwiftExplicitDependencyGeneratePcm arm64 /Users/runner/work/Album-Prag/Album-Prag/DerivedData/ModuleCache.noindex/Symbols-7XLS5BWQKRX4W5GUG1WAKDJ48.pcm

SwiftExplicitDependencyGeneratePcm arm64 /Users/runner/work/Album-Prag/Album-Prag/DerivedData/ModuleCache.noindex/OSLog-GGTL2E5CL548DFOHK9EMKNHP.pcm

SwiftExplicitDependencyGeneratePcm arm64 /Users/runner/work/Album-Prag/Album-Prag/DerivedData/ModuleCache.noindex/CoreTransferable-QAZV6UKK0JQ63DLJA9ZSJKU9.pcm

SwiftDriverJobDiscovery normal arm64 Compiling IssueSeverity.swift, ReportIssue.swift, _Test.swift, TestContext.swift, Unimplemented.swift, WithExpectedIssue.swift, WithIssueContext.swift (in target 'IssueReporting' from project 'xctest-dynamic-overlay')

SwiftExplicitDependencyGeneratePcm arm64 /Users/runner/work/Album-Prag/Album-Prag/DerivedData/ModuleCache.noindex/Metal-BX09PXDAF3OGVTL7GZRZZN3ML.pcm

SwiftCompile normal arm64 Compiling\ ErrorReporting.swift,\ AppHostWarning.swift,\ Deprecations.swift,\ FailureObserver.swift,\ LockIsolated.swift,\ Rethrows.swift,\ SwiftTesting.swift,\ UncheckedSendable.swift /Users/runner/work/Album-Prag/Album-Prag/DerivedData/SourcePackages/checkouts/xctest-dynamic-overlay/Sources/IssueReporting/ErrorReporting.swift /Users/runner/work/Album-Prag/Album-Prag/DerivedData/SourcePackages/checkouts/xctest-dynamic-overlay/Sources/IssueReporting/Internal/AppHostWarning.swift /Users/runner/work/Album-Prag/Album-Prag/DerivedData/SourcePackages/checkouts/xctest-dynamic-overlay/Sources/IssueReporting/Internal/Deprecations.swift /Users/runner/work/Album-Prag/Album-Prag/DerivedData/SourcePackages/checkouts/xctest-dynamic-overlay/Sources/IssueReporting/Internal/FailureObserver.swift /Users/runner/work/Album-Prag/Album-Prag/DerivedData/SourcePackages/checkouts/xctest-dynamic-overlay/Sources/IssueReporting/Internal/LockIsolated.swift /Users/runner/work/Album-Prag/Album-Prag/DerivedData/SourcePackages/checkouts/xctest-dynamic-overlay/Sources/IssueReporting/Internal/Rethrows.swift /Users/runner/work/Album-Prag/Album-Prag/DerivedData/SourcePackages/checkouts/xctest-dynamic-overlay/Sources/IssueReporting/Internal/SwiftTesting.swift /Users/runner/work/Album-Prag/Album-Prag/DerivedData/SourcePackages/checkouts/xctest-dynamic-overlay/Sources/IssueReporting/Internal/UncheckedSendable.swift (in target 'IssueReporting' from project 'xctest-dynamic-overlay')
SwiftCompile normal arm64 /Users/runner/work/Album-Prag/Album-Prag/DerivedData/SourcePackages/checkouts/xctest-dynamic-overlay/Sources/IssueReporting/ErrorReporting.swift (in target 'IssueReporting' from project 'xctest-dynamic-overlay')
    cd /Users/runner/work/Album-Prag/Album-Prag/Album.xcodeproj
    

SwiftCompile normal arm64 /Users/runner/work/Album-Prag/Album-Prag/DerivedData/SourcePackages/checkouts/xctest-dynamic-overlay/Sources/IssueReporting/Internal/AppHostWarning.swift (in target 'IssueReporting' from project 'xctest-dynamic-overlay')
    cd /Users/runner/work/Album-Prag/Album-Prag/Album.xcodeproj
    

SwiftCompile normal arm64 /Users/runner/work/Album-Prag/Album-Prag/DerivedData/SourcePackages/checkouts/xctest-dynamic-overlay/Sources/IssueReporting/Internal/Deprecations.swift (in target 'IssueReporting' from project 'xctest-dynamic-overlay')
    cd /Users/runner/work/Album-Prag/Album-Prag/Album.xcodeproj
    

SwiftCompile normal arm64 /Users/runner/work/Album-Prag/Album-Prag/DerivedData/SourcePackages/checkouts/xctest-dynamic-overlay/Sources/IssueReporting/Internal/FailureObserver.swift (in target 'IssueReporting' from project 'xctest-dynamic-overlay')
    cd /Users/runner/work/Album-Prag/Album-Prag/Album.xcodeproj
    

SwiftCompile normal arm64 /Users/runner/work/Album-Prag/Album-Prag/DerivedData/SourcePackages/checkouts/xctest-dynamic-overlay/Sources/IssueReporting/Internal/LockIsolated.swift (in target 'IssueReporting' from project 'xctest-dynamic-overlay')
    cd /Users/runner/work/Album-Prag/Album-Prag/Album.xcodeproj
    

SwiftCompile normal arm64 /Users/runner/work/Album-Prag/Album-Prag/DerivedData/SourcePackages/checkouts/xctest-dynamic-overlay/Sources/IssueReporting/Internal/Rethrows.swift (in target 'IssueReporting' from project 'xctest-dynamic-overlay')
    cd /Users/runner/work/Album-Prag/Album-Prag/Album.xcodeproj
    

SwiftCompile normal arm64 /Users/runner/work/Album-Prag/Album-Prag/DerivedData/SourcePackages/checkouts/xctest-dynamic-overlay/Sources/IssueReporting/Internal/SwiftTesting.swift (in target 'IssueReporting' from project 'xctest-dynamic-overlay')
    cd /Users/runner/work/Album-Prag/Album-Prag/Album.xcodeproj
    

SwiftCompile normal arm64 /Users/runner/work/Album-Prag/Album-Prag/DerivedData/SourcePackages/checkouts/xctest-dynamic-overlay/Sources/IssueReporting/Internal/UncheckedSendable.swift (in target 'IssueReporting' from project 'xctest-dynamic-overlay')
    cd /Users/runner/work/Album-Prag/Album-Prag/Album.xcodeproj
    

SwiftExplicitDependencyGeneratePcm arm64 /Users/runner/work/Album-Prag/Album-Prag/DerivedData/ModuleCache.noindex/CoreVideo-J7DF0UAH92LUN7UCXHNBP5RW.pcm

SwiftExplicitDependencyGeneratePcm arm64 /Users/runner/work/Album-Prag/Album-Prag/DerivedData/ModuleCache.noindex/CoreImage-9AEJ7PQMSO56MOCNT27597U6I.pcm

SwiftExplicitDependencyGeneratePcm arm64 /Users/runner/work/Album-Prag/Album-Prag/DerivedData/ModuleCache.noindex/QuartzCore-5MI3UHEKE0HMEERWGEBXKYV2L.pcm

SwiftExplicitDependencyGeneratePcm arm64 /Users/runner/work/Album-Prag/Album-Prag/DerivedData/ModuleCache.noindex/UIKit-68JDAMTE4B999Z7RM00X7NTUD.pcm

SwiftExplicitDependencyGeneratePcm arm64 /Users/runner/work/Album-Prag/Album-Prag/DerivedData/ModuleCache.noindex/SwiftUICore-D87V22BXW9TVAXZ24FQZFYMZK.pcm

SwiftDriverJobDiscovery normal arm64 Compiling Warn.swift, XCTest.swift, IsTesting.swift, IssueReporter.swift, BreakpointReporter.swift, DefaultReporter.swift, FatalErrorReporter.swift (in target 'IssueReporting' from project 'xctest-dynamic-overlay')

SwiftCompile normal arm64 Compiling\ HTTP2ErrorCode.swift,\ HTTP3ErrorCode.swift,\ HTTPField.swift,\ HTTPFieldName.swift /Users/runner/work/Album-Prag/Album-Prag/DerivedData/SourcePackages/checkouts/swift-http-types/Sources/HTTPTypes/HTTP2ErrorCode.swift /Users/runner/work/Album-Prag/Album-Prag/DerivedData/SourcePackages/checkouts/swift-http-types/Sources/HTTPTypes/HTTP3ErrorCode.swift /Users/runner/work/Album-Prag/Album-Prag/DerivedData/SourcePackages/checkouts/swift-http-types/Sources/HTTPTypes/HTTPField.swift /Users/runner/work/Album-Prag/Album-Prag/DerivedData/SourcePackages/checkouts/swift-http-types/Sources/HTTPTypes/HTTPFieldName.swift (in target 'HTTPTypes' from project 'swift-http-types')

SwiftCompile normal arm64 /Users/runner/work/Album-Prag/Album-Prag/DerivedData/SourcePackages/checkouts/swift-http-types/Sources/HTTPTypes/HTTP2ErrorCode.swift (in target 'HTTPTypes' from project 'swift-http-types')
    cd /Users/runner/work/Album-Prag/Album-Prag/Album.xcodeproj
    

SwiftCompile normal arm64 /Users/runner/work/Album-Prag/Album-Prag/DerivedData/SourcePackages/checkouts/swift-http-types/Sources/HTTPTypes/HTTP3ErrorCode.swift (in target 'HTTPTypes' from project 'swift-http-types')
    cd /Users/runner/work/Album-Prag/Album-Prag/Album.xcodeproj
    

SwiftCompile normal arm64 /Users/runner/work/Album-Prag/Album-Prag/DerivedData/SourcePackages/checkouts/swift-http-types/Sources/HTTPTypes/HTTPField.swift (in target 'HTTPTypes' from project 'swift-http-types')
    cd /Users/runner/work/Album-Prag/Album-Prag/Album.xcodeproj
    

SwiftCompile normal arm64 /Users/runner/work/Album-Prag/Album-Prag/DerivedData/SourcePackages/checkouts/swift-http-types/Sources/HTTPTypes/HTTPFieldName.swift (in target 'HTTPTypes' from project 'swift-http-types')
    cd /Users/runner/work/Album-Prag/Album-Prag/Album.xcodeproj
    

SwiftDriverJobDiscovery normal arm64 Compiling ErrorReporting.swift, AppHostWarning.swift, Deprecations.swift, FailureObserver.swift, LockIsolated.swift, Rethrows.swift, SwiftTesting.swift, UncheckedSendable.swift (in target 'IssueReporting' from project 'xctest-dynamic-overlay')

SwiftCompile normal arm64 Compiling\ HTTPRequest+URL.swift,\ HTTPRequest.swift,\ HTTPResponse.swift /Users/runner/work/Album-Prag/Album-Prag/DerivedData/SourcePackages/checkouts/swift-http-types/Sources/HTTPTypes/HTTPRequest+URL.swift /Users/runner/work/Album-Prag/Album-Prag/DerivedData/SourcePackages/checkouts/swift-http-types/Sources/HTTPTypes/HTTPRequest.swift /Users/runner/work/Album-Prag/Album-Prag/DerivedData/SourcePackages/checkouts/swift-http-types/Sources/HTTPTypes/HTTPResponse.swift (in target 'HTTPTypes' from project 'swift-http-types')
SwiftCompile normal arm64 /Users/runner/work/Album-Prag/Album-Prag/DerivedData/SourcePackages/checkouts/swift-http-types/Sources/HTTPTypes/HTTPRequest+URL.swift (in target 'HTTPTypes' from project 'swift-http-types')
    cd /Users/runner/work/Album-Prag/Album-Prag/Album.xcodeproj
    

SwiftCompile normal arm64 /Users/runner/work/Album-Prag/Album-Prag/DerivedData/SourcePackages/checkouts/swift-http-types/Sources/HTTPTypes/HTTPRequest.swift (in target 'HTTPTypes' from project 'swift-http-types')
    cd /Users/runner/work/Album-Prag/Album-Prag/Album.xcodeproj
    

SwiftCompile normal arm64 /Users/runner/work/Album-Prag/Album-Prag/DerivedData/SourcePackages/checkouts/swift-http-types/Sources/HTTPTypes/HTTPResponse.swift (in target 'HTTPTypes' from project 'swift-http-types')
    cd /Users/runner/work/Album-Prag/Album-Prag/Album.xcodeproj
    

SwiftDriver\ Compilation IssueReporting normal arm64 com.apple.xcode.tools.swift.compiler (in target 'IssueReporting' from project 'xctest-dynamic-overlay')
    cd /Users/runner/work/Album-Prag/Album-Prag/Album.xcodeproj
    builtin-Swift-Compilation -- /Applications/Xcode_26.6.app/Contents/Developer/Toolchains/XcodeDefault.xctoolchain/usr/bin/swiftc -module-name IssueReporting -Onone @/Users/runner/work/Album-Prag/Album-Prag/DerivedData/Build/Intermediates.noindex/xctest-dynamic-overlay.build/Debug-iphonesimulator/IssueReporting.build/Objects-normal/arm64/IssueReporting.SwiftFileList -DSWIFT_PACKAGE -DDEBUG -DSWIFT_MODULE_RESOURCE_BUNDLE_UNAVAILABLE -DXcode -enable-upcoming-feature ExistentialAny -enable-upcoming-feature ImmutableWeakCaptures -enable-upcoming-feature InferIsolatedConformances -enable-upcoming-feature InternalImportsByDefault -enable-upcoming-feature MemberImportVisibility -enable-upcoming-feature NonisolatedNonsendingByDefault -plugin-path /Applications/Xcode_26.6.app/Contents/Developer/Toolchains/XcodeDefault.xctoolchain/usr/lib/swift/host/plugins/testing -enable-experimental-feature DebugDescriptionMacro -sdk /Applications/Xcode_26.6.app/Contents/Developer/Platforms/iPhoneSimulator.platform/Developer/SDKs/iPhoneSimulator26.5.sdk -target arm64-apple-ios13.0-simulator -g -module-cache-path /Users/runner/work/Album-Prag/Album-Prag/DerivedData/ModuleCache.noindex -Xfrontend -serialize-debugging-options -enable-testing -suppress-warnings -index-store-path /Users/runner/work/Album-Prag/Album-Prag/DerivedData/Index.noindex/DataStore -Xcc -D_LIBCPP_HARDENING_MODE\=_LIBCPP_HARDENING_MODE_DEBUG -swift-version 6 -I /Users/runner/work/Album-Prag/Album-Prag/DerivedData/Build/Products/Debug-iphonesimulator -Isystem /Applications/Xcode_26.6.app/Contents/Developer/Platforms/iPhoneSimulator.platform/Developer/usr/lib -F /Users/runner/work/Album-Prag/Album-Prag/DerivedData/Build/Products/Debug-iphonesimulator -F /Applications/Xcode_26.6.app/Contents/Developer/Platforms/iPhoneSimulator.platform/Developer/Library/Frameworks -F /Applications/Xcode_26.6.app/Contents/Developer/Platforms/iPhoneSimulator.platform/Developer/SDKs/iPhoneSimulator26.5.sdk/Developer/Library/Frameworks -c -j3 -enable-batch-mode -incremental -Xcc -ivfsstatcache -Xcc /Users/runner/work/Album-Prag/Album-Prag/DerivedData/SDKStatCaches.noindex/iphonesimulator26.5-23F81a-688ef53f1462e2c8f657fdc38a81448ff45c64a1807a658693f2a61704f17a36.sdkstatcache -output-file-map /Users/runner/work/Album-Prag/Album-Prag/DerivedData/Build/Intermediates.noindex/xctest-dynamic-overlay.build/Debug-iphonesimulator/IssueReporting.build/Objects-normal/arm64/IssueReporting-OutputFileMap.json -use-frontend-parseable-output -save-temps -no-color-diagnostics -explicit-module-build -module-cache-path /Users/runner/work/Album-Prag/Album-Prag/DerivedData/Build/Intermediates.noindex/SwiftExplicitPrecompiledModules -clang-scanner-module-cache-path /Users/runner/work/Album-Prag/Album-Prag/DerivedData/ModuleCache.noindex -sdk-module-cache-path /Users/runner/work/Album-Prag/Album-Prag/DerivedData/ModuleCache.noindex -serialize-diagnostics -emit-dependencies -emit-module -emit-module-path /Users/runner/work/Album-Prag/Album-Prag/DerivedData/Build/Intermediates.noindex/xctest-dynamic-overlay.build/Debug-iphonesimulator/IssueReporting.build/Objects-normal/arm64/IssueReporting.swiftmodule -user-module-version 1.13.1 -validate-clang-modules-once -clang-build-session-file /Users/runner/work/Album-Prag/Album-Prag/DerivedData/ModuleCache.noindex/Session.modulevalidation -package-name xctest_dynamic_overlay -Xcc -I/Users/runner/work/Album-Prag/Album-Prag/DerivedData/Build/Intermediates.noindex/xctest-dynamic-overlay.build/Debug-iphonesimulator/IssueReporting.build/swift-overrides.hmap -emit-const-values -Xfrontend -const-gather-protocols-file -Xfrontend /Users/runner/work/Album-Prag/Album-Prag/DerivedData/Build/Intermediates.noindex/xctest-dynamic-overlay.build/Debug-iphonesimulator/IssueReporting.build/Objects-normal/arm64/IssueReporting_const_extract_protocols.json -Xcc -I/Users/runner/work/Album-Prag/Album-Prag/DerivedData/Build/Products/Debug-iphonesimulator/include -Xcc -I/Users/runner/work/Album-Prag/Album-Prag/DerivedData/Build/Intermediates.noindex/xctest-dynamic-overlay.build/Debug-iphonesimulator/IssueReporting.build/DerivedSources-normal/arm64 -Xcc -I/Users/runner/work/Album-Prag/Album-Prag/DerivedData/Build/Intermediates.noindex/xctest-dynamic-overlay.build/Debug-iphonesimulator/IssueReporting.build/DerivedSources/arm64 -Xcc -I/Users/runner/work/Album-Prag/Album-Prag/DerivedData/Build/Intermediates.noindex/xctest-dynamic-overlay.build/Debug-iphonesimulator/IssueReporting.build/DerivedSources -Xcc -DSWIFT_PACKAGE -Xcc -DDEBUG\=1 -emit-objc-header -emit-objc-header-path /Users/runner/work/Album-Prag/Album-Prag/DerivedData/Build/Intermediates.noindex/xctest-dynamic-overlay.build/Debug-iphonesimulator/IssueReporting.build/Objects-normal/arm64/IssueReporting-Swift.h -working-directory /Users/runner/work/Album-Prag/Album-Prag/Album.xcodeproj -experimental-emit-module-separately -disable-cmo

SwiftDriverJobDiscovery normal arm64 Compiling HTTP2ErrorCode.swift, HTTP3ErrorCode.swift, HTTPField.swift, HTTPFieldName.swift (in target 'HTTPTypes' from project 'swift-http-types')

SwiftCompile normal arm64 Compiling\ HTTPFieldValue.swift,\ HTTPFields.swift,\ HTTPParsedFields.swift /Users/runner/work/Album-Prag/Album-Prag/DerivedData/SourcePackages/checkouts/swift-http-types/Sources/HTTPTypes/HTTPFieldValue.swift /Users/runner/work/Album-Prag/Album-Prag/DerivedData/SourcePackages/checkouts/swift-http-types/Sources/HTTPTypes/HTTPFields.swift /Users/runner/work/Album-Prag/Album-Prag/DerivedData/SourcePackages/checkouts/swift-http-types/Sources/HTTPTypes/HTTPParsedFields.swift (in target 'HTTPTypes' from project 'swift-http-types')
SwiftCompile normal arm64 /Users/runner/work/Album-Prag/Album-Prag/DerivedData/SourcePackages/checkouts/swift-http-types/Sources/HTTPTypes/HTTPFieldValue.swift (in target 'HTTPTypes' from project 'swift-http-types')
    cd /Users/runner/work/Album-Prag/Album-Prag/Album.xcodeproj
    

SwiftCompile normal arm64 /Users/runner/work/Album-Prag/Album-Prag/DerivedData/SourcePackages/checkouts/swift-http-types/Sources/HTTPTypes/HTTPFields.swift (in target 'HTTPTypes' from project 'swift-http-types')
    cd /Users/runner/work/Album-Prag/Album-Prag/Album.xcodeproj
    

SwiftCompile normal arm64 /Users/runner/work/Album-Prag/Album-Prag/DerivedData/SourcePackages/checkouts/swift-http-types/Sources/HTTPTypes/HTTPParsedFields.swift (in target 'HTTPTypes' from project 'swift-http-types')
    cd /Users/runner/work/Album-Prag/Album-Prag/Album.xcodeproj
    

SwiftEmitModule normal arm64 Emitting\ module\ for\ AlbumShare (in target 'AlbumShare' from project 'Album')

EmitSwiftModule normal arm64 (in target 'AlbumShare' from project 'Album')
    cd /Users/runner/work/Album-Prag/Album-Prag
    

SwiftDriverJobDiscovery normal arm64 Emitting module for AlbumShare (in target 'AlbumShare' from project 'Album')

SwiftDriver\ Compilation\ Requirements AlbumShare normal arm64 com.apple.xcode.tools.swift.compiler (in target 'AlbumShare' from project 'Album')
    cd /Users/runner/work/Album-Prag/Album-Prag
    builtin-Swift-Compilation-Requirements -- /Applications/Xcode_26.6.app/Contents/Developer/Toolchains/XcodeDefault.xctoolchain/usr/bin/swiftc -module-name AlbumShare -Onone @/Users/runner/work/Album-Prag/Album-Prag/DerivedData/Build/Intermediates.noindex/Album.build/Debug-iphonesimulator/AlbumShare.build/Objects-normal/arm64/AlbumShare.SwiftFileList -DDEBUG -enable-bare-slash-regex -enable-experimental-feature DebugDescriptionMacro -sdk /Applications/Xcode_26.6.app/Contents/Developer/Platforms/iPhoneSimulator.platform/Developer/SDKs/iPhoneSimulator26.5.sdk -target arm64-apple-ios17.0-simulator -g -module-cache-path /Users/runner/work/Album-Prag/Album-Prag/DerivedData/ModuleCache.noindex -Xfrontend -serialize-debugging-options -application-extension -enable-testing -index-store-path /Users/runner/work/Album-Prag/Album-Prag/DerivedData/Index.noindex/DataStore -Xcc -D_LIBCPP_HARDENING_MODE\=_LIBCPP_HARDENING_MODE_DEBUG -swift-version 5 -I /Users/runner/work/Album-Prag/Album-Prag/DerivedData/Build/Products/Debug-iphonesimulator -F /Users/runner/work/Album-Prag/Album-Prag/DerivedData/Build/Products/Debug-iphonesimulator -c -j3 -enable-batch-mode -incremental -Xcc -ivfsstatcache -Xcc /Users/runner/work/Album-Prag/Album-Prag/DerivedData/SDKStatCaches.noindex/iphonesimulator26.5-23F81a-688ef53f1462e2c8f657fdc38a81448ff45c64a1807a658693f2a61704f17a36.sdkstatcache -output-file-map /Users/runner/work/Album-Prag/Album-Prag/DerivedData/Build/Intermediates.noindex/Album.build/Debug-iphonesimulator/AlbumShare.build/Objects-normal/arm64/AlbumShare-OutputFileMap.json -use-frontend-parseable-output -save-temps -no-color-diagnostics -explicit-module-build -module-cache-path /Users/runner/work/Album-Prag/Album-Prag/DerivedData/Build/Intermediates.noindex/SwiftExplicitPrecompiledModules -clang-scanner-module-cache-path /Users/runner/work/Album-Prag/Album-Prag/DerivedData/ModuleCache.noindex -sdk-module-cache-path /Users/runner/work/Album-Prag/Album-Prag/DerivedData/ModuleCache.noindex -serialize-diagnostics -emit-dependencies -emit-module -emit-module-path /Users/runner/work/Album-Prag/Album-Prag/DerivedData/Build/Intermediates.noindex/Album.build/Debug-iphonesimulator/AlbumShare.build/Objects-normal/arm64/AlbumShare.swiftmodule -validate-clang-modules-once -clang-build-session-file /Users/runner/work/Album-Prag/Album-Prag/DerivedData/ModuleCache.noindex/Session.modulevalidation -Xcc -I/Users/runner/work/Album-Prag/Album-Prag/DerivedData/Build/Intermediates.noindex/Album.build/Debug-iphonesimulator/AlbumShare.build/swift-overrides.hmap -emit-const-values -Xfrontend -const-gather-protocols-file -Xfrontend /Users/runner/work/Album-Prag/Album-Prag/DerivedData/Build/Intermediates.noindex/Album.build/Debug-iphonesimulator/AlbumShare.build/Objects-normal/arm64/AlbumShare_const_extract_protocols.json -Xcc -iquote -Xcc /Users/runner/work/Album-Prag/Album-Prag/DerivedData/Build/Intermediates.noindex/Album.build/Debug-iphonesimulator/AlbumShare.build/AlbumShare-generated-files.hmap -Xcc -I/Users/runner/work/Album-Prag/Album-Prag/DerivedData/Build/Intermediates.noindex/Album.build/Debug-iphonesimulator/AlbumShare.build/AlbumShare-own-target-headers.hmap -Xcc -I/Users/runner/work/Album-Prag/Album-Prag/DerivedData/Build/Intermediates.noindex/Album.build/Debug-iphonesimulator/AlbumShare.build/AlbumShare-all-non-framework-target-headers.hmap -Xcc -ivfsoverlay -Xcc /Users/runner/work/Album-Prag/Album-Prag/DerivedData/Build/Intermediates.noindex/Album.build/Debug-iphonesimulator/Album-59f78f5c0bff10c2956812cb85339bbd-VFS-iphonesimulator/all-product-headers.yaml -Xcc -iquote -Xcc /Users/runner/work/Album-Prag/Album-Prag/DerivedData/Build/Intermediates.noindex/Album.build/Debug-iphonesimulator/AlbumShare.build/AlbumShare-project-headers.hmap -Xcc -I/Users/runner/work/Album-Prag/Album-Prag/DerivedData/Build/Products/Debug-iphonesimulator/include -Xcc -I/Users/runner/work/Album-Prag/Album-Prag/DerivedData/Build/Intermediates.noindex/Album.build/Debug-iphonesimulator/AlbumShare.build/DerivedSources-normal/arm64 -Xcc -I/Users/runner/work/Album-Prag/Album-Prag/DerivedData/Build/Intermediates.noindex/Album.build/Debug-iphonesimulator/AlbumShare.build/DerivedSources/arm64 -Xcc -I/Users/runner/work/Album-Prag/Album-Prag/DerivedData/Build/Intermediates.noindex/Album.build/Debug-iphonesimulator/AlbumShare.build/DerivedSources -Xcc -DDEBUG\=1 -emit-objc-header -emit-objc-header-path /Users/runner/work/Album-Prag/Album-Prag/DerivedData/Build/Intermediates.noindex/Album.build/Debug-iphonesimulator/AlbumShare.build/Objects-normal/arm64/AlbumShare-Swift.h -working-directory /Users/runner/work/Album-Prag/Album-Prag -experimental-emit-module-separately -disable-cmo

SwiftCompile normal arm64 Compiling\ HMAC.swift,\ MACFunctions.swift,\ MessageAuthenticationCode.swift,\ AES.swift,\ ECDSASignature_boring.swift,\ ECDSA_boring.swift,\ EdDSA_boring.swift,\ MLDSA_boring.swift,\ MLDSA_wrapper.swift,\ ECDSA.swift,\ Ed25519.swift,\ MLDSA.swift,\ Signature.swift,\ CryptoKitErrors_boring.swift,\ Optional+withUnsafeBytes_boring.swift,\ RNG_boring.swift,\ SafeCompare_boring.swift,\ Zeroization_boring.swift,\ _CryptoModuleAnchor.swift,\ PrettyBytes.swift,\ SafeCompare.swift,\ SecureBytes.swift,\ Zeroization.swift /Users/runner/work/Album-Prag/Album-Prag/DerivedData/SourcePackages/checkouts/swift-crypto/Sources/Crypto/Message\ Authentication\ Codes/HMAC/HMAC.swift /Users/runner/work/Album-Prag/Album-Prag/DerivedData/SourcePackages/checkouts/swift-crypto/Sources/Crypto/Message\ Authentication\ Codes/MACFunctions.swift /Users/runner/work/Album-Prag/Album-Prag/DerivedData/SourcePackages/checkouts/swift-crypto/Sources/Crypto/Message\ Authentication\ Codes/MessageAuthenticationCode.swift /Users/runner/work/Album-Prag/Album-Prag/DerivedData/SourcePackages/checkouts/swift-crypto/Sources/Crypto/PRF/AES.swift /Users/runner/work/Album-Prag/Album-Prag/DerivedData/SourcePackages/checkouts/swift-crypto/Sources/Crypto/Signatures/BoringSSL/ECDSASignature_boring.swift /Users/runner/work/Album-Prag/Album-Prag/DerivedData/SourcePackages/checkouts/swift-crypto/Sources/Crypto/Signatures/BoringSSL/ECDSA_boring.swift /Users/runner/work/Album-Prag/Album-Prag/DerivedData/SourcePackages/checkouts/swift-crypto/Sources/Crypto/Signatures/BoringSSL/EdDSA_boring.swift /Users/runner/work/Album-Prag/Album-Prag/DerivedData/SourcePackages/checkouts/swift-crypto/Sources/Crypto/Signatures/BoringSSL/MLDSA_boring.swift /Users/runner/work/Album-Prag/Album-Prag/DerivedData/SourcePackages/checkouts/swift-crypto/Sources/Crypto/Signatures/BoringSSL/MLDSA_wrapper.swift /Users/runner/work/Album-Prag/Album-Prag/DerivedData/SourcePackages/checkouts/swift-crypto/Sources/Crypto/Signatures/ECDSA.swift /Users/runner/work/Album-Prag/Album-Prag/DerivedData/SourcePackages/checkouts/swift-crypto/Sources/Crypto/Signatures/Ed25519.swift /Users/runner/work/Album-Prag/Album-Prag/DerivedData/SourcePackages/checkouts/swift-crypto/Sources/Crypto/Signatures/MLDSA.swift /Users/runner/work/Album-Prag/Album-Prag/DerivedData/SourcePackages/checkouts/swift-crypto/Sources/Crypto/Signatures/Signature.swift /Users/runner/work/Album-Prag/Album-Prag/DerivedData/SourcePackages/checkouts/swift-crypto/Sources/Crypto/Util/BoringSSL/CryptoKitErrors_boring.swift /Users/runner/work/Album-Prag/Album-Prag/DerivedData/SourcePackages/checkouts/swift-crypto/Sources/Crypto/Util/BoringSSL/Optional+withUnsafeBytes_boring.swift /Users/runner/work/Album-Prag/Album-Prag/DerivedData/SourcePackages/checkouts/swift-crypto/Sources/Crypto/Util/BoringSSL/RNG_boring.swift /Users/runner/work/Album-Prag/Album-Prag/DerivedData/SourcePackages/checkouts/swift-crypto/Sources/Crypto/Util/BoringSSL/SafeCompare_boring.swift /Users/runner/work/Album-Prag/Album-Prag/DerivedData/SourcePackages/checkouts/swift-crypto/Sources/Crypto/Util/BoringSSL/Zeroization_boring.swift /Users/runner/work/Album-Prag/Album-Prag/DerivedData/SourcePackages/checkouts/swift-crypto/Sources/Crypto/Util/BoringSSL/_CryptoModuleAnchor.swift /Users/runner/work/Album-Prag/Album-Prag/DerivedData/SourcePackages/checkouts/swift-crypto/Sources/Crypto/Util/PrettyBytes.swift /Users/runner/work/Album-Prag/Album-Prag/DerivedData/SourcePackages/checkouts/swift-crypto/Sources/Crypto/Util/SafeCompare.swift /Users/runner/work/Album-Prag/Album-Prag/DerivedData/SourcePackages/checkouts/swift-crypto/Sources/Crypto/Util/SecureBytes.swift /Users/runner/work/Album-Prag/Album-Prag/DerivedData/SourcePackages/checkouts/swift-crypto/Sources/Crypto/Util/Zeroization.swift (in target 'Crypto' from project 'swift-crypto')
SwiftCompile normal arm64 /Users/runner/work/Album-Prag/Album-Prag/DerivedData/SourcePackages/checkouts/swift-crypto/Sources/Crypto/Message\ Authentication\ Codes/HMAC/HMAC.swift (in target 'Crypto' from project 'swift-crypto')
    cd /Users/runner/work/Album-Prag/Album-Prag/Album.xcodeproj
    

SwiftCompile normal arm64 /Users/runner/work/Album-Prag/Album-Prag/DerivedData/SourcePackages/checkouts/swift-crypto/Sources/Crypto/Message\ Authentication\ Codes/MACFunctions.swift (in target 'Crypto' from project 'swift-crypto')
    cd /Users/runner/work/Album-Prag/Album-Prag/Album.xcodeproj
    

SwiftCompile normal arm64 /Users/runner/work/Album-Prag/Album-Prag/DerivedData/SourcePackages/checkouts/swift-crypto/Sources/Crypto/Message\ Authentication\ Codes/MessageAuthenticationCode.swift (in target 'Crypto' from project 'swift-crypto')
    cd /Users/runner/work/Album-Prag/Album-Prag/Album.xcodeproj
    

SwiftCompile normal arm64 /Users/runner/work/Album-Prag/Album-Prag/DerivedData/SourcePackages/checkouts/swift-crypto/Sources/Crypto/PRF/AES.swift (in target 'Crypto' from project 'swift-crypto')
    cd /Users/runner/work/Album-Prag/Album-Prag/Album.xcodeproj
    

SwiftCompile normal arm64 /Users/runner/work/Album-Prag/Album-Prag/DerivedData/SourcePackages/checkouts/swift-crypto/Sources/Crypto/Signatures/BoringSSL/ECDSASignature_boring.swift (in target 'Crypto' from project 'swift-crypto')
    cd /Users/runner/work/Album-Prag/Album-Prag/Album.xcodeproj
    

SwiftCompile normal arm64 /Users/runner/work/Album-Prag/Album-Prag/DerivedData/SourcePackages/checkouts/swift-crypto/Sources/Crypto/Signatures/BoringSSL/ECDSA_boring.swift (in target 'Crypto' from project 'swift-crypto')
    cd /Users/runner/work/Album-Prag/Album-Prag/Album.xcodeproj
    

SwiftCompile normal arm64 /Users/runner/work/Album-Prag/Album-Prag/DerivedData/SourcePackages/checkouts/swift-crypto/Sources/Crypto/Signatures/BoringSSL/EdDSA_boring.swift (in target 'Crypto' from project 'swift-crypto')
    cd /Users/runner/work/Album-Prag/Album-Prag/Album.xcodeproj
    

SwiftCompile normal arm64 /Users/runner/work/Album-Prag/Album-Prag/DerivedData/SourcePackages/checkouts/swift-crypto/Sources/Crypto/Signatures/BoringSSL/MLDSA_boring.swift (in target 'Crypto' from project 'swift-crypto')
    cd /Users/runner/work/Album-Prag/Album-Prag/Album.xcodeproj
    

SwiftCompile normal arm64 /Users/runner/work/Album-Prag/Album-Prag/DerivedData/SourcePackages/checkouts/swift-crypto/Sources/Crypto/Signatures/BoringSSL/MLDSA_wrapper.swift (in target 'Crypto' from project 'swift-crypto')
    cd /Users/runner/work/Album-Prag/Album-Prag/Album.xcodeproj
    

SwiftCompile normal arm64 /Users/runner/work/Album-Prag/Album-Prag/DerivedData/SourcePackages/checkouts/swift-crypto/Sources/Crypto/Signatures/ECDSA.swift (in target 'Crypto' from project 'swift-crypto')
    cd /Users/runner/work/Album-Prag/Album-Prag/Album.xcodeproj
    

SwiftCompile normal arm64 /Users/runner/work/Album-Prag/Album-Prag/DerivedData/SourcePackages/checkouts/swift-crypto/Sources/Crypto/Signatures/Ed25519.swift (in target 'Crypto' from project 'swift-crypto')
    cd /Users/runner/work/Album-Prag/Album-Prag/Album.xcodeproj
    

SwiftCompile normal arm64 /Users/runner/work/Album-Prag/Album-Prag/DerivedData/SourcePackages/checkouts/swift-crypto/Sources/Crypto/Signatures/MLDSA.swift (in target 'Crypto' from project 'swift-crypto')
    cd /Users/runner/work/Album-Prag/Album-Prag/Album.xcodeproj
    

SwiftCompile normal arm64 /Users/runner/work/Album-Prag/Album-Prag/DerivedData/SourcePackages/checkouts/swift-crypto/Sources/Crypto/Signatures/Signature.swift (in target 'Crypto' from project 'swift-crypto')
    cd /Users/runner/work/Album-Prag/Album-Prag/Album.xcodeproj
    

SwiftCompile normal arm64 /Users/runner/work/Album-Prag/Album-Prag/DerivedData/SourcePackages/checkouts/swift-crypto/Sources/Crypto/Util/BoringSSL/CryptoKitErrors_boring.swift (in target 'Crypto' from project 'swift-crypto')
    cd /Users/runner/work/Album-Prag/Album-Prag/Album.xcodeproj
    

SwiftCompile normal arm64 /Users/runner/work/Album-Prag/Album-Prag/DerivedData/SourcePackages/checkouts/swift-crypto/Sources/Crypto/Util/BoringSSL/Optional+withUnsafeBytes_boring.swift (in target 'Crypto' from project 'swift-crypto')
    cd /Users/runner/work/Album-Prag/Album-Prag/Album.xcodeproj
    

SwiftCompile normal arm64 /Users/runner/work/Album-Prag/Album-Prag/DerivedData/SourcePackages/checkouts/swift-crypto/Sources/Crypto/Util/BoringSSL/RNG_boring.swift (in target 'Crypto' from project 'swift-crypto')
    cd /Users/runner/work/Album-Prag/Album-Prag/Album.xcodeproj
    

SwiftCompile normal arm64 /Users/runner/work/Album-Prag/Album-Prag/DerivedData/SourcePackages/checkouts/swift-crypto/Sources/Crypto/Util/BoringSSL/SafeCompare_boring.swift (in target 'Crypto' from project 'swift-crypto')
    cd /Users/runner/work/Album-Prag/Album-Prag/Album.xcodeproj
    

SwiftCompile normal arm64 /Users/runner/work/Album-Prag/Album-Prag/DerivedData/SourcePackages/checkouts/swift-crypto/Sources/Crypto/Util/BoringSSL/Zeroization_boring.swift (in target 'Crypto' from project 'swift-crypto')
    cd /Users/runner/work/Album-Prag/Album-Prag/Album.xcodeproj
    

SwiftCompile normal arm64 /Users/runner/work/Album-Prag/Album-Prag/DerivedData/SourcePackages/checkouts/swift-crypto/Sources/Crypto/Util/BoringSSL/_CryptoModuleAnchor.swift (in target 'Crypto' from project 'swift-crypto')
    cd /Users/runner/work/Album-Prag/Album-Prag/Album.xcodeproj
    

SwiftCompile normal arm64 /Users/runner/work/Album-Prag/Album-Prag/DerivedData/SourcePackages/checkouts/swift-crypto/Sources/Crypto/Util/PrettyBytes.swift (in target 'Crypto' from project 'swift-crypto')
    cd /Users/runner/work/Album-Prag/Album-Prag/Album.xcodeproj
    

SwiftCompile normal arm64 /Users/runner/work/Album-Prag/Album-Prag/DerivedData/SourcePackages/checkouts/swift-crypto/Sources/Crypto/Util/SafeCompare.swift (in target 'Crypto' from project 'swift-crypto')
    cd /Users/runner/work/Album-Prag/Album-Prag/Album.xcodeproj
    

SwiftCompile normal arm64 /Users/runner/work/Album-Prag/Album-Prag/DerivedData/SourcePackages/checkouts/swift-crypto/Sources/Crypto/Util/SecureBytes.swift (in target 'Crypto' from project 'swift-crypto')
    cd /Users/runner/work/Album-Prag/Album-Prag/Album.xcodeproj
    

SwiftCompile normal arm64 /Users/runner/work/Album-Prag/Album-Prag/DerivedData/SourcePackages/checkouts/swift-crypto/Sources/Crypto/Util/Zeroization.swift (in target 'Crypto' from project 'swift-crypto')
    cd /Users/runner/work/Album-Prag/Album-Prag/Album.xcodeproj
    

SwiftMergeGeneratedHeaders /Users/runner/work/Album-Prag/Album-Prag/DerivedData/Build/Intermediates.noindex/Album.build/Debug-iphonesimulator/AlbumShare.build/DerivedSources/AlbumShare-Swift.h /Users/runner/work/Album-Prag/Album-Prag/DerivedData/Build/Intermediates.noindex/Album.build/Debug-iphonesimulator/AlbumShare.build/Objects-normal/arm64/AlbumShare-Swift.h (in target 'AlbumShare' from project 'Album')
    cd /Users/runner/work/Album-Prag/Album-Prag
    builtin-swiftHeaderTool -arch arm64 /Users/runner/work/Album-Prag/Album-Prag/DerivedData/Build/Intermediates.noindex/Album.build/Debug-iphonesimulator/AlbumShare.build/Objects-normal/arm64/AlbumShare-Swift.h -o /Users/runner/work/Album-Prag/Album-Prag/DerivedData/Build/Intermediates.noindex/Album.build/Debug-iphonesimulator/AlbumShare.build/DerivedSources/AlbumShare-Swift.h

SwiftDriverJobDiscovery normal arm64 Compiling HTTPRequest+URL.swift, HTTPRequest.swift, HTTPResponse.swift (in target 'HTTPTypes' from project 'swift-http-types')

Copy /Users/runner/work/Album-Prag/Album-Prag/DerivedData/Build/Products/Debug-iphonesimulator/AlbumShare.swiftmodule/arm64-apple-ios-simulator.swiftmodule /Users/runner/work/Album-Prag/Album-Prag/DerivedData/Build/Intermediates.noindex/Album.build/Debug-iphonesimulator/AlbumShare.build/Objects-normal/arm64/AlbumShare.swiftmodule (in target 'AlbumShare' from project 'Album')
    cd /Users/runner/work/Album-Prag/Album-Prag
    builtin-copy -exclude .DS_Store -exclude CVS -exclude .svn -exclude .git -exclude .hg -resolve-src-symlinks -rename /Users/runner/work/Album-Prag/Album-Prag/DerivedData/Build/Intermediates.noindex/Album.build/Debug-iphonesimulator/AlbumShare.build/Objects-normal/arm64/AlbumShare.swiftmodule /Users/runner/work/Album-Prag/Album-Prag/DerivedData/Build/Products/Debug-iphonesimulator/AlbumShare.swiftmodule/arm64-apple-ios-simulator.swiftmodule

Copy /Users/runner/work/Album-Prag/Album-Prag/DerivedData/Build/Products/Debug-iphonesimulator/AlbumShare.swiftmodule/arm64-apple-ios-simulator.swiftdoc /Users/runner/work/Album-Prag/Album-Prag/DerivedData/Build/Intermediates.noindex/Album.build/Debug-iphonesimulator/AlbumShare.build/Objects-normal/arm64/AlbumShare.swiftdoc (in target 'AlbumShare' from project 'Album')
    cd /Users/runner/work/Album-Prag/Album-Prag
    builtin-copy -exclude .DS_Store -exclude CVS -exclude .svn -exclude .git -exclude .hg -resolve-src-symlinks -rename /Users/runner/work/Album-Prag/Album-Prag/DerivedData/Build/Intermediates.noindex/Album.build/Debug-iphonesimulator/AlbumShare.build/Objects-normal/arm64/AlbumShare.swiftdoc /Users/runner/work/Album-Prag/Album-Prag/DerivedData/Build/Products/Debug-iphonesimulator/AlbumShare.swiftmodule/arm64-apple-ios-simulator.swiftdoc

Copy /Users/runner/work/Album-Prag/Album-Prag/DerivedData/Build/Products/Debug-iphonesimulator/AlbumShare.swiftmodule/arm64-apple-ios-simulator.abi.json /Users/runner/work/Album-Prag/Album-Prag/DerivedData/Build/Intermediates.noindex/Album.build/Debug-iphonesimulator/AlbumShare.build/Objects-normal/arm64/AlbumShare.abi.json (in target 'AlbumShare' from project 'Album')
    cd /Users/runner/work/Album-Prag/Album-Prag
    builtin-copy -exclude .DS_Store -exclude CVS -exclude .svn -exclude .git -exclude .hg -resolve-src-symlinks -rename /Users/runner/work/Album-Prag/Album-Prag/DerivedData/Build/Intermediates.noindex/Album.build/Debug-iphonesimulator/AlbumShare.build/Objects-normal/arm64/AlbumShare.abi.json /Users/runner/work/Album-Prag/Album-Prag/DerivedData/Build/Products/Debug-iphonesimulator/AlbumShare.swiftmodule/arm64-apple-ios-simulator.abi.json

Copy /Users/runner/work/Album-Prag/Album-Prag/DerivedData/Build/Products/Debug-iphonesimulator/AlbumShare.swiftmodule/Project/arm64-apple-ios-simulator.swiftsourceinfo /Users/runner/work/Album-Prag/Album-Prag/DerivedData/Build/Intermediates.noindex/Album.build/Debug-iphonesimulator/AlbumShare.build/Objects-normal/arm64/AlbumShare.swiftsourceinfo (in target 'AlbumShare' from project 'Album')
    cd /Users/runner/work/Album-Prag/Album-Prag
    builtin-copy -exclude .DS_Store -exclude CVS -exclude .svn -exclude .git -exclude .hg -resolve-src-symlinks -rename /Users/runner/work/Album-Prag/Album-Prag/DerivedData/Build/Intermediates.noindex/Album.build/Debug-iphonesimulator/AlbumShare.build/Objects-normal/arm64/AlbumShare.swiftsourceinfo /Users/runner/work/Album-Prag/Album-Prag/DerivedData/Build/Products/Debug-iphonesimulator/AlbumShare.swiftmodule/Project/arm64-apple-ios-simulator.swiftsourceinfo

SwiftCompile normal arm64 Compiling\ resource_bundle_accessor.swift,\ AES-GCM.swift,\ AES-GCM_boring.swift,\ ChaChaPoly_boring.swift,\ ChaChaPoly.swift,\ Cipher.swift,\ Nonces.swift,\ ASN1.swift,\ ASN1Any.swift,\ ASN1BitString.swift,\ ASN1Boolean.swift,\ ASN1Identifier.swift,\ ASN1Integer.swift,\ ASN1Null.swift,\ ASN1OctetString.swift,\ ASN1Strings.swift,\ ArraySliceBigint.swift,\ GeneralizedTime.swift,\ ObjectIdentifier.swift,\ ECDSASignature.swift,\ PEMDocument.swift,\ PKCS8PrivateKey.swift,\ SEC1PrivateKey.swift,\ SubjectPublicKeyInfo.swift /Users/runner/work/Album-Prag/Album-Prag/DerivedData/Build/Intermediates.noindex/swift-crypto.build/Debug-iphonesimulator/Crypto.build/DerivedSources/resource_bundle_accessor.swift /Users/runner/work/Album-Prag/Album-Prag/DerivedData/SourcePackages/checkouts/swift-crypto/Sources/Crypto/AEADs/AES/GCM/AES-GCM.swift /Users/runner/work/Album-Prag/Album-Prag/DerivedData/SourcePackages/checkouts/swift-crypto/Sources/Crypto/AEADs/AES/GCM/BoringSSL/AES-GCM_boring.swift /Users/runner/work/Album-Prag/Album-Prag/DerivedData/SourcePackages/checkouts/swift-crypto/Sources/Crypto/AEADs/ChachaPoly/BoringSSL/ChaChaPoly_boring.swift /Users/runner/work/Album-Prag/Album-Prag/DerivedData/SourcePackages/checkouts/swift-crypto/Sources/Crypto/AEADs/ChachaPoly/ChaChaPoly.swift /Users/runner/work/Album-Prag/Album-Prag/DerivedData/SourcePackages/checkouts/swift-crypto/Sources/Crypto/AEADs/Cipher.swift /Users/runner/work/Album-Prag/Album-Prag/DerivedData/SourcePackages/checkouts/swift-crypto/Sources/Crypto/AEADs/Nonces.swift /Users/runner/work/Album-Prag/Album-Prag/DerivedData/SourcePackages/checkouts/swift-crypto/Sources/Crypto/ASN1/ASN1.swift /Users/runner/work/Album-Prag/Album-Prag/DerivedData/SourcePackages/checkouts/swift-crypto/Sources/Crypto/ASN1/Basic\ ASN1\ Types/ASN1Any.swift /Users/runner/work/Album-Prag/Album-Prag/DerivedData/SourcePackages/checkouts/swift-crypto/Sources/Crypto/ASN1/Basic\ ASN1\ Types/ASN1BitString.swift /Users/runner/work/Album-Prag/Album-Prag/DerivedData/SourcePackages/checkouts/swift-crypto/Sources/Crypto/ASN1/Basic\ ASN1\ Types/ASN1Boolean.swift /Users/runner/work/Album-Prag/Album-Prag/DerivedData/SourcePackages/checkouts/swift-crypto/Sources/Crypto/ASN1/Basic\ ASN1\ Types/ASN1Identifier.swift /Users/runner/work/Album-Prag/Album-Prag/DerivedData/SourcePackages/checkouts/swift-crypto/Sources/Crypto/ASN1/Basic\ ASN1\ Types/ASN1Integer.swift /Users/runner/work/Album-Prag/Album-Prag/DerivedData/SourcePackages/checkouts/swift-crypto/Sources/Crypto/ASN1/Basic\ ASN1\ Types/ASN1Null.swift /Users/runner/work/Album-Prag/Album-Prag/DerivedData/SourcePackages/checkouts/swift-crypto/Sources/Crypto/ASN1/Basic\ ASN1\ Types/ASN1OctetString.swift /Users/runner/work/Album-Prag/Album-Prag/DerivedData/SourcePackages/checkouts/swift-crypto/Sources/Crypto/ASN1/Basic\ ASN1\ Types/ASN1Strings.swift /Users/runner/work/Album-Prag/Album-Prag/DerivedData/SourcePackages/checkouts/swift-crypto/Sources/Crypto/ASN1/Basic\ ASN1\ Types/ArraySliceBigint.swift /Users/runner/work/Album-Prag/Album-Prag/DerivedData/SourcePackages/checkouts/swift-crypto/Sources/Crypto/ASN1/Basic\ ASN1\ Types/GeneralizedTime.swift /Users/runner/work/Album-Prag/Album-Prag/DerivedData/SourcePackages/checkouts/swift-crypto/Sources/Crypto/ASN1/Basic\ ASN1\ Types/ObjectIdentifier.swift /Users/runner/work/Album-Prag/Album-Prag/DerivedData/SourcePackages/checkouts/swift-crypto/Sources/Crypto/ASN1/ECDSASignature.swift /Users/runner/work/Album-Prag/Album-Prag/DerivedData/SourcePackages/checkouts/swift-crypto/Sources/Crypto/ASN1/PEMDocument.swift /Users/runner/work/Album-Prag/Album-Prag/DerivedData/SourcePackages/checkouts/swift-crypto/Sources/Crypto/ASN1/PKCS8PrivateKey.swift /Users/runner/work/Album-Prag/Album-Prag/DerivedData/SourcePackages/checkouts/swift-crypto/Sources/Crypto/ASN1/SEC1PrivateKey.swift /Users/runner/work/Album-Prag/Album-Prag/DerivedData/SourcePackages/checkouts/swift-crypto/Sources/Crypto/ASN1/SubjectPublicKeyInfo.swift (in target 'Crypto' from project 'swift-crypto')

SwiftCompile normal arm64 /Users/runner/work/Album-Prag/Album-Prag/DerivedData/Build/Intermediates.noindex/swift-crypto.build/Debug-iphonesimulator/Crypto.build/DerivedSources/resource_bundle_accessor.swift (in target 'Crypto' from project 'swift-crypto')
    cd /Users/runner/work/Album-Prag/Album-Prag/Album.xcodeproj
    

SwiftCompile normal arm64 /Users/runner/work/Album-Prag/Album-Prag/DerivedData/SourcePackages/checkouts/swift-crypto/Sources/Crypto/AEADs/AES/GCM/AES-GCM.swift (in target 'Crypto' from project 'swift-crypto')
    cd /Users/runner/work/Album-Prag/Album-Prag/Album.xcodeproj
    

SwiftCompile normal arm64 /Users/runner/work/Album-Prag/Album-Prag/DerivedData/SourcePackages/checkouts/swift-crypto/Sources/Crypto/AEADs/AES/GCM/BoringSSL/AES-GCM_boring.swift (in target 'Crypto' from project 'swift-crypto')
    cd /Users/runner/work/Album-Prag/Album-Prag/Album.xcodeproj
    

SwiftCompile normal arm64 /Users/runner/work/Album-Prag/Album-Prag/DerivedData/SourcePackages/checkouts/swift-crypto/Sources/Crypto/AEADs/ChachaPoly/BoringSSL/ChaChaPoly_boring.swift (in target 'Crypto' from project 'swift-crypto')
    cd /Users/runner/work/Album-Prag/Album-Prag/Album.xcodeproj
    

SwiftCompile normal arm64 /Users/runner/work/Album-Prag/Album-Prag/DerivedData/SourcePackages/checkouts/swift-crypto/Sources/Crypto/AEADs/ChachaPoly/ChaChaPoly.swift (in target 'Crypto' from project 'swift-crypto')
    cd /Users/runner/work/Album-Prag/Album-Prag/Album.xcodeproj
    

SwiftCompile normal arm64 /Users/runner/work/Album-Prag/Album-Prag/DerivedData/SourcePackages/checkouts/swift-crypto/Sources/Crypto/AEADs/Cipher.swift (in target 'Crypto' from project 'swift-crypto')
    cd /Users/runner/work/Album-Prag/Album-Prag/Album.xcodeproj
    

SwiftCompile normal arm64 /Users/runner/work/Album-Prag/Album-Prag/DerivedData/SourcePackages/checkouts/swift-crypto/Sources/Crypto/AEADs/Nonces.swift (in target 'Crypto' from project 'swift-crypto')
    cd /Users/runner/work/Album-Prag/Album-Prag/Album.xcodeproj
    

SwiftCompile normal arm64 /Users/runner/work/Album-Prag/Album-Prag/DerivedData/SourcePackages/checkouts/swift-crypto/Sources/Crypto/ASN1/ASN1.swift (in target 'Crypto' from project 'swift-crypto')
    cd /Users/runner/work/Album-Prag/Album-Prag/Album.xcodeproj
    

SwiftCompile normal arm64 /Users/runner/work/Album-Prag/Album-Prag/DerivedData/SourcePackages/checkouts/swift-crypto/Sources/Crypto/ASN1/Basic\ ASN1\ Types/ASN1Any.swift (in target 'Crypto' from project 'swift-crypto')
    cd /Users/runner/work/Album-Prag/Album-Prag/Album.xcodeproj
    

SwiftCompile normal arm64 /Users/runner/work/Album-Prag/Album-Prag/DerivedData/SourcePackages/checkouts/swift-crypto/Sources/Crypto/ASN1/Basic\ ASN1\ Types/ASN1BitString.swift (in target 'Crypto' from project 'swift-crypto')
    cd /Users/runner/work/Album-Prag/Album-Prag/Album.xcodeproj
    

SwiftCompile normal arm64 /Users/runner/work/Album-Prag/Album-Prag/DerivedData/SourcePackages/checkouts/swift-crypto/Sources/Crypto/ASN1/Basic\ ASN1\ Types/ASN1Boolean.swift (in target 'Crypto' from project 'swift-crypto')
    cd /Users/runner/work/Album-Prag/Album-Prag/Album.xcodeproj
    

SwiftCompile normal arm64 /Users/runner/work/Album-Prag/Album-Prag/DerivedData/SourcePackages/checkouts/swift-crypto/Sources/Crypto/ASN1/Basic\ ASN1\ Types/ASN1Identifier.swift (in target 'Crypto' from project 'swift-crypto')
    cd /Users/runner/work/Album-Prag/Album-Prag/Album.xcodeproj
    

SwiftCompile normal arm64 /Users/runner/work/Album-Prag/Album-Prag/DerivedData/SourcePackages/checkouts/swift-crypto/Sources/Crypto/ASN1/Basic\ ASN1\ Types/ASN1Integer.swift (in target 'Crypto' from project 'swift-crypto')
    cd /Users/runner/work/Album-Prag/Album-Prag/Album.xcodeproj
    

SwiftCompile normal arm64 /Users/runner/work/Album-Prag/Album-Prag/DerivedData/SourcePackages/checkouts/swift-crypto/Sources/Crypto/ASN1/Basic\ ASN1\ Types/ASN1Null.swift (in target 'Crypto' from project 'swift-crypto')
    cd /Users/runner/work/Album-Prag/Album-Prag/Album.xcodeproj
    

SwiftCompile normal arm64 /Users/runner/work/Album-Prag/Album-Prag/DerivedData/SourcePackages/checkouts/swift-crypto/Sources/Crypto/ASN1/Basic\ ASN1\ Types/ASN1OctetString.swift (in target 'Crypto' from project 'swift-crypto')
    cd /Users/runner/work/Album-Prag/Album-Prag/Album.xcodeproj
    

SwiftCompile normal arm64 /Users/runner/work/Album-Prag/Album-Prag/DerivedData/SourcePackages/checkouts/swift-crypto/Sources/Crypto/ASN1/Basic\ ASN1\ Types/ASN1Strings.swift (in target 'Crypto' from project 'swift-crypto')
    cd /Users/runner/work/Album-Prag/Album-Prag/Album.xcodeproj
    

SwiftCompile normal arm64 /Users/runner/work/Album-Prag/Album-Prag/DerivedData/SourcePackages/checkouts/swift-crypto/Sources/Crypto/ASN1/Basic\ ASN1\ Types/ArraySliceBigint.swift (in target 'Crypto' from project 'swift-crypto')
    cd /Users/runner/work/Album-Prag/Album-Prag/Album.xcodeproj
    

SwiftCompile normal arm64 /Users/runner/work/Album-Prag/Album-Prag/DerivedData/SourcePackages/checkouts/swift-crypto/Sources/Crypto/ASN1/Basic\ ASN1\ Types/GeneralizedTime.swift (in target 'Crypto' from project 'swift-crypto')
    cd /Users/runner/work/Album-Prag/Album-Prag/Album.xcodeproj
    

SwiftCompile normal arm64 /Users/runner/work/Album-Prag/Album-Prag/DerivedData/SourcePackages/checkouts/swift-crypto/Sources/Crypto/ASN1/Basic\ ASN1\ Types/ObjectIdentifier.swift (in target 'Crypto' from project 'swift-crypto')
    cd /Users/runner/work/Album-Prag/Album-Prag/Album.xcodeproj
    

SwiftCompile normal arm64 /Users/runner/work/Album-Prag/Album-Prag/DerivedData/SourcePackages/checkouts/swift-crypto/Sources/Crypto/ASN1/ECDSASignature.swift (in target 'Crypto' from project 'swift-crypto')
    cd /Users/runner/work/Album-Prag/Album-Prag/Album.xcodeproj
    

SwiftCompile normal arm64 /Users/runner/work/Album-Prag/Album-Prag/DerivedData/SourcePackages/checkouts/swift-crypto/Sources/Crypto/ASN1/PEMDocument.swift (in target 'Crypto' from project 'swift-crypto')
    cd /Users/runner/work/Album-Prag/Album-Prag/Album.xcodeproj
    

SwiftCompile normal arm64 /Users/runner/work/Album-Prag/Album-Prag/DerivedData/SourcePackages/checkouts/swift-crypto/Sources/Crypto/ASN1/PKCS8PrivateKey.swift (in target 'Crypto' from project 'swift-crypto')
    cd /Users/runner/work/Album-Prag/Album-Prag/Album.xcodeproj
    

SwiftCompile normal arm64 /Users/runner/work/Album-Prag/Album-Prag/DerivedData/SourcePackages/checkouts/swift-crypto/Sources/Crypto/ASN1/SEC1PrivateKey.swift (in target 'Crypto' from project 'swift-crypto')
    cd /Users/runner/work/Album-Prag/Album-Prag/Album.xcodeproj
    

SwiftCompile normal arm64 /Users/runner/work/Album-Prag/Album-Prag/DerivedData/SourcePackages/checkouts/swift-crypto/Sources/Crypto/ASN1/SubjectPublicKeyInfo.swift (in target 'Crypto' from project 'swift-crypto')
    cd /Users/runner/work/Album-Prag/Album-Prag/Album.xcodeproj
    

SwiftCompile normal arm64 Compiling\ CryptoError_boring.swift,\ CryptoKitErrors.swift,\ Digest_boring.swift,\ Digest.swift,\ Digests.swift,\ HashFunctions.swift,\ HashFunctions_SHA2.swift,\ HashFunctions_SHA3.swift,\ Digest_xkcp.swift,\ HPKE-AEAD.swift,\ HPKE-Ciphersuite.swift,\ HPKE-KDF.swift,\ HPKE-KexKeyDerivation.swift,\ HPKE-LabeledExtract.swift,\ HPKE-Utils.swift,\ DHKEM.swift,\ HPKE-KEM-Curve25519.swift,\ HPKE-NIST-EC-KEMs.swift,\ HPKE-KEM.swift,\ HPKE-Errors.swift,\ HPKE.swift,\ HPKE-Context.swift,\ HPKE-KeySchedule.swift,\ HPKE-Modes.swift /Users/runner/work/Album-Prag/Album-Prag/DerivedData/SourcePackages/checkouts/swift-crypto/Sources/Crypto/CryptoError_boring.swift /Users/runner/work/Album-Prag/Album-Prag/DerivedData/SourcePackages/checkouts/swift-crypto/Sources/Crypto/CryptoKitErrors.swift /Users/runner/work/Album-Prag/Album-Prag/DerivedData/SourcePackages/checkouts/swift-crypto/Sources/Crypto/Digests/BoringSSL/Digest_boring.swift /Users/runner/work/Album-Prag/Album-Prag/DerivedData/SourcePackages/checkouts/swift-crypto/Sources/Crypto/Digests/Digest.swift /Users/runner/work/Album-Prag/Album-Prag/DerivedData/SourcePackages/checkouts/swift-crypto/Sources/Crypto/Digests/Digests.swift /Users/runner/work/Album-Prag/Album-Prag/DerivedData/SourcePackages/checkouts/swift-crypto/Sources/Crypto/Digests/HashFunctions.swift /Users/runner/work/Album-Prag/Album-Prag/DerivedData/SourcePackages/checkouts/swift-crypto/Sources/Crypto/Digests/HashFunctions_SHA2.swift /Users/runner/work/Album-Prag/Album-Prag/DerivedData/SourcePackages/checkouts/swift-crypto/Sources/Crypto/Digests/HashFunctions_SHA3.swift /Users/runner/work/Album-Prag/Album-Prag/DerivedData/SourcePackages/checkouts/swift-crypto/Sources/Crypto/Digests/XKCP/Digest_xkcp.swift /Users/runner/work/Album-Prag/Album-Prag/DerivedData/SourcePackages/checkouts/swift-crypto/Sources/Crypto/HPKE/Ciphersuite/HPKE-AEAD.swift /Users/runner/work/Album-Prag/Album-Prag/DerivedData/SourcePackages/checkouts/swift-crypto/Sources/Crypto/HPKE/Ciphersuite/HPKE-Ciphersuite.swift /Users/runner/work/Album-Prag/Album-Prag/DerivedData/SourcePackages/checkouts/swift-crypto/Sources/Crypto/HPKE/Ciphersuite/HPKE-KDF.swift /Users/runner/work/Album-Prag/Album-Prag/DerivedData/SourcePackages/checkouts/swift-crypto/Sources/Crypto/HPKE/Ciphersuite/HPKE-KexKeyDerivation.swift /Users/runner/work/Album-Prag/Album-Prag/DerivedData/SourcePackages/checkouts/swift-crypto/Sources/Crypto/HPKE/Ciphersuite/HPKE-LabeledExtract.swift /Users/runner/work/Album-Prag/Album-Prag/DerivedData/SourcePackages/checkouts/swift-crypto/Sources/Crypto/HPKE/Ciphersuite/HPKE-Utils.swift /Users/runner/work/Album-Prag/Album-Prag/DerivedData/SourcePackages/checkouts/swift-crypto/Sources/Crypto/HPKE/Ciphersuite/KEM/Conformances/DHKEM.swift /Users/runner/work/Album-Prag/Album-Prag/DerivedData/SourcePackages/checkouts/swift-crypto/Sources/Crypto/HPKE/Ciphersuite/KEM/Conformances/HPKE-KEM-Curve25519.swift /Users/runner/work/Album-Prag/Album-Prag/DerivedData/SourcePackages/checkouts/swift-crypto/Sources/Crypto/HPKE/Ciphersuite/KEM/Conformances/HPKE-NIST-EC-KEMs.swift /Users/runner/work/Album-Prag/Album-Prag/DerivedData/SourcePackages/checkouts/swift-crypto/Sources/Crypto/HPKE/Ciphersuite/KEM/HPKE-KEM.swift /Users/runner/work/Album-Prag/Album-Prag/DerivedData/SourcePackages/checkouts/swift-crypto/Sources/Crypto/HPKE/HPKE-Errors.swift /Users/runner/work/Album-Prag/Album-Prag/DerivedData/SourcePackages/checkouts/swift-crypto/Sources/Crypto/HPKE/HPKE.swift /Users/runner/work/Album-Prag/Album-Prag/DerivedData/SourcePackages/checkouts/swift-crypto/Sources/Crypto/HPKE/Key\ Schedule/HPKE-Context.swift /Users/runner/work/Album-Prag/Album-Prag/DerivedData/SourcePackages/checkouts/swift-crypto/Sources/Crypto/HPKE/Key\ Schedule/HPKE-KeySchedule.swift /Users/runner/work/Album-Prag/Album-Prag/DerivedData/SourcePackages/checkouts/swift-crypto/Sources/Crypto/HPKE/Modes/HPKE-Modes.swift (in target 'Crypto' from project 'swift-crypto')
SwiftCompile normal arm64 /Users/runner/work/Album-Prag/Album-Prag/DerivedData/SourcePackages/checkouts/swift-crypto/Sources/Crypto/CryptoError_boring.swift (in target 'Crypto' from project 'swift-crypto')
    cd /Users/runner/work/Album-Prag/Album-Prag/Album.xcodeproj
    

SwiftCompile normal arm64 /Users/runner/work/Album-Prag/Album-Prag/DerivedData/SourcePackages/checkouts/swift-crypto/Sources/Crypto/CryptoKitErrors.swift (in target 'Crypto' from project 'swift-crypto')
    cd /Users/runner/work/Album-Prag/Album-Prag/Album.xcodeproj
    

SwiftCompile normal arm64 /Users/runner/work/Album-Prag/Album-Prag/DerivedData/SourcePackages/checkouts/swift-crypto/Sources/Crypto/Digests/BoringSSL/Digest_boring.swift (in target 'Crypto' from project 'swift-crypto')
    cd /Users/runner/work/Album-Prag/Album-Prag/Album.xcodeproj
    

SwiftCompile normal arm64 /Users/runner/work/Album-Prag/Album-Prag/DerivedData/SourcePackages/checkouts/swift-crypto/Sources/Crypto/Digests/Digest.swift (in target 'Crypto' from project 'swift-crypto')
    cd /Users/runner/work/Album-Prag/Album-Prag/Album.xcodeproj
    

SwiftCompile normal arm64 /Users/runner/work/Album-Prag/Album-Prag/DerivedData/SourcePackages/checkouts/swift-crypto/Sources/Crypto/Digests/Digests.swift (in target 'Crypto' from project 'swift-crypto')
    cd /Users/runner/work/Album-Prag/Album-Prag/Album.xcodeproj
    

SwiftCompile normal arm64 /Users/runner/work/Album-Prag/Album-Prag/DerivedData/SourcePackages/checkouts/swift-crypto/Sources/Crypto/Digests/HashFunctions.swift (in target 'Crypto' from project 'swift-crypto')
    cd /Users/runner/work/Album-Prag/Album-Prag/Album.xcodeproj
    

SwiftCompile normal arm64 /Users/runner/work/Album-Prag/Album-Prag/DerivedData/SourcePackages/checkouts/swift-crypto/Sources/Crypto/Digests/HashFunctions_SHA2.swift (in target 'Crypto' from project 'swift-crypto')
    cd /Users/runner/work/Album-Prag/Album-Prag/Album.xcodeproj
    

SwiftCompile normal arm64 /Users/runner/work/Album-Prag/Album-Prag/DerivedData/SourcePackages/checkouts/swift-crypto/Sources/Crypto/Digests/HashFunctions_SHA3.swift (in target 'Crypto' from project 'swift-crypto')
    cd /Users/runner/work/Album-Prag/Album-Prag/Album.xcodeproj
    

SwiftCompile normal arm64 /Users/runner/work/Album-Prag/Album-Prag/DerivedData/SourcePackages/checkouts/swift-crypto/Sources/Crypto/Digests/XKCP/Digest_xkcp.swift (in target 'Crypto' from project 'swift-crypto')
    cd /Users/runner/work/Album-Prag/Album-Prag/Album.xcodeproj
    

SwiftCompile normal arm64 /Users/runner/work/Album-Prag/Album-Prag/DerivedData/SourcePackages/checkouts/swift-crypto/Sources/Crypto/HPKE/Ciphersuite/HPKE-AEAD.swift (in target 'Crypto' from project 'swift-crypto')
    cd /Users/runner/work/Album-Prag/Album-Prag/Album.xcodeproj
    

SwiftCompile normal arm64 /Users/runner/work/Album-Prag/Album-Prag/DerivedData/SourcePackages/checkouts/swift-crypto/Sources/Crypto/HPKE/Ciphersuite/HPKE-Ciphersuite.swift (in target 'Crypto' from project 'swift-crypto')
    cd /Users/runner/work/Album-Prag/Album-Prag/Album.xcodeproj
    

SwiftCompile normal arm64 /Users/runner/work/Album-Prag/Album-Prag/DerivedData/SourcePackages/checkouts/swift-crypto/Sources/Crypto/HPKE/Ciphersuite/HPKE-KDF.swift (in target 'Crypto' from project 'swift-crypto')
    cd /Users/runner/work/Album-Prag/Album-Prag/Album.xcodeproj
    

SwiftCompile normal arm64 /Users/runner/work/Album-Prag/Album-Prag/DerivedData/SourcePackages/checkouts/swift-crypto/Sources/Crypto/HPKE/Ciphersuite/HPKE-KexKeyDerivation.swift (in target 'Crypto' from project 'swift-crypto')
    cd /Users/runner/work/Album-Prag/Album-Prag/Album.xcodeproj
    

SwiftCompile normal arm64 /Users/runner/work/Album-Prag/Album-Prag/DerivedData/SourcePackages/checkouts/swift-crypto/Sources/Crypto/HPKE/Ciphersuite/HPKE-LabeledExtract.swift (in target 'Crypto' from project 'swift-crypto')
    cd /Users/runner/work/Album-Prag/Album-Prag/Album.xcodeproj
    

SwiftCompile normal arm64 /Users/runner/work/Album-Prag/Album-Prag/DerivedData/SourcePackages/checkouts/swift-crypto/Sources/Crypto/HPKE/Ciphersuite/HPKE-Utils.swift (in target 'Crypto' from project 'swift-crypto')
    cd /Users/runner/work/Album-Prag/Album-Prag/Album.xcodeproj
    

SwiftCompile normal arm64 /Users/runner/work/Album-Prag/Album-Prag/DerivedData/SourcePackages/checkouts/swift-crypto/Sources/Crypto/HPKE/Ciphersuite/KEM/Conformances/DHKEM.swift (in target 'Crypto' from project 'swift-crypto')
    cd /Users/runner/work/Album-Prag/Album-Prag/Album.xcodeproj
    

SwiftCompile normal arm64 /Users/runner/work/Album-Prag/Album-Prag/DerivedData/SourcePackages/checkouts/swift-crypto/Sources/Crypto/HPKE/Ciphersuite/KEM/Conformances/HPKE-KEM-Curve25519.swift (in target 'Crypto' from project 'swift-crypto')
    cd /Users/runner/work/Album-Prag/Album-Prag/Album.xcodeproj
    

SwiftCompile normal arm64 /Users/runner/work/Album-Prag/Album-Prag/DerivedData/SourcePackages/checkouts/swift-crypto/Sources/Crypto/HPKE/Ciphersuite/KEM/Conformances/HPKE-NIST-EC-KEMs.swift (in target 'Crypto' from project 'swift-crypto')
    cd /Users/runner/work/Album-Prag/Album-Prag/Album.xcodeproj
    

SwiftCompile normal arm64 /Users/runner/work/Album-Prag/Album-Prag/DerivedData/SourcePackages/checkouts/swift-crypto/Sources/Crypto/HPKE/Ciphersuite/KEM/HPKE-KEM.swift (in target 'Crypto' from project 'swift-crypto')
    cd /Users/runner/work/Album-Prag/Album-Prag/Album.xcodeproj
    

SwiftCompile normal arm64 /Users/runner/work/Album-Prag/Album-Prag/DerivedData/SourcePackages/checkouts/swift-crypto/Sources/Crypto/HPKE/HPKE-Errors.swift (in target 'Crypto' from project 'swift-crypto')
    cd /Users/runner/work/Album-Prag/Album-Prag/Album.xcodeproj
    

SwiftCompile normal arm64 /Users/runner/work/Album-Prag/Album-Prag/DerivedData/SourcePackages/checkouts/swift-crypto/Sources/Crypto/HPKE/HPKE.swift (in target 'Crypto' from project 'swift-crypto')
    cd /Users/runner/work/Album-Prag/Album-Prag/Album.xcodeproj
    

SwiftCompile normal arm64 /Users/runner/work/Album-Prag/Album-Prag/DerivedData/SourcePackages/checkouts/swift-crypto/Sources/Crypto/HPKE/Key\ Schedule/HPKE-Context.swift (in target 'Crypto' from project 'swift-crypto')
    cd /Users/runner/work/Album-Prag/Album-Prag/Album.xcodeproj
    

SwiftCompile normal arm64 /Users/runner/work/Album-Prag/Album-Prag/DerivedData/SourcePackages/checkouts/swift-crypto/Sources/Crypto/HPKE/Key\ Schedule/HPKE-KeySchedule.swift (in target 'Crypto' from project 'swift-crypto')
    cd /Users/runner/work/Album-Prag/Album-Prag/Album.xcodeproj
    

SwiftCompile normal arm64 /Users/runner/work/Album-Prag/Album-Prag/DerivedData/SourcePackages/checkouts/swift-crypto/Sources/Crypto/HPKE/Modes/HPKE-Modes.swift (in target 'Crypto' from project 'swift-crypto')
    cd /Users/runner/work/Album-Prag/Album-Prag/Album.xcodeproj
    

SwiftDriverJobDiscovery normal arm64 Compiling HTTPFieldValue.swift, HTTPFields.swift, HTTPParsedFields.swift (in target 'HTTPTypes' from project 'swift-http-types')

SwiftDriver\ Compilation HTTPTypes normal arm64 com.apple.xcode.tools.swift.compiler (in target 'HTTPTypes' from project 'swift-http-types')
    cd /Users/runner/work/Album-Prag/Album-Prag/Album.xcodeproj
    builtin-Swift-Compilation -- /Applications/Xcode_26.6.app/Contents/Developer/Toolchains/XcodeDefault.xctoolchain/usr/bin/swiftc -module-name HTTPTypes -Onone @/Users/runner/work/Album-Prag/Album-Prag/DerivedData/Build/Intermediates.noindex/swift-http-types.build/Debug-iphonesimulator/HTTPTypes.build/Objects-normal/arm64/HTTPTypes.SwiftFileList -DSWIFT_PACKAGE -DDEBUG -DSWIFT_MODULE_RESOURCE_BUNDLE_UNAVAILABLE -DFoundationURL -DXcode -enable-upcoming-feature InternalImportsByDefault -enable-experimental-feature AvailabilityMacro\=HTTPTypes\ 1.0:\ macOS\ 10.0 -enable-experimental-feature AvailabilityMacro\=HTTPTypes\ 1.1:\ macOS\ 10.0 -enable-experimental-feature AvailabilityMacro\=HTTPTypes\ 1.2:\ macOS\ 10.0 -enable-experimental-feature AvailabilityMacro\=HTTPTypes\ 1.3:\ macOS\ 10.0 -enable-experimental-feature AvailabilityMacro\=HTTPTypes\ 1.6:\ macOS\ 10.0 -enable-experimental-feature AvailabilityMacro\=HTTPTypes\ 1.7:\ macOS\ 10.0 -enable-upcoming-feature MemberImportVisibility -plugin-path /Applications/Xcode_26.6.app/Contents/Developer/Toolchains/XcodeDefault.xctoolchain/usr/lib/swift/host/plugins/testing -enable-experimental-feature DebugDescriptionMacro -sdk /Applications/Xcode_26.6.app/Contents/Developer/Platforms/iPhoneSimulator.platform/Developer/SDKs/iPhoneSimulator26.5.sdk -target arm64-apple-ios12.0-simulator -g -module-cache-path /Users/runner/work/Album-Prag/Album-Prag/DerivedData/ModuleCache.noindex -Xfrontend -serialize-debugging-options -enable-testing -suppress-warnings -index-store-path /Users/runner/work/Album-Prag/Album-Prag/DerivedData/Index.noindex/DataStore -Xcc -D_LIBCPP_HARDENING_MODE\=_LIBCPP_HARDENING_MODE_DEBUG -swift-version 6 -I /Users/runner/work/Album-Prag/Album-Prag/DerivedData/Build/Products/Debug-iphonesimulator -Isystem /Applications/Xcode_26.6.app/Contents/Developer/Platforms/iPhoneSimulator.platform/Developer/usr/lib -F /Users/runner/work/Album-Prag/Album-Prag/DerivedData/Build/Products/Debug-iphonesimulator -F /Applications/Xcode_26.6.app/Contents/Developer/Platforms/iPhoneSimulator.platform/Developer/Library/Frameworks -F /Applications/Xcode_26.6.app/Contents/Developer/Platforms/iPhoneSimulator.platform/Developer/SDKs/iPhoneSimulator26.5.sdk/Developer/Library/Frameworks -c -j3 -enable-batch-mode -incremental -Xcc -ivfsstatcache -Xcc /Users/runner/work/Album-Prag/Album-Prag/DerivedData/SDKStatCaches.noindex/iphonesimulator26.5-23F81a-688ef53f1462e2c8f657fdc38a81448ff45c64a1807a658693f2a61704f17a36.sdkstatcache -output-file-map /Users/runner/work/Album-Prag/Album-Prag/DerivedData/Build/Intermediates.noindex/swift-http-types.build/Debug-iphonesimulator/HTTPTypes.build/Objects-normal/arm64/HTTPTypes-OutputFileMap.json -use-frontend-parseable-output -save-temps -no-color-diagnostics -explicit-module-build -module-cache-path /Users/runner/work/Album-Prag/Album-Prag/DerivedData/Build/Intermediates.noindex/SwiftExplicitPrecompiledModules -clang-scanner-module-cache-path /Users/runner/work/Album-Prag/Album-Prag/DerivedData/ModuleCache.noindex -sdk-module-cache-path /Users/runner/work/Album-Prag/Album-Prag/DerivedData/ModuleCache.noindex -serialize-diagnostics -emit-dependencies -emit-module -emit-module-path /Users/runner/work/Album-Prag/Album-Prag/DerivedData/Build/Intermediates.noindex/swift-http-types.build/Debug-iphonesimulator/HTTPTypes.build/Objects-normal/arm64/HTTPTypes.swiftmodule -user-module-version 1.8.0 -validate-clang-modules-once -clang-build-session-file /Users/runner/work/Album-Prag/Album-Prag/DerivedData/ModuleCache.noindex/Session.modulevalidation -package-name swift_http_types -Xcc -I/Users/runner/work/Album-Prag/Album-Prag/DerivedData/Build/Intermediates.noindex/swift-http-types.build/Debug-iphonesimulator/HTTPTypes.build/swift-overrides.hmap -emit-const-values -Xfrontend -const-gather-protocols-file -Xfrontend /Users/runner/work/Album-Prag/Album-Prag/DerivedData/Build/Intermediates.noindex/swift-http-types.build/Debug-iphonesimulator/HTTPTypes.build/Objects-normal/arm64/HTTPTypes_const_extract_protocols.json -Xcc -I/Users/runner/work/Album-Prag/Album-Prag/DerivedData/Build/Products/Debug-iphonesimulator/include -Xcc -I/Users/runner/work/Album-Prag/Album-Prag/DerivedData/Build/Intermediates.noindex/swift-http-types.build/Debug-iphonesimulator/HTTPTypes.build/DerivedSources-normal/arm64 -Xcc -I/Users/runner/work/Album-Prag/Album-Prag/DerivedData/Build/Intermediates.noindex/swift-http-types.build/Debug-iphonesimulator/HTTPTypes.build/DerivedSources/arm64 -Xcc -I/Users/runner/work/Album-Prag/Album-Prag/DerivedData/Build/Intermediates.noindex/swift-http-types.build/Debug-iphonesimulator/HTTPTypes.build/DerivedSources -Xcc -DSWIFT_PACKAGE -Xcc -DDEBUG\=1 -emit-objc-header -emit-objc-header-path /Users/runner/work/Album-Prag/Album-Prag/DerivedData/Build/Intermediates.noindex/swift-http-types.build/Debug-iphonesimulator/HTTPTypes.build/Objects-normal/arm64/HTTPTypes-Swift.h -working-directory /Users/runner/work/Album-Prag/Album-Prag/Album.xcodeproj -experimental-emit-module-separately -disable-cmo

SwiftDriverJobDiscovery normal arm64 Compiling resource_bundle_accessor.swift, AES-GCM.swift, AES-GCM_boring.swift, ChaChaPoly_boring.swift, ChaChaPoly.swift, Cipher.swift, Nonces.swift, ASN1.swift, ASN1Any.swift, ASN1BitString.swift, ASN1Boolean.swift, ASN1Identifier.swift, ASN1Integer.swift, ASN1Null.swift, ASN1OctetString.swift, ASN1Strings.swift, ArraySliceBigint.swift, GeneralizedTime.swift, ObjectIdentifier.swift, ECDSASignature.swift, PEMDocument.swift, PKCS8PrivateKey.swift, SEC1PrivateKey.swift, SubjectPublicKeyInfo.swift (in target 'Crypto' from project 'swift-crypto')

SwiftCompile normal arm64 Compiling\ Insecure.swift,\ Insecure_HashFunctions.swift,\ MLKEM_boring.swift,\ MLKEM_wrapper.swift,\ XWing_boring.swift,\ KEM-Errors.swift,\ KEM.swift,\ MLKEM.swift,\ XWing.swift,\ ECDH_boring.swift,\ DH.swift,\ ECDH.swift,\ ANSIx963.swift,\ HKDF.swift,\ AESWrap.swift,\ AESWrap_boring.swift,\ Ed25519_boring.swift,\ NISTCurvesKeys_boring.swift,\ X25519Keys_boring.swift,\ Curve25519.swift,\ Ed25519Keys.swift,\ NISTCurvesKeys.swift,\ X25519Keys.swift,\ SymmetricKeys.swift /Users/runner/work/Album-Prag/Album-Prag/DerivedData/SourcePackages/checkouts/swift-crypto/Sources/Crypto/Insecure/Insecure.swift /Users/runner/work/Album-Prag/Album-Prag/DerivedData/SourcePackages/checkouts/swift-crypto/Sources/Crypto/Insecure/Insecure_HashFunctions.swift /Users/runner/work/Album-Prag/Album-Prag/DerivedData/SourcePackages/checkouts/swift-crypto/Sources/Crypto/KEM/BoringSSL/MLKEM_boring.swift /Users/runner/work/Album-Prag/Album-Prag/DerivedData/SourcePackages/checkouts/swift-crypto/Sources/Crypto/KEM/BoringSSL/MLKEM_wrapper.swift /Users/runner/work/Album-Prag/Album-Prag/DerivedData/SourcePackages/checkouts/swift-crypto/Sources/Crypto/KEM/BoringSSL/XWing_boring.swift /Users/runner/work/Album-Prag/Album-Prag/DerivedData/SourcePackages/checkouts/swift-crypto/Sources/Crypto/KEM/KEM-Errors.swift /Users/runner/work/Album-Prag/Album-Prag/DerivedData/SourcePackages/checkouts/swift-crypto/Sources/Crypto/KEM/KEM.swift /Users/runner/work/Album-Prag/Album-Prag/DerivedData/SourcePackages/checkouts/swift-crypto/Sources/Crypto/KEM/MLKEM.swift /Users/runner/work/Album-Prag/Album-Prag/DerivedData/SourcePackages/checkouts/swift-crypto/Sources/Crypto/KEM/XWing.swift /Users/runner/work/Album-Prag/Album-Prag/DerivedData/SourcePackages/checkouts/swift-crypto/Sources/Crypto/Key\ Agreement/BoringSSL/ECDH_boring.swift /Users/runner/work/Album-Prag/Album-Prag/DerivedData/SourcePackages/checkouts/swift-crypto/Sources/Crypto/Key\ Agreement/DH.swift /Users/runner/work/Album-Prag/Album-Prag/DerivedData/SourcePackages/checkouts/swift-crypto/Sources/Crypto/Key\ Agreement/ECDH.swift /Users/runner/work/Album-Prag/Album-Prag/DerivedData/SourcePackages/checkouts/swift-crypto/Sources/Crypto/Key\ Derivation/ANSIx963.swift /Users/runner/work/Album-Prag/Album-Prag/DerivedData/SourcePackages/checkouts/swift-crypto/Sources/Crypto/Key\ Derivation/HKDF.swift /Users/runner/work/Album-Prag/Album-Prag/DerivedData/SourcePackages/checkouts/swift-crypto/Sources/Crypto/Key\ Wrapping/AESWrap.swift /Users/runner/work/Album-Prag/Album-Prag/DerivedData/SourcePackages/checkouts/swift-crypto/Sources/Crypto/Key\ Wrapping/BoringSSL/AESWrap_boring.swift /Users/runner/work/Album-Prag/Album-Prag/DerivedData/SourcePackages/checkouts/swift-crypto/Sources/Crypto/Keys/EC/BoringSSL/Ed25519_boring.swift /Users/runner/work/Album-Prag/Album-Prag/DerivedData/SourcePackages/checkouts/swift-crypto/Sources/Crypto/Keys/EC/BoringSSL/NISTCurvesKeys_boring.swift /Users/runner/work/Album-Prag/Album-Prag/DerivedData/SourcePackages/checkouts/swift-crypto/Sources/Crypto/Keys/EC/BoringSSL/X25519Keys_boring.swift /Users/runner/work/Album-Prag/Album-Prag/DerivedData/SourcePackages/checkouts/swift-crypto/Sources/Crypto/Keys/EC/Curve25519.swift /Users/runner/work/Album-Prag/Album-Prag/DerivedData/SourcePackages/checkouts/swift-crypto/Sources/Crypto/Keys/EC/Ed25519Keys.swift /Users/runner/work/Album-Prag/Album-Prag/DerivedData/SourcePackages/checkouts/swift-crypto/Sources/Crypto/Keys/EC/NISTCurvesKeys.swift /Users/runner/work/Album-Prag/Album-Prag/DerivedData/SourcePackages/checkouts/swift-crypto/Sources/Crypto/Keys/EC/X25519Keys.swift /Users/runner/work/Album-Prag/Album-Prag/DerivedData/SourcePackages/checkouts/swift-crypto/Sources/Crypto/Keys/Symmetric/SymmetricKeys.swift (in target 'Crypto' from project 'swift-crypto')
SwiftCompile normal arm64 /Users/runner/work/Album-Prag/Album-Prag/DerivedData/SourcePackages/checkouts/swift-crypto/Sources/Crypto/Insecure/Insecure.swift (in target 'Crypto' from project 'swift-crypto')
    cd /Users/runner/work/Album-Prag/Album-Prag/Album.xcodeproj
    

SwiftCompile normal arm64 /Users/runner/work/Album-Prag/Album-Prag/DerivedData/SourcePackages/checkouts/swift-crypto/Sources/Crypto/Insecure/Insecure_HashFunctions.swift (in target 'Crypto' from project 'swift-crypto')
    cd /Users/runner/work/Album-Prag/Album-Prag/Album.xcodeproj
    

SwiftCompile normal arm64 /Users/runner/work/Album-Prag/Album-Prag/DerivedData/SourcePackages/checkouts/swift-crypto/Sources/Crypto/KEM/BoringSSL/MLKEM_boring.swift (in target 'Crypto' from project 'swift-crypto')
    cd /Users/runner/work/Album-Prag/Album-Prag/Album.xcodeproj
    

SwiftCompile normal arm64 /Users/runner/work/Album-Prag/Album-Prag/DerivedData/SourcePackages/checkouts/swift-crypto/Sources/Crypto/KEM/BoringSSL/MLKEM_wrapper.swift (in target 'Crypto' from project 'swift-crypto')
    cd /Users/runner/work/Album-Prag/Album-Prag/Album.xcodeproj
    

SwiftCompile normal arm64 /Users/runner/work/Album-Prag/Album-Prag/DerivedData/SourcePackages/checkouts/swift-crypto/Sources/Crypto/KEM/BoringSSL/XWing_boring.swift (in target 'Crypto' from project 'swift-crypto')
    cd /Users/runner/work/Album-Prag/Album-Prag/Album.xcodeproj
    

SwiftCompile normal arm64 /Users/runner/work/Album-Prag/Album-Prag/DerivedData/SourcePackages/checkouts/swift-crypto/Sources/Crypto/KEM/KEM-Errors.swift (in target 'Crypto' from project 'swift-crypto')
    cd /Users/runner/work/Album-Prag/Album-Prag/Album.xcodeproj
    

SwiftCompile normal arm64 /Users/runner/work/Album-Prag/Album-Prag/DerivedData/SourcePackages/checkouts/swift-crypto/Sources/Crypto/KEM/KEM.swift (in target 'Crypto' from project 'swift-crypto')
    cd /Users/runner/work/Album-Prag/Album-Prag/Album.xcodeproj
    

SwiftCompile normal arm64 /Users/runner/work/Album-Prag/Album-Prag/DerivedData/SourcePackages/checkouts/swift-crypto/Sources/Crypto/KEM/MLKEM.swift (in target 'Crypto' from project 'swift-crypto')
    cd /Users/runner/work/Album-Prag/Album-Prag/Album.xcodeproj
    

SwiftCompile normal arm64 /Users/runner/work/Album-Prag/Album-Prag/DerivedData/SourcePackages/checkouts/swift-crypto/Sources/Crypto/KEM/XWing.swift (in target 'Crypto' from project 'swift-crypto')
    cd /Users/runner/work/Album-Prag/Album-Prag/Album.xcodeproj
    

SwiftCompile normal arm64 /Users/runner/work/Album-Prag/Album-Prag/DerivedData/SourcePackages/checkouts/swift-crypto/Sources/Crypto/Key\ Agreement/BoringSSL/ECDH_boring.swift (in target 'Crypto' from project 'swift-crypto')
    cd /Users/runner/work/Album-Prag/Album-Prag/Album.xcodeproj
    

SwiftCompile normal arm64 /Users/runner/work/Album-Prag/Album-Prag/DerivedData/SourcePackages/checkouts/swift-crypto/Sources/Crypto/Key\ Agreement/DH.swift (in target 'Crypto' from project 'swift-crypto')
    cd /Users/runner/work/Album-Prag/Album-Prag/Album.xcodeproj
    

SwiftCompile normal arm64 /Users/runner/work/Album-Prag/Album-Prag/DerivedData/SourcePackages/checkouts/swift-crypto/Sources/Crypto/Key\ Agreement/ECDH.swift (in target 'Crypto' from project 'swift-crypto')
    cd /Users/runner/work/Album-Prag/Album-Prag/Album.xcodeproj
    

SwiftCompile normal arm64 /Users/runner/work/Album-Prag/Album-Prag/DerivedData/SourcePackages/checkouts/swift-crypto/Sources/Crypto/Key\ Derivation/ANSIx963.swift (in target 'Crypto' from project 'swift-crypto')
    cd /Users/runner/work/Album-Prag/Album-Prag/Album.xcodeproj
    

SwiftCompile normal arm64 /Users/runner/work/Album-Prag/Album-Prag/DerivedData/SourcePackages/checkouts/swift-crypto/Sources/Crypto/Key\ Derivation/HKDF.swift (in target 'Crypto' from project 'swift-crypto')
    cd /Users/runner/work/Album-Prag/Album-Prag/Album.xcodeproj
    

SwiftCompile normal arm64 /Users/runner/work/Album-Prag/Album-Prag/DerivedData/SourcePackages/checkouts/swift-crypto/Sources/Crypto/Key\ Wrapping/AESWrap.swift (in target 'Crypto' from project 'swift-crypto')
    cd /Users/runner/work/Album-Prag/Album-Prag/Album.xcodeproj
    

SwiftCompile normal arm64 /Users/runner/work/Album-Prag/Album-Prag/DerivedData/SourcePackages/checkouts/swift-crypto/Sources/Crypto/Key\ Wrapping/BoringSSL/AESWrap_boring.swift (in target 'Crypto' from project 'swift-crypto')
    cd /Users/runner/work/Album-Prag/Album-Prag/Album.xcodeproj
    

SwiftCompile normal arm64 /Users/runner/work/Album-Prag/Album-Prag/DerivedData/SourcePackages/checkouts/swift-crypto/Sources/Crypto/Keys/EC/BoringSSL/Ed25519_boring.swift (in target 'Crypto' from project 'swift-crypto')
    cd /Users/runner/work/Album-Prag/Album-Prag/Album.xcodeproj
    

SwiftCompile normal arm64 /Users/runner/work/Album-Prag/Album-Prag/DerivedData/SourcePackages/checkouts/swift-crypto/Sources/Crypto/Keys/EC/BoringSSL/NISTCurvesKeys_boring.swift (in target 'Crypto' from project 'swift-crypto')
    cd /Users/runner/work/Album-Prag/Album-Prag/Album.xcodeproj
    

SwiftCompile normal arm64 /Users/runner/work/Album-Prag/Album-Prag/DerivedData/SourcePackages/checkouts/swift-crypto/Sources/Crypto/Keys/EC/BoringSSL/X25519Keys_boring.swift (in target 'Crypto' from project 'swift-crypto')
    cd /Users/runner/work/Album-Prag/Album-Prag/Album.xcodeproj
    

SwiftCompile normal arm64 /Users/runner/work/Album-Prag/Album-Prag/DerivedData/SourcePackages/checkouts/swift-crypto/Sources/Crypto/Keys/EC/Curve25519.swift (in target 'Crypto' from project 'swift-crypto')
    cd /Users/runner/work/Album-Prag/Album-Prag/Album.xcodeproj
    

SwiftCompile normal arm64 /Users/runner/work/Album-Prag/Album-Prag/DerivedData/SourcePackages/checkouts/swift-crypto/Sources/Crypto/Keys/EC/Ed25519Keys.swift (in target 'Crypto' from project 'swift-crypto')
    cd /Users/runner/work/Album-Prag/Album-Prag/Album.xcodeproj
    

SwiftCompile normal arm64 /Users/runner/work/Album-Prag/Album-Prag/DerivedData/SourcePackages/checkouts/swift-crypto/Sources/Crypto/Keys/EC/NISTCurvesKeys.swift (in target 'Crypto' from project 'swift-crypto')
    cd /Users/runner/work/Album-Prag/Album-Prag/Album.xcodeproj
    

SwiftCompile normal arm64 /Users/runner/work/Album-Prag/Album-Prag/DerivedData/SourcePackages/checkouts/swift-crypto/Sources/Crypto/Keys/EC/X25519Keys.swift (in target 'Crypto' from project 'swift-crypto')
    cd /Users/runner/work/Album-Prag/Album-Prag/Album.xcodeproj
    

SwiftCompile normal arm64 /Users/runner/work/Album-Prag/Album-Prag/DerivedData/SourcePackages/checkouts/swift-crypto/Sources/Crypto/Keys/Symmetric/SymmetricKeys.swift (in target 'Crypto' from project 'swift-crypto')
    cd /Users/runner/work/Album-Prag/Album-Prag/Album.xcodeproj
    

SwiftDriverJobDiscovery normal arm64 Compiling HMAC.swift, MACFunctions.swift, MessageAuthenticationCode.swift, AES.swift, ECDSASignature_boring.swift, ECDSA_boring.swift, EdDSA_boring.swift, MLDSA_boring.swift, MLDSA_wrapper.swift, ECDSA.swift, Ed25519.swift, MLDSA.swift, Signature.swift, CryptoKitErrors_boring.swift, Optional+withUnsafeBytes_boring.swift, RNG_boring.swift, SafeCompare_boring.swift, Zeroization_boring.swift, _CryptoModuleAnchor.swift, PrettyBytes.swift, SafeCompare.swift, SecureBytes.swift, Zeroization.swift (in target 'Crypto' from project 'swift-crypto')

SwiftCompile normal arm64 Compiling\ ActorIsolated.swift,\ AnyHashableSendable.swift,\ AsyncStream.swift,\ AsyncThrowingStream.swift /Users/runner/work/Album-Prag/Album-Prag/DerivedData/SourcePackages/checkouts/swift-concurrency-extras/Sources/ConcurrencyExtras/ActorIsolated.swift /Users/runner/work/Album-Prag/Album-Prag/DerivedData/SourcePackages/checkouts/swift-concurrency-extras/Sources/ConcurrencyExtras/AnyHashableSendable.swift /Users/runner/work/Album-Prag/Album-Prag/DerivedData/SourcePackages/checkouts/swift-concurrency-extras/Sources/ConcurrencyExtras/AsyncStream.swift /Users/runner/work/Album-Prag/Album-Prag/DerivedData/SourcePackages/checkouts/swift-concurrency-extras/Sources/ConcurrencyExtras/AsyncThrowingStream.swift (in target 'ConcurrencyExtras' from project 'swift-concurrency-extras')
SwiftCompile normal arm64 /Users/runner/work/Album-Prag/Album-Prag/DerivedData/SourcePackages/checkouts/swift-concurrency-extras/Sources/ConcurrencyExtras/ActorIsolated.swift (in target 'ConcurrencyExtras' from project 'swift-concurrency-extras')
    cd /Users/runner/work/Album-Prag/Album-Prag/Album.xcodeproj
    

SwiftCompile normal arm64 /Users/runner/work/Album-Prag/Album-Prag/DerivedData/SourcePackages/checkouts/swift-concurrency-extras/Sources/ConcurrencyExtras/AnyHashableSendable.swift (in target 'ConcurrencyExtras' from project 'swift-concurrency-extras')
    cd /Users/runner/work/Album-Prag/Album-Prag/Album.xcodeproj
    

SwiftCompile normal arm64 /Users/runner/work/Album-Prag/Album-Prag/DerivedData/SourcePackages/checkouts/swift-concurrency-extras/Sources/ConcurrencyExtras/AsyncStream.swift (in target 'ConcurrencyExtras' from project 'swift-concurrency-extras')
    cd /Users/runner/work/Album-Prag/Album-Prag/Album.xcodeproj
    

SwiftCompile normal arm64 /Users/runner/work/Album-Prag/Album-Prag/DerivedData/SourcePackages/checkouts/swift-concurrency-extras/Sources/ConcurrencyExtras/AsyncThrowingStream.swift (in target 'ConcurrencyExtras' from project 'swift-concurrency-extras')
    cd /Users/runner/work/Album-Prag/Album-Prag/Album.xcodeproj
    

SwiftDriverJobDiscovery normal arm64 Compiling CryptoError_boring.swift, CryptoKitErrors.swift, Digest_boring.swift, Digest.swift, Digests.swift, HashFunctions.swift, HashFunctions_SHA2.swift, HashFunctions_SHA3.swift, Digest_xkcp.swift, HPKE-AEAD.swift, HPKE-Ciphersuite.swift, HPKE-KDF.swift, HPKE-KexKeyDerivation.swift, HPKE-LabeledExtract.swift, HPKE-Utils.swift, DHKEM.swift, HPKE-KEM-Curve25519.swift, HPKE-NIST-EC-KEMs.swift, HPKE-KEM.swift, HPKE-Errors.swift, HPKE.swift, HPKE-Context.swift, HPKE-KeySchedule.swift, HPKE-Modes.swift (in target 'Crypto' from project 'swift-crypto')

SwiftCompile normal arm64 Compiling\ Result.swift,\ Task.swift,\ UncheckedSendable.swift /Users/runner/work/Album-Prag/Album-Prag/DerivedData/SourcePackages/checkouts/swift-concurrency-extras/Sources/ConcurrencyExtras/Result.swift /Users/runner/work/Album-Prag/Album-Prag/DerivedData/SourcePackages/checkouts/swift-concurrency-extras/Sources/ConcurrencyExtras/Task.swift /Users/runner/work/Album-Prag/Album-Prag/DerivedData/SourcePackages/checkouts/swift-concurrency-extras/Sources/ConcurrencyExtras/UncheckedSendable.swift (in target 'ConcurrencyExtras' from project 'swift-concurrency-extras')
SwiftCompile normal arm64 /Users/runner/work/Album-Prag/Album-Prag/DerivedData/SourcePackages/checkouts/swift-concurrency-extras/Sources/ConcurrencyExtras/Result.swift (in target 'ConcurrencyExtras' from project 'swift-concurrency-extras')
    cd /Users/runner/work/Album-Prag/Album-Prag/Album.xcodeproj
    

SwiftCompile normal arm64 /Users/runner/work/Album-Prag/Album-Prag/DerivedData/SourcePackages/checkouts/swift-concurrency-extras/Sources/ConcurrencyExtras/Task.swift (in target 'ConcurrencyExtras' from project 'swift-concurrency-extras')
    cd /Users/runner/work/Album-Prag/Album-Prag/Album.xcodeproj
    

SwiftCompile normal arm64 /Users/runner/work/Album-Prag/Album-Prag/DerivedData/SourcePackages/checkouts/swift-concurrency-extras/Sources/ConcurrencyExtras/UncheckedSendable.swift (in target 'ConcurrencyExtras' from project 'swift-concurrency-extras')
    cd /Users/runner/work/Album-Prag/Album-Prag/Album.xcodeproj
    

SwiftDriverJobDiscovery normal arm64 Compiling Insecure.swift, Insecure_HashFunctions.swift, MLKEM_boring.swift, MLKEM_wrapper.swift, XWing_boring.swift, KEM-Errors.swift, KEM.swift, MLKEM.swift, XWing.swift, ECDH_boring.swift, DH.swift, ECDH.swift, ANSIx963.swift, HKDF.swift, AESWrap.swift, AESWrap_boring.swift, Ed25519_boring.swift, NISTCurvesKeys_boring.swift, X25519Keys_boring.swift, Curve25519.swift, Ed25519Keys.swift, NISTCurvesKeys.swift, X25519Keys.swift, SymmetricKeys.swift (in target 'Crypto' from project 'swift-crypto')

SwiftCompile normal arm64 Compiling\ Locking.swift,\ UncheckedBox.swift,\ LockIsolated.swift,\ MainSerialExecutor.swift /Users/runner/work/Album-Prag/Album-Prag/DerivedData/SourcePackages/checkouts/swift-concurrency-extras/Sources/ConcurrencyExtras/Internal/Locking.swift /Users/runner/work/Album-Prag/Album-Prag/DerivedData/SourcePackages/checkouts/swift-concurrency-extras/Sources/ConcurrencyExtras/Internal/UncheckedBox.swift /Users/runner/work/Album-Prag/Album-Prag/DerivedData/SourcePackages/checkouts/swift-concurrency-extras/Sources/ConcurrencyExtras/LockIsolated.swift /Users/runner/work/Album-Prag/Album-Prag/DerivedData/SourcePackages/checkouts/swift-concurrency-extras/Sources/ConcurrencyExtras/MainSerialExecutor.swift (in target 'ConcurrencyExtras' from project 'swift-concurrency-extras')

SwiftCompile normal arm64 /Users/runner/work/Album-Prag/Album-Prag/DerivedData/SourcePackages/checkouts/swift-concurrency-extras/Sources/ConcurrencyExtras/Internal/Locking.swift (in target 'ConcurrencyExtras' from project 'swift-concurrency-extras')
    cd /Users/runner/work/Album-Prag/Album-Prag/Album.xcodeproj
    

SwiftCompile normal arm64 /Users/runner/work/Album-Prag/Album-Prag/DerivedData/SourcePackages/checkouts/swift-concurrency-extras/Sources/ConcurrencyExtras/Internal/UncheckedBox.swift (in target 'ConcurrencyExtras' from project 'swift-concurrency-extras')
    cd /Users/runner/work/Album-Prag/Album-Prag/Album.xcodeproj
    

SwiftCompile normal arm64 /Users/runner/work/Album-Prag/Album-Prag/DerivedData/SourcePackages/checkouts/swift-concurrency-extras/Sources/ConcurrencyExtras/LockIsolated.swift (in target 'ConcurrencyExtras' from project 'swift-concurrency-extras')
    cd /Users/runner/work/Album-Prag/Album-Prag/Album.xcodeproj
    

SwiftCompile normal arm64 /Users/runner/work/Album-Prag/Album-Prag/DerivedData/SourcePackages/checkouts/swift-concurrency-extras/Sources/ConcurrencyExtras/MainSerialExecutor.swift (in target 'ConcurrencyExtras' from project 'swift-concurrency-extras')
    cd /Users/runner/work/Album-Prag/Album-Prag/Album.xcodeproj
    

SwiftDriver\ Compilation Crypto normal arm64 com.apple.xcode.tools.swift.compiler (in target 'Crypto' from project 'swift-crypto')
    cd /Users/runner/work/Album-Prag/Album-Prag/Album.xcodeproj
    builtin-Swift-Compilation -- /Applications/Xcode_26.6.app/Contents/Developer/Toolchains/XcodeDefault.xctoolchain/usr/bin/swiftc -module-name Crypto -Onone @/Users/runner/work/Album-Prag/Album-Prag/DerivedData/Build/Intermediates.noindex/swift-crypto.build/Debug-iphonesimulator/Crypto.build/Objects-normal/arm64/Crypto.SwiftFileList -DSWIFT_PACKAGE -DDEBUG -DSWIFT_MODULE_RESOURCE_BUNDLE_AVAILABLE -DCRYPTO_IN_SWIFTPM -DXcode -enable-upcoming-feature MemberImportVisibility -plugin-path /Applications/Xcode_26.6.app/Contents/Developer/Toolchains/XcodeDefault.xctoolchain/usr/lib/swift/host/plugins/testing -enable-experimental-feature DebugDescriptionMacro -sdk /Applications/Xcode_26.6.app/Contents/Developer/Platforms/iPhoneSimulator.platform/Developer/SDKs/iPhoneSimulator26.5.sdk -target arm64-apple-ios12.0-simulator -g -module-cache-path /Users/runner/work/Album-Prag/Album-Prag/DerivedData/ModuleCache.noindex -Xfrontend -serialize-debugging-options -enable-testing -suppress-warnings -index-store-path /Users/runner/work/Album-Prag/Album-Prag/DerivedData/Index.noindex/DataStore -Xcc -D_LIBCPP_HARDENING_MODE\=_LIBCPP_HARDENING_MODE_DEBUG -swift-version 6 -I /Users/runner/work/Album-Prag/Album-Prag/DerivedData/Build/Products/Debug-iphonesimulator -Isystem /Applications/Xcode_26.6.app/Contents/Developer/Platforms/iPhoneSimulator.platform/Developer/usr/lib -F /Users/runner/work/Album-Prag/Album-Prag/DerivedData/Build/Products/Debug-iphonesimulator -F /Applications/Xcode_26.6.app/Contents/Developer/Platforms/iPhoneSimulator.platform/Developer/Library/Frameworks -F /Applications/Xcode_26.6.app/Contents/Developer/Platforms/iPhoneSimulator.platform/Developer/SDKs/iPhoneSimulator26.5.sdk/Developer/Library/Frameworks -c -j3 -enable-batch-mode -incremental -Xcc -ivfsstatcache -Xcc /Users/runner/work/Album-Prag/Album-Prag/DerivedData/SDKStatCaches.noindex/iphonesimulator26.5-23F81a-688ef53f1462e2c8f657fdc38a81448ff45c64a1807a658693f2a61704f17a36.sdkstatcache -output-file-map /Users/runner/work/Album-Prag/Album-Prag/DerivedData/Build/Intermediates.noindex/swift-crypto.build/Debug-iphonesimulator/Crypto.build/Objects-normal/arm64/Crypto-OutputFileMap.json -use-frontend-parseable-output -save-temps -no-color-diagnostics -explicit-module-build -module-cache-path /Users/runner/work/Album-Prag/Album-Prag/DerivedData/Build/Intermediates.noindex/SwiftExplicitPrecompiledModules -clang-scanner-module-cache-path /Users/runner/work/Album-Prag/Album-Prag/DerivedData/ModuleCache.noindex -sdk-module-cache-path /Users/runner/work/Album-Prag/Album-Prag/DerivedData/ModuleCache.noindex -serialize-diagnostics -emit-dependencies -emit-module -emit-module-path /Users/runner/work/Album-Prag/Album-Prag/DerivedData/Build/Intermediates.noindex/swift-crypto.build/Debug-iphonesimulator/Crypto.build/Objects-normal/arm64/Crypto.swiftmodule -user-module-version 4.5.2 -validate-clang-modules-once -clang-build-session-file /Users/runner/work/Album-Prag/Album-Prag/DerivedData/ModuleCache.noindex/Session.modulevalidation -package-name swift_crypto -Xcc -I/Users/runner/work/Album-Prag/Album-Prag/DerivedData/Build/Intermediates.noindex/swift-crypto.build/Debug-iphonesimulator/Crypto.build/swift-overrides.hmap -emit-const-values -Xfrontend -const-gather-protocols-file -Xfrontend /Users/runner/work/Album-Prag/Album-Prag/DerivedData/Build/Intermediates.noindex/swift-crypto.build/Debug-iphonesimulator/Crypto.build/Objects-normal/arm64/Crypto_const_extract_protocols.json -Xcc -I/Users/runner/work/Album-Prag/Album-Prag/DerivedData/Build/Products/Debug-iphonesimulator/include -Xcc -I/Users/runner/work/Album-Prag/Album-Prag/DerivedData/Build/Intermediates.noindex/swift-crypto.build/Debug-iphonesimulator/Crypto.build/DerivedSources-normal/arm64 -Xcc -I/Users/runner/work/Album-Prag/Album-Prag/DerivedData/Build/Intermediates.noindex/swift-crypto.build/Debug-iphonesimulator/Crypto.build/DerivedSources/arm64 -Xcc -I/Users/runner/work/Album-Prag/Album-Prag/DerivedData/Build/Intermediates.noindex/swift-crypto.build/Debug-iphonesimulator/Crypto.build/DerivedSources -Xcc -DSWIFT_PACKAGE -Xcc -DDEBUG\=1 -emit-objc-header -emit-objc-header-path /Users/runner/work/Album-Prag/Album-Prag/DerivedData/Build/Intermediates.noindex/swift-crypto.build/Debug-iphonesimulator/Crypto.build/Objects-normal/arm64/Crypto-Swift.h -working-directory /Users/runner/work/Album-Prag/Album-Prag/Album.xcodeproj -experimental-emit-module-separately -disable-cmo

SwiftDriverJobDiscovery normal arm64 Compiling ActorIsolated.swift, AnyHashableSendable.swift, AsyncStream.swift, AsyncThrowingStream.swift (in target 'ConcurrencyExtras' from project 'swift-concurrency-extras')

SwiftCompile normal arm64 Compiling\ ShareInbox.swift /Users/runner/work/Album-Prag/Album-Prag/Shared/ShareInbox.swift (in target 'AlbumShare' from project 'Album')
SwiftCompile normal arm64 /Users/runner/work/Album-Prag/Album-Prag/Shared/ShareInbox.swift (in target 'AlbumShare' from project 'Album')
    cd /Users/runner/work/Album-Prag/Album-Prag
    

SwiftDriverJobDiscovery normal arm64 Compiling Locking.swift, UncheckedBox.swift, LockIsolated.swift, MainSerialExecutor.swift (in target 'ConcurrencyExtras' from project 'swift-concurrency-extras')

SwiftCompile normal arm64 Compiling\ ShareViewController.swift /Users/runner/work/Album-Prag/Album-Prag/ShareExtension/ShareViewController.swift (in target 'AlbumShare' from project 'Album')
SwiftCompile normal arm64 /Users/runner/work/Album-Prag/Album-Prag/ShareExtension/ShareViewController.swift (in target 'AlbumShare' from project 'Album')
    cd /Users/runner/work/Album-Prag/Album-Prag
    

SwiftDriverJobDiscovery normal arm64 Compiling Result.swift, Task.swift, UncheckedSendable.swift (in target 'ConcurrencyExtras' from project 'swift-concurrency-extras')

SwiftDriver\ Compilation ConcurrencyExtras normal arm64 com.apple.xcode.tools.swift.compiler (in target 'ConcurrencyExtras' from project 'swift-concurrency-extras')
    cd /Users/runner/work/Album-Prag/Album-Prag/Album.xcodeproj
    builtin-Swift-Compilation -- /Applications/Xcode_26.6.app/Contents/Developer/Toolchains/XcodeDefault.xctoolchain/usr/bin/swiftc -module-name ConcurrencyExtras -Onone @/Users/runner/work/Album-Prag/Album-Prag/DerivedData/Build/Intermediates.noindex/swift-concurrency-extras.build/Debug-iphonesimulator/ConcurrencyExtras.build/Objects-normal/arm64/ConcurrencyExtras.SwiftFileList -DSWIFT_PACKAGE -DDEBUG -DSWIFT_MODULE_RESOURCE_BUNDLE_UNAVAILABLE -DXcode -enable-upcoming-feature ExistentialAny -enable-upcoming-feature ImmutableWeakCaptures -enable-upcoming-feature InferIsolatedConformances -enable-upcoming-feature InternalImportsByDefault -enable-upcoming-feature MemberImportVisibility -enable-upcoming-feature NonisolatedNonsendingByDefault -plugin-path /Applications/Xcode_26.6.app/Contents/Developer/Toolchains/XcodeDefault.xctoolchain/usr/lib/swift/host/plugins/testing -enable-experimental-feature DebugDescriptionMacro -sdk /Applications/Xcode_26.6.app/Contents/Developer/Platforms/iPhoneSimulator.platform/Developer/SDKs/iPhoneSimulator26.5.sdk -target arm64-apple-ios13.0-simulator -g -module-cache-path /Users/runner/work/Album-Prag/Album-Prag/DerivedData/ModuleCache.noindex -Xfrontend -serialize-debugging-options -enable-testing -suppress-warnings -index-store-path /Users/runner/work/Album-Prag/Album-Prag/DerivedData/Index.noindex/DataStore -Xcc -D_LIBCPP_HARDENING_MODE\=_LIBCPP_HARDENING_MODE_DEBUG -swift-version 6 -I /Users/runner/work/Album-Prag/Album-Prag/DerivedData/Build/Products/Debug-iphonesimulator -Isystem /Applications/Xcode_26.6.app/Contents/Developer/Platforms/iPhoneSimulator.platform/Developer/usr/lib -F /Users/runner/work/Album-Prag/Album-Prag/DerivedData/Build/Products/Debug-iphonesimulator -F /Applications/Xcode_26.6.app/Contents/Developer/Platforms/iPhoneSimulator.platform/Developer/Library/Frameworks -F /Applications/Xcode_26.6.app/Contents/Developer/Platforms/iPhoneSimulator.platform/Developer/SDKs/iPhoneSimulator26.5.sdk/Developer/Library/Frameworks -c -j3 -enable-batch-mode -incremental -Xcc -ivfsstatcache -Xcc /Users/runner/work/Album-Prag/Album-Prag/DerivedData/SDKStatCaches.noindex/iphonesimulator26.5-23F81a-688ef53f1462e2c8f657fdc38a81448ff45c64a1807a658693f2a61704f17a36.sdkstatcache -output-file-map /Users/runner/work/Album-Prag/Album-Prag/DerivedData/Build/Intermediates.noindex/swift-concurrency-extras.build/Debug-iphonesimulator/ConcurrencyExtras.build/Objects-normal/arm64/ConcurrencyExtras-OutputFileMap.json -use-frontend-parseable-output -save-temps -no-color-diagnostics -explicit-module-build -module-cache-path /Users/runner/work/Album-Prag/Album-Prag/DerivedData/Build/Intermediates.noindex/SwiftExplicitPrecompiledModules -clang-scanner-module-cache-path /Users/runner/work/Album-Prag/Album-Prag/DerivedData/ModuleCache.noindex -sdk-module-cache-path /Users/runner/work/Album-Prag/Album-Prag/DerivedData/ModuleCache.noindex -serialize-diagnostics -emit-dependencies -emit-module -emit-module-path /Users/runner/work/Album-Prag/Album-Prag/DerivedData/Build/Intermediates.noindex/swift-concurrency-extras.build/Debug-iphonesimulator/ConcurrencyExtras.build/Objects-normal/arm64/ConcurrencyExtras.swiftmodule -user-module-version 1.4.1 -validate-clang-modules-once -clang-build-session-file /Users/runner/work/Album-Prag/Album-Prag/DerivedData/ModuleCache.noindex/Session.modulevalidation -package-name swift_concurrency_extras -Xcc -I/Users/runner/work/Album-Prag/Album-Prag/DerivedData/Build/Intermediates.noindex/swift-concurrency-extras.build/Debug-iphonesimulator/ConcurrencyExtras.build/swift-overrides.hmap -emit-const-values -Xfrontend -const-gather-protocols-file -Xfrontend /Users/runner/work/Album-Prag/Album-Prag/DerivedData/Build/Intermediates.noindex/swift-concurrency-extras.build/Debug-iphonesimulator/ConcurrencyExtras.build/Objects-normal/arm64/ConcurrencyExtras_const_extract_protocols.json -Xcc -I/Users/runner/work/Album-Prag/Album-Prag/DerivedData/Build/Products/Debug-iphonesimulator/include -Xcc -I/Users/runner/work/Album-Prag/Album-Prag/DerivedData/Build/Intermediates.noindex/swift-concurrency-extras.build/Debug-iphonesimulator/ConcurrencyExtras.build/DerivedSources-normal/arm64 -Xcc -I/Users/runner/work/Album-Prag/Album-Prag/DerivedData/Build/Intermediates.noindex/swift-concurrency-extras.build/Debug-iphonesimulator/ConcurrencyExtras.build/DerivedSources/arm64 -Xcc -I/Users/runner/work/Album-Prag/Album-Prag/DerivedData/Build/Intermediates.noindex/swift-concurrency-extras.build/Debug-iphonesimulator/ConcurrencyExtras.build/DerivedSources -Xcc -DSWIFT_PACKAGE -Xcc -DDEBUG\=1 -emit-objc-header -emit-objc-header-path /Users/runner/work/Album-Prag/Album-Prag/DerivedData/Build/Intermediates.noindex/swift-concurrency-extras.build/Debug-iphonesimulator/ConcurrencyExtras.build/Objects-normal/arm64/ConcurrencyExtras-Swift.h -working-directory /Users/runner/work/Album-Prag/Album-Prag/Album.xcodeproj -experimental-emit-module-separately -disable-cmo

Ld /Users/runner/work/Album-Prag/Album-Prag/DerivedData/Build/Products/Debug-iphonesimulator/IssueReporting.o normal (in target 'IssueReporting' from project 'xctest-dynamic-overlay')
    cd /Users/runner/work/Album-Prag/Album-Prag/DerivedData/SourcePackages/checkouts/xctest-dynamic-overlay
    /Applications/Xcode_26.6.app/Contents/Developer/Toolchains/XcodeDefault.xctoolchain/usr/bin/clang -Xlinker -reproducible -target arm64-apple-ios13.0-simulator -r -isysroot /Applications/Xcode_26.6.app/Contents/Developer/Platforms/iPhoneSimulator.platform/Developer/SDKs/iPhoneSimulator26.5.sdk -O0 -w -F/Users/runner/work/Album-Prag/Album-Prag/DerivedData/Build/Intermediates.noindex/EagerLinkingTBDs/Debug-iphonesimulator -F/Users/runner/work/Album-Prag/Album-Prag/DerivedData/Build/Products/Debug-iphonesimulator -iframework /Applications/Xcode_26.6.app/Contents/Developer/Platforms/iPhoneSimulator.platform/Developer/Library/Frameworks -iframework /Applications/Xcode_26.6.app/Contents/Developer/Platforms/iPhoneSimulator.platform/Developer/SDKs/iPhoneSimulator26.5.sdk/Developer/Library/Frameworks -filelist /Users/runner/work/Album-Prag/Album-Prag/DerivedData/Build/Intermediates.noindex/xctest-dynamic-overlay.build/Debug-iphonesimulator/IssueReporting.build/Objects-normal/arm64/IssueReporting.LinkFileList -nostdlib -Xlinker -object_path_lto -Xlinker /Users/runner/work/Album-Prag/Album-Prag/DerivedData/Build/Intermediates.noindex/xctest-dynamic-overlay.build/Debug-iphonesimulator/IssueReporting.build/Objects-normal/arm64/IssueReporting_lto.o -Xlinker -no_deduplicate -Xlinker -objc_abi_version -Xlinker 2 -Xlinker -dependency_info -Xlinker /Users/runner/work/Album-Prag/Album-Prag/DerivedData/Build/Intermediates.noindex/xctest-dynamic-overlay.build/Debug-iphonesimulator/IssueReporting.build/Objects-normal/arm64/IssueReporting_dependency_info.dat -fobjc-link-runtime -L/Applications/Xcode_26.6.app/Contents/Developer/Toolchains/XcodeDefault.xctoolchain/usr/lib/swift/iphonesimulator -L/usr/lib/swift -Xlinker -add_ast_path -Xlinker /Users/runner/work/Album-Prag/Album-Prag/DerivedData/Build/Intermediates.noindex/xctest-dynamic-overlay.build/Debug-iphonesimulator/IssueReporting.build/Objects-normal/arm64/IssueReporting.swiftmodule @/Users/runner/work/Album-Prag/Album-Prag/DerivedData/Build/Intermediates.noindex/xctest-dynamic-overlay.build/Debug-iphonesimulator/IssueReporting.build/Objects-normal/arm64/IssueReporting-linker-args.resp -o /Users/runner/work/Album-Prag/Album-Prag/DerivedData/Build/Products/Debug-iphonesimulator/IssueReporting.o

Ld /Users/runner/work/Album-Prag/Album-Prag/DerivedData/Build/Products/Debug-iphonesimulator/HTTPTypes.o normal (in target 'HTTPTypes' from project 'swift-http-types')
    cd /Users/runner/work/Album-Prag/Album-Prag/DerivedData/SourcePackages/checkouts/swift-http-types
    /Applications/Xcode_26.6.app/Contents/Developer/Toolchains/XcodeDefault.xctoolchain/usr/bin/clang -Xlinker -reproducible -target arm64-apple-ios12.0-simulator -r -isysroot /Applications/Xcode_26.6.app/Contents/Developer/Platforms/iPhoneSimulator.platform/Developer/SDKs/iPhoneSimulator26.5.sdk -O0 -w -F/Users/runner/work/Album-Prag/Album-Prag/DerivedData/Build/Intermediates.noindex/EagerLinkingTBDs/Debug-iphonesimulator -F/Users/runner/work/Album-Prag/Album-Prag/DerivedData/Build/Products/Debug-iphonesimulator -iframework /Applications/Xcode_26.6.app/Contents/Developer/Platforms/iPhoneSimulator.platform/Developer/Library/Frameworks -iframework /Applications/Xcode_26.6.app/Contents/Developer/Platforms/iPhoneSimulator.platform/Developer/SDKs/iPhoneSimulator26.5.sdk/Developer/Library/Frameworks -filelist /Users/runner/work/Album-Prag/Album-Prag/DerivedData/Build/Intermediates.noindex/swift-http-types.build/Debug-iphonesimulator/HTTPTypes.build/Objects-normal/arm64/HTTPTypes.LinkFileList -nostdlib -Xlinker -object_path_lto -Xlinker /Users/runner/work/Album-Prag/Album-Prag/DerivedData/Build/Intermediates.noindex/swift-http-types.build/Debug-iphonesimulator/HTTPTypes.build/Objects-normal/arm64/HTTPTypes_lto.o -Xlinker -no_deduplicate -Xlinker -objc_abi_version -Xlinker 2 -Xlinker -dependency_info -Xlinker /Users/runner/work/Album-Prag/Album-Prag/DerivedData/Build/Intermediates.noindex/swift-http-types.build/Debug-iphonesimulator/HTTPTypes.build/Objects-normal/arm64/HTTPTypes_dependency_info.dat -fobjc-link-runtime -L/Applications/Xcode_26.6.app/Contents/Developer/Toolchains/XcodeDefault.xctoolchain/usr/lib/swift/iphonesimulator -L/usr/lib/swift -Xlinker -add_ast_path -Xlinker /Users/runner/work/Album-Prag/Album-Prag/DerivedData/Build/Intermediates.noindex/swift-http-types.build/Debug-iphonesimulator/HTTPTypes.build/Objects-normal/arm64/HTTPTypes.swiftmodule @/Users/runner/work/Album-Prag/Album-Prag/DerivedData/Build/Intermediates.noindex/swift-http-types.build/Debug-iphonesimulator/HTTPTypes.build/Objects-normal/arm64/HTTPTypes-linker-args.resp -o /Users/runner/work/Album-Prag/Album-Prag/DerivedData/Build/Products/Debug-iphonesimulator/HTTPTypes.o

Ld /Users/runner/work/Album-Prag/Album-Prag/DerivedData/Build/Products/Debug-iphonesimulator/Crypto.o normal (in target 'Crypto' from project 'swift-crypto')
    cd /Users/runner/work/Album-Prag/Album-Prag/DerivedData/SourcePackages/checkouts/swift-crypto
    /Applications/Xcode_26.6.app/Contents/Developer/Toolchains/XcodeDefault.xctoolchain/usr/bin/clang -Xlinker -reproducible -target arm64-apple-ios12.0-simulator -r -isysroot /Applications/Xcode_26.6.app/Contents/Developer/Platforms/iPhoneSimulator.platform/Developer/SDKs/iPhoneSimulator26.5.sdk -O0 -w -F/Users/runner/work/Album-Prag/Album-Prag/DerivedData/Build/Intermediates.noindex/EagerLinkingTBDs/Debug-iphonesimulator -F/Users/runner/work/Album-Prag/Album-Prag/DerivedData/Build/Products/Debug-iphonesimulator -iframework /Applications/Xcode_26.6.app/Contents/Developer/Platforms/iPhoneSimulator.platform/Developer/Library/Frameworks -iframework /Applications/Xcode_26.6.app/Contents/Developer/Platforms/iPhoneSimulator.platform/Developer/SDKs/iPhoneSimulator26.5.sdk/Developer/Library/Frameworks -filelist /Users/runner/work/Album-Prag/Album-Prag/DerivedData/Build/Intermediates.noindex/swift-crypto.build/Debug-iphonesimulator/Crypto.build/Objects-normal/arm64/Crypto.LinkFileList -nostdlib -Xlinker -object_path_lto -Xlinker /Users/runner/work/Album-Prag/Album-Prag/DerivedData/Build/Intermediates.noindex/swift-crypto.build/Debug-iphonesimulator/Crypto.build/Objects-normal/arm64/Crypto_lto.o -Xlinker -no_deduplicate -Xlinker -objc_abi_version -Xlinker 2 -Xlinker -dependency_info -Xlinker /Users/runner/work/Album-Prag/Album-Prag/DerivedData/Build/Intermediates.noindex/swift-crypto.build/Debug-iphonesimulator/Crypto.build/Objects-normal/arm64/Crypto_dependency_info.dat -fobjc-link-runtime -L/Applications/Xcode_26.6.app/Contents/Developer/Toolchains/XcodeDefault.xctoolchain/usr/lib/swift/iphonesimulator -L/usr/lib/swift -Xlinker -add_ast_path -Xlinker /Users/runner/work/Album-Prag/Album-Prag/DerivedData/Build/Intermediates.noindex/swift-crypto.build/Debug-iphonesimulator/Crypto.build/Objects-normal/arm64/Crypto.swiftmodule @/Users/runner/work/Album-Prag/Album-Prag/DerivedData/Build/Intermediates.noindex/swift-crypto.build/Debug-iphonesimulator/Crypto.build/Objects-normal/arm64/Crypto-linker-args.resp -o /Users/runner/work/Album-Prag/Album-Prag/DerivedData/Build/Products/Debug-iphonesimulator/Crypto.o

Ld /Users/runner/work/Album-Prag/Album-Prag/DerivedData/Build/Products/Debug-iphonesimulator/ConcurrencyExtras.o normal (in target 'ConcurrencyExtras' from project 'swift-concurrency-extras')
    cd /Users/runner/work/Album-Prag/Album-Prag/DerivedData/SourcePackages/checkouts/swift-concurrency-extras
    /Applications/Xcode_26.6.app/Contents/Developer/Toolchains/XcodeDefault.xctoolchain/usr/bin/clang -Xlinker -reproducible -target arm64-apple-ios13.0-simulator -r -isysroot /Applications/Xcode_26.6.app/Contents/Developer/Platforms/iPhoneSimulator.platform/Developer/SDKs/iPhoneSimulator26.5.sdk -O0 -w -F/Users/runner/work/Album-Prag/Album-Prag/DerivedData/Build/Intermediates.noindex/EagerLinkingTBDs/Debug-iphonesimulator -F/Users/runner/work/Album-Prag/Album-Prag/DerivedData/Build/Products/Debug-iphonesimulator -iframework /Applications/Xcode_26.6.app/Contents/Developer/Platforms/iPhoneSimulator.platform/Developer/Library/Frameworks -iframework /Applications/Xcode_26.6.app/Contents/Developer/Platforms/iPhoneSimulator.platform/Developer/SDKs/iPhoneSimulator26.5.sdk/Developer/Library/Frameworks -filelist /Users/runner/work/Album-Prag/Album-Prag/DerivedData/Build/Intermediates.noindex/swift-concurrency-extras.build/Debug-iphonesimulator/ConcurrencyExtras.build/Objects-normal/arm64/ConcurrencyExtras.LinkFileList -nostdlib -Xlinker -object_path_lto -Xlinker /Users/runner/work/Album-Prag/Album-Prag/DerivedData/Build/Intermediates.noindex/swift-concurrency-extras.build/Debug-iphonesimulator/ConcurrencyExtras.build/Objects-normal/arm64/ConcurrencyExtras_lto.o -Xlinker -no_deduplicate -Xlinker -objc_abi_version -Xlinker 2 -Xlinker -dependency_info -Xlinker /Users/runner/work/Album-Prag/Album-Prag/DerivedData/Build/Intermediates.noindex/swift-concurrency-extras.build/Debug-iphonesimulator/ConcurrencyExtras.build/Objects-normal/arm64/ConcurrencyExtras_dependency_info.dat -fobjc-link-runtime -L/Applications/Xcode_26.6.app/Contents/Developer/Toolchains/XcodeDefault.xctoolchain/usr/lib/swift/iphonesimulator -L/usr/lib/swift -Xlinker -add_ast_path -Xlinker /Users/runner/work/Album-Prag/Album-Prag/DerivedData/Build/Intermediates.noindex/swift-concurrency-extras.build/Debug-iphonesimulator/ConcurrencyExtras.build/Objects-normal/arm64/ConcurrencyExtras.swiftmodule @/Users/runner/work/Album-Prag/Album-Prag/DerivedData/Build/Intermediates.noindex/swift-concurrency-extras.build/Debug-iphonesimulator/ConcurrencyExtras.build/Objects-normal/arm64/ConcurrencyExtras-linker-args.resp -o /Users/runner/work/Album-Prag/Album-Prag/DerivedData/Build/Products/Debug-iphonesimulator/ConcurrencyExtras.o

ExtractAppIntentsMetadata (in target 'IssueReporting' from project 'xctest-dynamic-overlay')
    cd /Users/runner/work/Album-Prag/Album-Prag/DerivedData/SourcePackages/checkouts/xctest-dynamic-overlay
    /Applications/Xcode_26.6.app/Contents/Developer/Toolchains/XcodeDefault.xctoolchain/usr/bin/appintentsmetadataprocessor --toolchain-dir /var/run/com.apple.security.cryptexd/mnt/com.apple.MobileAsset.MetalToolchain-v17.6.109.0.3IcKNH/Metal.xctoolchain --module-name IssueReporting --sdk-root /Applications/Xcode_26.6.app/Contents/Developer/Platforms/iPhoneSimulator.platform/Developer/SDKs/iPhoneSimulator26.5.sdk --xcode-version 17F113 --platform-family iOS --deployment-target 13.0 --bundle-identifier xctest-dynamic-overlay.IssueReporting --output /Users/runner/work/Album-Prag/Album-Prag/DerivedData/Build/Products/Debug-iphonesimulator/IssueReporting.appintents --target-triple arm64-apple-ios13.0-simulator --binary-file /Users/runner/work/Album-Prag/Album-Prag/DerivedData/Build/Products/Debug-iphonesimulator/IssueReporting.o --dependency-file /Users/runner/work/Album-Prag/Album-Prag/DerivedData/Build/Intermediates.noindex/xctest-dynamic-overlay.build/Debug-iphonesimulator/IssueReporting.build/Objects-normal/arm64/IssueReporting_dependency_info.dat --stringsdata-file /Users/runner/work/Album-Prag/Album-Prag/DerivedData/Build/Intermediates.noindex/xctest-dynamic-overlay.build/Debug-iphonesimulator/IssueReporting.build/Objects-normal/arm64/ExtractedAppShortcutsMetadata.stringsdata --source-file-list /Users/runner/work/Album-Prag/Album-Prag/DerivedData/Build/Intermediates.noindex/xctest-dynamic-overlay.build/Debug-iphonesimulator/IssueReporting.build/Objects-normal/arm64/IssueReporting.SwiftFileList --metadata-file-list /Users/runner/work/Album-Prag/Album-Prag/DerivedData/Build/Intermediates.noindex/xctest-dynamic-overlay.build/Debug-iphonesimulator/IssueReporting.build/IssueReporting.DependencyMetadataFileList --static-metadata-file-list /Users/runner/work/Album-Prag/Album-Prag/DerivedData/Build/Intermediates.noindex/xctest-dynamic-overlay.build/Debug-iphonesimulator/IssueReporting.build/IssueReporting.DependencyStaticMetadataFileList --swift-const-vals-list /Users/runner/work/Album-Prag/Album-Prag/DerivedData/Build/Intermediates.noindex/xctest-dynamic-overlay.build/Debug-iphonesimulator/IssueReporting.build/Objects-normal/arm64/IssueReporting.SwiftConstValuesFileList --force --compile-time-extraction --deployment-aware-processing --validate-assistant-intents --no-app-shortcuts-localization
2026-10-05 12:41:04.924 appintentsmetadataprocessor[6531:29420] Starting appintentsmetadataprocessor export
2026-10-05 12:41:04.993 appintentsmetadataprocessor[6531:29420] Extracted no relevant App Intents symbols, skipping writing output

SwiftDriver XCTestDynamicOverlay normal arm64 com.apple.xcode.tools.swift.compiler (in target 'XCTestDynamicOverlay' from project 'xctest-dynamic-overlay')
    cd /Users/runner/work/Album-Prag/Album-Prag/Album.xcodeproj
    builtin-SwiftDriver -- /Applications/Xcode_26.6.app/Contents/Developer/Toolchains/XcodeDefault.xctoolchain/usr/bin/swiftc -module-name XCTestDynamicOverlay -Onone @/Users/runner/work/Album-Prag/Album-Prag/DerivedData/Build/Intermediates.noindex/xctest-dynamic-overlay.build/Debug-iphonesimulator/XCTestDynamicOverlay.build/Objects-normal/arm64/XCTestDynamicOverlay.SwiftFileList -DSWIFT_PACKAGE -DDEBUG -DSWIFT_MODULE_RESOURCE_BUNDLE_UNAVAILABLE -DXcode -enable-upcoming-feature ExistentialAny -enable-upcoming-feature ImmutableWeakCaptures -enable-upcoming-feature InferIsolatedConformances -enable-upcoming-feature InternalImportsByDefault -enable-upcoming-feature MemberImportVisibility -enable-upcoming-feature NonisolatedNonsendingByDefault -plugin-path /Applications/Xcode_26.6.app/Contents/Developer/Toolchains/XcodeDefault.xctoolchain/usr/lib/swift/host/plugins/testing -enable-experimental-feature DebugDescriptionMacro -sdk /Applications/Xcode_26.6.app/Contents/Developer/Platforms/iPhoneSimulator.platform/Developer/SDKs/iPhoneSimulator26.5.sdk -target arm64-apple-ios13.0-simulator -g -module-cache-path /Users/runner/work/Album-Prag/Album-Prag/DerivedData/ModuleCache.noindex -Xfrontend -serialize-debugging-options -enable-testing -suppress-warnings -index-store-path /Users/runner/work/Album-Prag/Album-Prag/DerivedData/Index.noindex/DataStore -Xcc -D_LIBCPP_HARDENING_MODE\=_LIBCPP_HARDENING_MODE_DEBUG -swift-version 6 -I /Users/runner/work/Album-Prag/Album-Prag/DerivedData/Build/Products/Debug-iphonesimulator -Isystem /Applications/Xcode_26.6.app/Contents/Developer/Platforms/iPhoneSimulator.platform/Developer/usr/lib -F /Users/runner/work/Album-Prag/Album-Prag/DerivedData/Build/Products/Debug-iphonesimulator/PackageFrameworks -F /Users/runner/work/Album-Prag/Album-Prag/DerivedData/Build/Products/Debug-iphonesimulator -F /Applications/Xcode_26.6.app/Contents/Developer/Platforms/iPhoneSimulator.platform/Developer/Library/Frameworks -F /Applications/Xcode_26.6.app/Contents/Developer/Platforms/iPhoneSimulator.platform/Developer/SDKs/iPhoneSimulator26.5.sdk/Developer/Library/Frameworks -c -j3 -enable-batch-mode -incremental -Xcc -ivfsstatcache -Xcc /Users/runner/work/Album-Prag/Album-Prag/DerivedData/SDKStatCaches.noindex/iphonesimulator26.5-23F81a-688ef53f1462e2c8f657fdc38a81448ff45c64a1807a658693f2a61704f17a36.sdkstatcache -output-file-map /Users/runner/work/Album-Prag/Album-Prag/DerivedData/Build/Intermediates.noindex/xctest-dynamic-overlay.build/Debug-iphonesimulator/XCTestDynamicOverlay.build/Objects-normal/arm64/XCTestDynamicOverlay-OutputFileMap.json -use-frontend-parseable-output -save-temps -no-color-diagnostics -explicit-module-build -module-cache-path /Users/runner/work/Album-Prag/Album-Prag/DerivedData/Build/Intermediates.noindex/SwiftExplicitPrecompiledModules -clang-scanner-module-cache-path /Users/runner/work/Album-Prag/Album-Prag/DerivedData/ModuleCache.noindex -sdk-module-cache-path /Users/runner/work/Album-Prag/Album-Prag/DerivedData/ModuleCache.noindex -serialize-diagnostics -emit-dependencies -emit-module -emit-module-path /Users/runner/work/Album-Prag/Album-Prag/DerivedData/Build/Intermediates.noindex/xctest-dynamic-overlay.build/Debug-iphonesimulator/XCTestDynamicOverlay.build/Objects-normal/arm64/XCTestDynamicOverlay.swiftmodule -user-module-version 1.13.1 -validate-clang-modules-once -clang-build-session-file /Users/runner/work/Album-Prag/Album-Prag/DerivedData/ModuleCache.noindex/Session.modulevalidation -package-name xctest_dynamic_overlay -Xcc -I/Users/runner/work/Album-Prag/Album-Prag/DerivedData/Build/Intermediates.noindex/xctest-dynamic-overlay.build/Debug-iphonesimulator/XCTestDynamicOverlay.build/swift-overrides.hmap -emit-const-values -Xfrontend -const-gather-protocols-file -Xfrontend /Users/runner/work/Album-Prag/Album-Prag/DerivedData/Build/Intermediates.noindex/xctest-dynamic-overlay.build/Debug-iphonesimulator/XCTestDynamicOverlay.build/Objects-normal/arm64/XCTestDynamicOverlay_const_extract_protocols.json -Xcc -I/Users/runner/work/Album-Prag/Album-Prag/DerivedData/Build/Products/Debug-iphonesimulator/include -Xcc -I/Users/runner/work/Album-Prag/Album-Prag/DerivedData/Build/Intermediates.noindex/xctest-dynamic-overlay.build/Debug-iphonesimulator/XCTestDynamicOverlay.build/DerivedSources-normal/arm64 -Xcc -I/Users/runner/work/Album-Prag/Album-Prag/DerivedData/Build/Intermediates.noindex/xctest-dynamic-overlay.build/Debug-iphonesimulator/XCTestDynamicOverlay.build/DerivedSources/arm64 -Xcc -I/Users/runner/work/Album-Prag/Album-Prag/DerivedData/Build/Intermediates.noindex/xctest-dynamic-overlay.build/Debug-iphonesimulator/XCTestDynamicOverlay.build/DerivedSources -Xcc -DSWIFT_PACKAGE -Xcc -DDEBUG\=1 -emit-objc-header -emit-objc-header-path /Users/runner/work/Album-Prag/Album-Prag/DerivedData/Build/Intermediates.noindex/xctest-dynamic-overlay.build/Debug-iphonesimulator/XCTestDynamicOverlay.build/Objects-normal/arm64/XCTestDynamicOverlay-Swift.h -working-directory /Users/runner/work/Album-Prag/Album-Prag/Album.xcodeproj -experimental-emit-module-separately -disable-cmo

ExtractAppIntentsMetadata (in target 'HTTPTypes' from project 'swift-http-types')
    cd /Users/runner/work/Album-Prag/Album-Prag/DerivedData/SourcePackages/checkouts/swift-http-types
    /Applications/Xcode_26.6.app/Contents/Developer/Toolchains/XcodeDefault.xctoolchain/usr/bin/appintentsmetadataprocessor --toolchain-dir /var/run/com.apple.security.cryptexd/mnt/com.apple.MobileAsset.MetalToolchain-v17.6.109.0.3IcKNH/Metal.xctoolchain --module-name HTTPTypes --sdk-root /Applications/Xcode_26.6.app/Contents/Developer/Platforms/iPhoneSimulator.platform/Developer/SDKs/iPhoneSimulator26.5.sdk --xcode-version 17F113 --platform-family iOS --deployment-target 12.0 --bundle-identifier swift-http-types.HTTPTypes --output /Users/runner/work/Album-Prag/Album-Prag/DerivedData/Build/Products/Debug-iphonesimulator/HTTPTypes.appintents --target-triple arm64-apple-ios12.0-simulator --binary-file /Users/runner/work/Album-Prag/Album-Prag/DerivedData/Build/Products/Debug-iphonesimulator/HTTPTypes.o --dependency-file /Users/runner/work/Album-Prag/Album-Prag/DerivedData/Build/Intermediates.noindex/swift-http-types.build/Debug-iphonesimulator/HTTPTypes.build/Objects-normal/arm64/HTTPTypes_dependency_info.dat --stringsdata-file /Users/runner/work/Album-Prag/Album-Prag/DerivedData/Build/Intermediates.noindex/swift-http-types.build/Debug-iphonesimulator/HTTPTypes.build/Objects-normal/arm64/ExtractedAppShortcutsMetadata.stringsdata --source-file-list /Users/runner/work/Album-Prag/Album-Prag/DerivedData/Build/Intermediates.noindex/swift-http-types.build/Debug-iphonesimulator/HTTPTypes.build/Objects-normal/arm64/HTTPTypes.SwiftFileList --metadata-file-list /Users/runner/work/Album-Prag/Album-Prag/DerivedData/Build/Intermediates.noindex/swift-http-types.build/Debug-iphonesimulator/HTTPTypes.build/HTTPTypes.DependencyMetadataFileList --static-metadata-file-list /Users/runner/work/Album-Prag/Album-Prag/DerivedData/Build/Intermediates.noindex/swift-http-types.build/Debug-iphonesimulator/HTTPTypes.build/HTTPTypes.DependencyStaticMetadataFileList --swift-const-vals-list /Users/runner/work/Album-Prag/Album-Prag/DerivedData/Build/Intermediates.noindex/swift-http-types.build/Debug-iphonesimulator/HTTPTypes.build/Objects-normal/arm64/HTTPTypes.SwiftConstValuesFileList --force --compile-time-extraction --deployment-aware-processing --validate-assistant-intents --no-app-shortcuts-localization
2026-10-05 12:41:05.171 appintentsmetadataprocessor[6532:29429] Starting appintentsmetadataprocessor export
2026-10-05 12:41:05.214 appintentsmetadataprocessor[6532:29429] Extracted no relevant App Intents symbols, skipping writing output

SwiftDriverJobDiscovery normal arm64 Compiling ShareInbox.swift (in target 'AlbumShare' from project 'Album')

ExtractAppIntentsMetadata (in target 'Crypto' from project 'swift-crypto')
    cd /Users/runner/work/Album-Prag/Album-Prag/DerivedData/SourcePackages/checkouts/swift-crypto
    /Applications/Xcode_26.6.app/Contents/Developer/Toolchains/XcodeDefault.xctoolchain/usr/bin/appintentsmetadataprocessor --toolchain-dir /var/run/com.apple.security.cryptexd/mnt/com.apple.MobileAsset.MetalToolchain-v17.6.109.0.3IcKNH/Metal.xctoolchain --module-name Crypto --sdk-root /Applications/Xcode_26.6.app/Contents/Developer/Platforms/iPhoneSimulator.platform/Developer/SDKs/iPhoneSimulator26.5.sdk --xcode-version 17F113 --platform-family iOS --deployment-target 12.0 --bundle-identifier swift-crypto.Crypto --output /Users/runner/work/Album-Prag/Album-Prag/DerivedData/Build/Products/Debug-iphonesimulator/Crypto.appintents --target-triple arm64-apple-ios12.0-simulator --binary-file /Users/runner/work/Album-Prag/Album-Prag/DerivedData/Build/Products/Debug-iphonesimulator/Crypto.o --dependency-file /Users/runner/work/Album-Prag/Album-Prag/DerivedData/Build/Intermediates.noindex/swift-crypto.build/Debug-iphonesimulator/Crypto.build/Objects-normal/arm64/Crypto_dependency_info.dat --stringsdata-file /Users/runner/work/Album-Prag/Album-Prag/DerivedData/Build/Intermediates.noindex/swift-crypto.build/Debug-iphonesimulator/Crypto.build/Objects-normal/arm64/ExtractedAppShortcutsMetadata.stringsdata --source-file-list /Users/runner/work/Album-Prag/Album-Prag/DerivedData/Build/Intermediates.noindex/swift-crypto.build/Debug-iphonesimulator/Crypto.build/Objects-normal/arm64/Crypto.SwiftFileList --metadata-file-list /Users/runner/work/Album-Prag/Album-Prag/DerivedData/Build/Intermediates.noindex/swift-crypto.build/Debug-iphonesimulator/Crypto.build/Crypto.DependencyMetadataFileList --static-metadata-file-list /Users/runner/work/Album-Prag/Album-Prag/DerivedData/Build/Intermediates.noindex/swift-crypto.build/Debug-iphonesimulator/Crypto.build/Crypto.DependencyStaticMetadataFileList --swift-const-vals-list /Users/runner/work/Album-Prag/Album-Prag/DerivedData/Build/Intermediates.noindex/swift-crypto.build/Debug-iphonesimulator/Crypto.build/Objects-normal/arm64/Crypto.SwiftConstValuesFileList --force --compile-time-extraction --deployment-aware-processing --validate-assistant-intents --no-app-shortcuts-localization
2026-10-05 12:41:05.242 appintentsmetadataprocessor[6533:29435] Starting appintentsmetadataprocessor export
2026-10-05 12:41:05.280 appintentsmetadataprocessor[6533:29435] Extracted no relevant App Intents symbols, skipping writing output

ExtractAppIntentsMetadata (in target 'ConcurrencyExtras' from project 'swift-concurrency-extras')
    cd /Users/runner/work/Album-Prag/Album-Prag/DerivedData/SourcePackages/checkouts/swift-concurrency-extras
    /Applications/Xcode_26.6.app/Contents/Developer/Toolchains/XcodeDefault.xctoolchain/usr/bin/appintentsmetadataprocessor --toolchain-dir /var/run/com.apple.security.cryptexd/mnt/com.apple.MobileAsset.MetalToolchain-v17.6.109.0.3IcKNH/Metal.xctoolchain --module-name ConcurrencyExtras --sdk-root /Applications/Xcode_26.6.app/Contents/Developer/Platforms/iPhoneSimulator.platform/Developer/SDKs/iPhoneSimulator26.5.sdk --xcode-version 17F113 --platform-family iOS --deployment-target 13.0 --bundle-identifier swift-concurrency-extras.ConcurrencyExtras --output /Users/runner/work/Album-Prag/Album-Prag/DerivedData/Build/Products/Debug-iphonesimulator/ConcurrencyExtras.appintents --target-triple arm64-apple-ios13.0-simulator --binary-file /Users/runner/work/Album-Prag/Album-Prag/DerivedData/Build/Products/Debug-iphonesimulator/ConcurrencyExtras.o --dependency-file /Users/runner/work/Album-Prag/Album-Prag/DerivedData/Build/Intermediates.noindex/swift-concurrency-extras.build/Debug-iphonesimulator/ConcurrencyExtras.build/Objects-normal/arm64/ConcurrencyExtras_dependency_info.dat --stringsdata-file /Users/runner/work/Album-Prag/Album-Prag/DerivedData/Build/Intermediates.noindex/swift-concurrency-extras.build/Debug-iphonesimulator/ConcurrencyExtras.build/Objects-normal/arm64/ExtractedAppShortcutsMetadata.stringsdata --source-file-list /Users/runner/work/Album-Prag/Album-Prag/DerivedData/Build/Intermediates.noindex/swift-concurrency-extras.build/Debug-iphonesimulator/ConcurrencyExtras.build/Objects-normal/arm64/ConcurrencyExtras.SwiftFileList --metadata-file-list /Users/runner/work/Album-Prag/Album-Prag/DerivedData/Build/Intermediates.noindex/swift-concurrency-extras.build/Debug-iphonesimulator/ConcurrencyExtras.build/ConcurrencyExtras.DependencyMetadataFileList --static-metadata-file-list /Users/runner/work/Album-Prag/Album-Prag/DerivedData/Build/Intermediates.noindex/swift-concurrency-extras.build/Debug-iphonesimulator/ConcurrencyExtras.build/ConcurrencyExtras.DependencyStaticMetadataFileList --swift-const-vals-list /Users/runner/work/Album-Prag/Album-Prag/DerivedData/Build/Intermediates.noindex/swift-concurrency-extras.build/Debug-iphonesimulator/ConcurrencyExtras.build/Objects-normal/arm64/ConcurrencyExtras.SwiftConstValuesFileList --force --compile-time-extraction --deployment-aware-processing --validate-assistant-intents --no-app-shortcuts-localization
2026-10-05 12:41:05.306 appintentsmetadataprocessor[6534:29444] Starting appintentsmetadataprocessor export
2026-10-05 12:41:05.319 appintentsmetadataprocessor[6534:29444] Extracted no relevant App Intents symbols, skipping writing output

RegisterExecutionPolicyException /Users/runner/work/Album-Prag/Album-Prag/DerivedData/Build/Products/Debug-iphonesimulator/IssueReporting.o (in target 'IssueReporting' from project 'xctest-dynamic-overlay')
    cd /Users/runner/work/Album-Prag/Album-Prag/DerivedData/SourcePackages/checkouts/xctest-dynamic-overlay
    builtin-RegisterExecutionPolicyException /Users/runner/work/Album-Prag/Album-Prag/DerivedData/Build/Products/Debug-iphonesimulator/IssueReporting.o

RegisterExecutionPolicyException /Users/runner/work/Album-Prag/Album-Prag/DerivedData/Build/Products/Debug-iphonesimulator/HTTPTypes.o (in target 'HTTPTypes' from project 'swift-http-types')
    cd /Users/runner/work/Album-Prag/Album-Prag/DerivedData/SourcePackages/checkouts/swift-http-types
    builtin-RegisterExecutionPolicyException /Users/runner/work/Album-Prag/Album-Prag/DerivedData/Build/Products/Debug-iphonesimulator/HTTPTypes.o

RegisterExecutionPolicyException /Users/runner/work/Album-Prag/Album-Prag/DerivedData/Build/Products/Debug-iphonesimulator/Crypto.o (in target 'Crypto' from project 'swift-crypto')
    cd /Users/runner/work/Album-Prag/Album-Prag/DerivedData/SourcePackages/checkouts/swift-crypto
    builtin-RegisterExecutionPolicyException /Users/runner/work/Album-Prag/Album-Prag/DerivedData/Build/Products/Debug-iphonesimulator/Crypto.o

SwiftDriver Clocks normal arm64 com.apple.xcode.tools.swift.compiler (in target 'Clocks' from project 'swift-clocks')
    cd /Users/runner/work/Album-Prag/Album-Prag/Album.xcodeproj
    builtin-SwiftDriver -- /Applications/Xcode_26.6.app/Contents/Developer/Toolchains/XcodeDefault.xctoolchain/usr/bin/swiftc -module-name Clocks -Onone @/Users/runner/work/Album-Prag/Album-Prag/DerivedData/Build/Intermediates.noindex/swift-clocks.build/Debug-iphonesimulator/Clocks.build/Objects-normal/arm64/Clocks.SwiftFileList -DSWIFT_PACKAGE -DDEBUG -DSWIFT_MODULE_RESOURCE_BUNDLE_UNAVAILABLE -DXcode -enable-upcoming-feature ExistentialAny -enable-upcoming-feature ImmutableWeakCaptures -enable-upcoming-feature InferIsolatedConformances -enable-upcoming-feature InternalImportsByDefault -enable-upcoming-feature MemberImportVisibility -enable-upcoming-feature NonisolatedNonsendingByDefault -plugin-path /Applications/Xcode_26.6.app/Contents/Developer/Toolchains/XcodeDefault.xctoolchain/usr/lib/swift/host/plugins/testing -enable-experimental-feature DebugDescriptionMacro -sdk /Applications/Xcode_26.6.app/Contents/Developer/Platforms/iPhoneSimulator.platform/Developer/SDKs/iPhoneSimulator26.5.sdk -target arm64-apple-ios13.0-simulator -g -module-cache-path /Users/runner/work/Album-Prag/Album-Prag/DerivedData/ModuleCache.noindex -Xfrontend -serialize-debugging-options -enable-testing -suppress-warnings -index-store-path /Users/runner/work/Album-Prag/Album-Prag/DerivedData/Index.noindex/DataStore -Xcc -D_LIBCPP_HARDENING_MODE\=_LIBCPP_HARDENING_MODE_DEBUG -swift-version 6 -I /Users/runner/work/Album-Prag/Album-Prag/DerivedData/Build/Products/Debug-iphonesimulator -Isystem /Applications/Xcode_26.6.app/Contents/Developer/Platforms/iPhoneSimulator.platform/Developer/usr/lib -F /Users/runner/work/Album-Prag/Album-Prag/DerivedData/Build/Products/Debug-iphonesimulator/PackageFrameworks -F /Users/runner/work/Album-Prag/Album-Prag/DerivedData/Build/Products/Debug-iphonesimulator/PackageFrameworks -F /Users/runner/work/Album-Prag/Album-Prag/DerivedData/Build/Products/Debug-iphonesimulator -F /Applications/Xcode_26.6.app/Contents/Developer/Platforms/iPhoneSimulator.platform/Developer/Library/Frameworks -F /Applications/Xcode_26.6.app/Contents/Developer/Platforms/iPhoneSimulator.platform/Developer/SDKs/iPhoneSimulator26.5.sdk/Developer/Library/Frameworks -c -j3 -enable-batch-mode -incremental -Xcc -ivfsstatcache -Xcc /Users/runner/work/Album-Prag/Album-Prag/DerivedData/SDKStatCaches.noindex/iphonesimulator26.5-23F81a-688ef53f1462e2c8f657fdc38a81448ff45c64a1807a658693f2a61704f17a36.sdkstatcache -output-file-map /Users/runner/work/Album-Prag/Album-Prag/DerivedData/Build/Intermediates.noindex/swift-clocks.build/Debug-iphonesimulator/Clocks.build/Objects-normal/arm64/Clocks-OutputFileMap.json -use-frontend-parseable-output -save-temps -no-color-diagnostics -explicit-module-build -module-cache-path /Users/runner/work/Album-Prag/Album-Prag/DerivedData/Build/Intermediates.noindex/SwiftExplicitPrecompiledModules -clang-scanner-module-cache-path /Users/runner/work/Album-Prag/Album-Prag/DerivedData/ModuleCache.noindex -sdk-module-cache-path /Users/runner/work/Album-Prag/Album-Prag/DerivedData/ModuleCache.noindex -serialize-diagnostics -emit-dependencies -emit-module -emit-module-path /Users/runner/work/Album-Prag/Album-Prag/DerivedData/Build/Intermediates.noindex/swift-clocks.build/Debug-iphonesimulator/Clocks.build/Objects-normal/arm64/Clocks.swiftmodule -user-module-version 1.1.1 -validate-clang-modules-once -clang-build-session-file /Users/runner/work/Album-Prag/Album-Prag/DerivedData/ModuleCache.noindex/Session.modulevalidation -package-name swift_clocks -Xcc -I/Users/runner/work/Album-Prag/Album-Prag/DerivedData/Build/Intermediates.noindex/swift-clocks.build/Debug-iphonesimulator/Clocks.build/swift-overrides.hmap -emit-const-values -Xfrontend -const-gather-protocols-file -Xfrontend /Users/runner/work/Album-Prag/Album-Prag/DerivedData/Build/Intermediates.noindex/swift-clocks.build/Debug-iphonesimulator/Clocks.build/Objects-normal/arm64/Clocks_const_extract_protocols.json -Xcc -I/Users/runner/work/Album-Prag/Album-Prag/DerivedData/Build/Products/Debug-iphonesimulator/include -Xcc -I/Users/runner/work/Album-Prag/Album-Prag/DerivedData/Build/Intermediates.noindex/swift-clocks.build/Debug-iphonesimulator/Clocks.build/DerivedSources-normal/arm64 -Xcc -I/Users/runner/work/Album-Prag/Album-Prag/DerivedData/Build/Intermediates.noindex/swift-clocks.build/Debug-iphonesimulator/Clocks.build/DerivedSources/arm64 -Xcc -I/Users/runner/work/Album-Prag/Album-Prag/DerivedData/Build/Intermediates.noindex/swift-clocks.build/Debug-iphonesimulator/Clocks.build/DerivedSources -Xcc -DSWIFT_PACKAGE -Xcc -DDEBUG\=1 -emit-objc-header -emit-objc-header-path /Users/runner/work/Album-Prag/Album-Prag/DerivedData/Build/Intermediates.noindex/swift-clocks.build/Debug-iphonesimulator/Clocks.build/Objects-normal/arm64/Clocks-Swift.h -working-directory /Users/runner/work/Album-Prag/Album-Prag/Album.xcodeproj -experimental-emit-module-separately -disable-cmo

RegisterExecutionPolicyException /Users/runner/work/Album-Prag/Album-Prag/DerivedData/Build/Products/Debug-iphonesimulator/ConcurrencyExtras.o (in target 'ConcurrencyExtras' from project 'swift-concurrency-extras')
    cd /Users/runner/work/Album-Prag/Album-Prag/DerivedData/SourcePackages/checkouts/swift-concurrency-extras
    builtin-RegisterExecutionPolicyException /Users/runner/work/Album-Prag/Album-Prag/DerivedData/Build/Products/Debug-iphonesimulator/ConcurrencyExtras.o

SwiftEmitModule normal arm64 Emitting\ module\ for\ XCTestDynamicOverlay (in target 'XCTestDynamicOverlay' from project 'xctest-dynamic-overlay')

EmitSwiftModule normal arm64 (in target 'XCTestDynamicOverlay' from project 'xctest-dynamic-overlay')
    cd /Users/runner/work/Album-Prag/Album-Prag/Album.xcodeproj
    

SwiftCompile normal arm64 Compiling\ Deprecations.swift /Users/runner/work/Album-Prag/Album-Prag/DerivedData/SourcePackages/checkouts/xctest-dynamic-overlay/Sources/XCTestDynamicOverlay/Internal/Deprecations.swift (in target 'XCTestDynamicOverlay' from project 'xctest-dynamic-overlay')

SwiftCompile normal arm64 /Users/runner/work/Album-Prag/Album-Prag/DerivedData/SourcePackages/checkouts/xctest-dynamic-overlay/Sources/XCTestDynamicOverlay/Internal/Deprecations.swift (in target 'XCTestDynamicOverlay' from project 'xctest-dynamic-overlay')
    cd /Users/runner/work/Album-Prag/Album-Prag/Album.xcodeproj
    

SwiftDriverJobDiscovery normal arm64 Emitting module for XCTestDynamicOverlay (in target 'XCTestDynamicOverlay' from project 'xctest-dynamic-overlay')

SwiftDriver\ Compilation\ Requirements XCTestDynamicOverlay normal arm64 com.apple.xcode.tools.swift.compiler (in target 'XCTestDynamicOverlay' from project 'xctest-dynamic-overlay')
    cd /Users/runner/work/Album-Prag/Album-Prag/Album.xcodeproj
    builtin-Swift-Compilation-Requirements -- /Applications/Xcode_26.6.app/Contents/Developer/Toolchains/XcodeDefault.xctoolchain/usr/bin/swiftc -module-name XCTestDynamicOverlay -Onone @/Users/runner/work/Album-Prag/Album-Prag/DerivedData/Build/Intermediates.noindex/xctest-dynamic-overlay.build/Debug-iphonesimulator/XCTestDynamicOverlay.build/Objects-normal/arm64/XCTestDynamicOverlay.SwiftFileList -DSWIFT_PACKAGE -DDEBUG -DSWIFT_MODULE_RESOURCE_BUNDLE_UNAVAILABLE -DXcode -enable-upcoming-feature ExistentialAny -enable-upcoming-feature ImmutableWeakCaptures -enable-upcoming-feature InferIsolatedConformances -enable-upcoming-feature InternalImportsByDefault -enable-upcoming-feature MemberImportVisibility -enable-upcoming-feature NonisolatedNonsendingByDefault -plugin-path /Applications/Xcode_26.6.app/Contents/Developer/Toolchains/XcodeDefault.xctoolchain/usr/lib/swift/host/plugins/testing -enable-experimental-feature DebugDescriptionMacro -sdk /Applications/Xcode_26.6.app/Contents/Developer/Platforms/iPhoneSimulator.platform/Developer/SDKs/iPhoneSimulator26.5.sdk -target arm64-apple-ios13.0-simulator -g -module-cache-path /Users/runner/work/Album-Prag/Album-Prag/DerivedData/ModuleCache.noindex -Xfrontend -serialize-debugging-options -enable-testing -suppress-warnings -index-store-path /Users/runner/work/Album-Prag/Album-Prag/DerivedData/Index.noindex/DataStore -Xcc -D_LIBCPP_HARDENING_MODE\=_LIBCPP_HARDENING_MODE_DEBUG -swift-version 6 -I /Users/runner/work/Album-Prag/Album-Prag/DerivedData/Build/Products/Debug-iphonesimulator -Isystem /Applications/Xcode_26.6.app/Contents/Developer/Platforms/iPhoneSimulator.platform/Developer/usr/lib -F /Users/runner/work/Album-Prag/Album-Prag/DerivedData/Build/Products/Debug-iphonesimulator/PackageFrameworks -F /Users/runner/work/Album-Prag/Album-Prag/DerivedData/Build/Products/Debug-iphonesimulator -F /Applications/Xcode_26.6.app/Contents/Developer/Platforms/iPhoneSimulator.platform/Developer/Library/Frameworks -F /Applications/Xcode_26.6.app/Contents/Developer/Platforms/iPhoneSimulator.platform/Developer/SDKs/iPhoneSimulator26.5.sdk/Developer/Library/Frameworks -c -j3 -enable-batch-mode -incremental -Xcc -ivfsstatcache -Xcc /Users/runner/work/Album-Prag/Album-Prag/DerivedData/SDKStatCaches.noindex/iphonesimulator26.5-23F81a-688ef53f1462e2c8f657fdc38a81448ff45c64a1807a658693f2a61704f17a36.sdkstatcache -output-file-map /Users/runner/work/Album-Prag/Album-Prag/DerivedData/Build/Intermediates.noindex/xctest-dynamic-overlay.build/Debug-iphonesimulator/XCTestDynamicOverlay.build/Objects-normal/arm64/XCTestDynamicOverlay-OutputFileMap.json -use-frontend-parseable-output -save-temps -no-color-diagnostics -explicit-module-build -module-cache-path /Users/runner/work/Album-Prag/Album-Prag/DerivedData/Build/Intermediates.noindex/SwiftExplicitPrecompiledModules -clang-scanner-module-cache-path /Users/runner/work/Album-Prag/Album-Prag/DerivedData/ModuleCache.noindex -sdk-module-cache-path /Users/runner/work/Album-Prag/Album-Prag/DerivedData/ModuleCache.noindex -serialize-diagnostics -emit-dependencies -emit-module -emit-module-path /Users/runner/work/Album-Prag/Album-Prag/DerivedData/Build/Intermediates.noindex/xctest-dynamic-overlay.build/Debug-iphonesimulator/XCTestDynamicOverlay.build/Objects-normal/arm64/XCTestDynamicOverlay.swiftmodule -user-module-version 1.13.1 -validate-clang-modules-once -clang-build-session-file /Users/runner/work/Album-Prag/Album-Prag/DerivedData/ModuleCache.noindex/Session.modulevalidation -package-name xctest_dynamic_overlay -Xcc -I/Users/runner/work/Album-Prag/Album-Prag/DerivedData/Build/Intermediates.noindex/xctest-dynamic-overlay.build/Debug-iphonesimulator/XCTestDynamicOverlay.build/swift-overrides.hmap -emit-const-values -Xfrontend -const-gather-protocols-file -Xfrontend /Users/runner/work/Album-Prag/Album-Prag/DerivedData/Build/Intermediates.noindex/xctest-dynamic-overlay.build/Debug-iphonesimulator/XCTestDynamicOverlay.build/Objects-normal/arm64/XCTestDynamicOverlay_const_extract_protocols.json -Xcc -I/Users/runner/work/Album-Prag/Album-Prag/DerivedData/Build/Products/Debug-iphonesimulator/include -Xcc -I/Users/runner/work/Album-Prag/Album-Prag/DerivedData/Build/Intermediates.noindex/xctest-dynamic-overlay.build/Debug-iphonesimulator/XCTestDynamicOverlay.build/DerivedSources-normal/arm64 -Xcc -I/Users/runner/work/Album-Prag/Album-Prag/DerivedData/Build/Intermediates.noindex/xctest-dynamic-overlay.build/Debug-iphonesimulator/XCTestDynamicOverlay.build/DerivedSources/arm64 -Xcc -I/Users/runner/work/Album-Prag/Album-Prag/DerivedData/Build/Intermediates.noindex/xctest-dynamic-overlay.build/Debug-iphonesimulator/XCTestDynamicOverlay.build/DerivedSources -Xcc -DSWIFT_PACKAGE -Xcc -DDEBUG\=1 -emit-objc-header -emit-objc-header-path /Users/runner/work/Album-Prag/Album-Prag/DerivedData/Build/Intermediates.noindex/xctest-dynamic-overlay.build/Debug-iphonesimulator/XCTestDynamicOverlay.build/Objects-normal/arm64/XCTestDynamicOverlay-Swift.h -working-directory /Users/runner/work/Album-Prag/Album-Prag/Album.xcodeproj -experimental-emit-module-separately -disable-cmo

SwiftCompile normal arm64 Compiling\ Fail.swift /Users/runner/work/Album-Prag/Album-Prag/DerivedData/SourcePackages/checkouts/xctest-dynamic-overlay/Sources/XCTestDynamicOverlay/Internal/Fail.swift (in target 'XCTestDynamicOverlay' from project 'xctest-dynamic-overlay')

SwiftCompile normal arm64 /Users/runner/work/Album-Prag/Album-Prag/DerivedData/SourcePackages/checkouts/xctest-dynamic-overlay/Sources/XCTestDynamicOverlay/Internal/Fail.swift (in target 'XCTestDynamicOverlay' from project 'xctest-dynamic-overlay')
    cd /Users/runner/work/Album-Prag/Album-Prag/Album.xcodeproj
    

SwiftMergeGeneratedHeaders /Users/runner/work/Album-Prag/Album-Prag/DerivedData/Build/Intermediates.noindex/GeneratedModuleMaps-iphonesimulator/XCTestDynamicOverlay-Swift.h /Users/runner/work/Album-Prag/Album-Prag/DerivedData/Build/Intermediates.noindex/xctest-dynamic-overlay.build/Debug-iphonesimulator/XCTestDynamicOverlay.build/Objects-normal/arm64/XCTestDynamicOverlay-Swift.h (in target 'XCTestDynamicOverlay' from project 'xctest-dynamic-overlay')
    cd /Users/runner/work/Album-Prag/Album-Prag/DerivedData/SourcePackages/checkouts/xctest-dynamic-overlay
    builtin-swiftHeaderTool -arch arm64 /Users/runner/work/Album-Prag/Album-Prag/DerivedData/Build/Intermediates.noindex/xctest-dynamic-overlay.build/Debug-iphonesimulator/XCTestDynamicOverlay.build/Objects-normal/arm64/XCTestDynamicOverlay-Swift.h -o /Users/runner/work/Album-Prag/Album-Prag/DerivedData/Build/Intermediates.noindex/GeneratedModuleMaps-iphonesimulator/XCTestDynamicOverlay-Swift.h

SwiftDriverJobDiscovery normal arm64 Compiling Fail.swift (in target 'XCTestDynamicOverlay' from project 'xctest-dynamic-overlay')

Copy /Users/runner/work/Album-Prag/Album-Prag/DerivedData/Build/Products/Debug-iphonesimulator/XCTestDynamicOverlay.swiftmodule/arm64-apple-ios-simulator.swiftmodule /Users/runner/work/Album-Prag/Album-Prag/DerivedData/Build/Intermediates.noindex/xctest-dynamic-overlay.build/Debug-iphonesimulator/XCTestDynamicOverlay.build/Objects-normal/arm64/XCTestDynamicOverlay.swiftmodule (in target 'XCTestDynamicOverlay' from project 'xctest-dynamic-overlay')
    cd /Users/runner/work/Album-Prag/Album-Prag/DerivedData/SourcePackages/checkouts/xctest-dynamic-overlay
    builtin-copy -exclude .DS_Store -exclude CVS -exclude .svn -exclude .git -exclude .hg -resolve-src-symlinks -rename /Users/runner/work/Album-Prag/Album-Prag/DerivedData/Build/Intermediates.noindex/xctest-dynamic-overlay.build/Debug-iphonesimulator/XCTestDynamicOverlay.build/Objects-normal/arm64/XCTestDynamicOverlay.swiftmodule /Users/runner/work/Album-Prag/Album-Prag/DerivedData/Build/Products/Debug-iphonesimulator/XCTestDynamicOverlay.swiftmodule/arm64-apple-ios-simulator.swiftmodule

Copy /Users/runner/work/Album-Prag/Album-Prag/DerivedData/Build/Products/Debug-iphonesimulator/XCTestDynamicOverlay.swiftmodule/arm64-apple-ios-simulator.swiftdoc /Users/runner/work/Album-Prag/Album-Prag/DerivedData/Build/Intermediates.noindex/xctest-dynamic-overlay.build/Debug-iphonesimulator/XCTestDynamicOverlay.build/Objects-normal/arm64/XCTestDynamicOverlay.swiftdoc (in target 'XCTestDynamicOverlay' from project 'xctest-dynamic-overlay')
    cd /Users/runner/work/Album-Prag/Album-Prag/DerivedData/SourcePackages/checkouts/xctest-dynamic-overlay
    builtin-copy -exclude .DS_Store -exclude CVS -exclude .svn -exclude .git -exclude .hg -resolve-src-symlinks -rename /Users/runner/work/Album-Prag/Album-Prag/DerivedData/Build/Intermediates.noindex/xctest-dynamic-overlay.build/Debug-iphonesimulator/XCTestDynamicOverlay.build/Objects-normal/arm64/XCTestDynamicOverlay.swiftdoc /Users/runner/work/Album-Prag/Album-Prag/DerivedData/Build/Products/Debug-iphonesimulator/XCTestDynamicOverlay.swiftmodule/arm64-apple-ios-simulator.swiftdoc

Copy /Users/runner/work/Album-Prag/Album-Prag/DerivedData/Build/Products/Debug-iphonesimulator/XCTestDynamicOverlay.swiftmodule/arm64-apple-ios-simulator.abi.json /Users/runner/work/Album-Prag/Album-Prag/DerivedData/Build/Intermediates.noindex/xctest-dynamic-overlay.build/Debug-iphonesimulator/XCTestDynamicOverlay.build/Objects-normal/arm64/XCTestDynamicOverlay.abi.json (in target 'XCTestDynamicOverlay' from project 'xctest-dynamic-overlay')
    cd /Users/runner/work/Album-Prag/Album-Prag/DerivedData/SourcePackages/checkouts/xctest-dynamic-overlay
    builtin-copy -exclude .DS_Store -exclude CVS -exclude .svn -exclude .git -exclude .hg -resolve-src-symlinks -rename /Users/runner/work/Album-Prag/Album-Prag/DerivedData/Build/Intermediates.noindex/xctest-dynamic-overlay.build/Debug-iphonesimulator/XCTestDynamicOverlay.build/Objects-normal/arm64/XCTestDynamicOverlay.abi.json /Users/runner/work/Album-Prag/Album-Prag/DerivedData/Build/Products/Debug-iphonesimulator/XCTestDynamicOverlay.swiftmodule/arm64-apple-ios-simulator.abi.json

Copy /Users/runner/work/Album-Prag/Album-Prag/DerivedData/Build/Products/Debug-iphonesimulator/XCTestDynamicOverlay.swiftmodule/Project/arm64-apple-ios-simulator.swiftsourceinfo /Users/runner/work/Album-Prag/Album-Prag/DerivedData/Build/Intermediates.noindex/xctest-dynamic-overlay.build/Debug-iphonesimulator/XCTestDynamicOverlay.build/Objects-normal/arm64/XCTestDynamicOverlay.swiftsourceinfo (in target 'XCTestDynamicOverlay' from project 'xctest-dynamic-overlay')
    cd /Users/runner/work/Album-Prag/Album-Prag/DerivedData/SourcePackages/checkouts/xctest-dynamic-overlay
    builtin-copy -exclude .DS_Store -exclude CVS -exclude .svn -exclude .git -exclude .hg -resolve-src-symlinks -rename /Users/runner/work/Album-Prag/Album-Prag/DerivedData/Build/Intermediates.noindex/xctest-dynamic-overlay.build/Debug-iphonesimulator/XCTestDynamicOverlay.build/Objects-normal/arm64/XCTestDynamicOverlay.swiftsourceinfo /Users/runner/work/Album-Prag/Album-Prag/DerivedData/Build/Products/Debug-iphonesimulator/XCTestDynamicOverlay.swiftmodule/Project/arm64-apple-ios-simulator.swiftsourceinfo

SwiftExplicitDependencyGeneratePcm arm64 /Users/runner/work/Album-Prag/Album-Prag/DerivedData/ModuleCache.noindex/_Builtin_intrinsics-27QXZ6HHZ0360GHGWW3N22EKB.pcm

SwiftExplicitDependencyGeneratePcm arm64 /Users/runner/work/Album-Prag/Album-Prag/DerivedData/ModuleCache.noindex/OpenGLES-AC0OMKFQM0ED39OWQVCBV7A3U.pcm

SwiftDriverJobDiscovery normal arm64 Compiling Deprecations.swift (in target 'XCTestDynamicOverlay' from project 'xctest-dynamic-overlay')

SwiftExplicitDependencyGeneratePcm arm64 /Users/runner/work/Album-Prag/Album-Prag/DerivedData/ModuleCache.noindex/UniformTypeIdentifiers-26IBN80EN2QA09UW6RTB0D4NY.pcm

SwiftExplicitDependencyGeneratePcm arm64 /Users/runner/work/Album-Prag/Album-Prag/DerivedData/ModuleCache.noindex/CoreGraphics-3LWE65OL4FVVOZ0UR9DWIMLOZ.pcm

SwiftExplicitDependencyGeneratePcm arm64 /Users/runner/work/Album-Prag/Album-Prag/DerivedData/ModuleCache.noindex/Symbols-716YO2M5VQ4L5VGCXKTU3QBK9.pcm

SwiftExplicitDependencyGeneratePcm arm64 /Users/runner/work/Album-Prag/Album-Prag/DerivedData/ModuleCache.noindex/_Builtin_tgmath-6LAG3XB0S9Y6XOE1KRCV18RD6.pcm

SwiftExplicitDependencyGeneratePcm arm64 /Users/runner/work/Album-Prag/Album-Prag/DerivedData/ModuleCache.noindex/OSLog-EHUX54335KVSCEDY41LLOM7E4.pcm

SwiftExplicitDependencyGeneratePcm arm64 /Users/runner/work/Album-Prag/Album-Prag/DerivedData/ModuleCache.noindex/CoreText-B4RSZOUVEC1MQK346JOVW6ZDT.pcm

SwiftExplicitDependencyGeneratePcm arm64 /Users/runner/work/Album-Prag/Album-Prag/DerivedData/ModuleCache.noindex/simd-7EL5K4OGCRX1OUBBAQUQUW1P0.pcm

SwiftExplicitDependencyGeneratePcm arm64 /Users/runner/work/Album-Prag/Album-Prag/DerivedData/ModuleCache.noindex/DeveloperToolsSupport-5I5XKME055LDPUU770D1272MD.pcm

SwiftExplicitDependencyGeneratePcm arm64 /Users/runner/work/Album-Prag/Album-Prag/DerivedData/ModuleCache.noindex/CoreTransferable-E0YXONQJU9TRCERVPKJKPFQ8T.pcm

SwiftExplicitDependencyGeneratePcm arm64 /Users/runner/work/Album-Prag/Album-Prag/DerivedData/ModuleCache.noindex/CoreData-DLPIBPT91RDSC2FWRK9A23YSQ.pcm

SwiftExplicitDependencyGeneratePcm arm64 /Users/runner/work/Album-Prag/Album-Prag/DerivedData/ModuleCache.noindex/DataDetection-4XMT9MNZ4ATL6VY1DZY190U1S.pcm

SwiftExplicitDependencyGeneratePcm arm64 /Users/runner/work/Album-Prag/Album-Prag/DerivedData/ModuleCache.noindex/UIUtilities-67R6CLQP48MLD9RD2FC2DAETI.pcm

SwiftExplicitDependencyGeneratePcm arm64 /Users/runner/work/Album-Prag/Album-Prag/DerivedData/ModuleCache.noindex/Accessibility-DGVNOA13BCEYWLCLAPX9615OA.pcm

SwiftExplicitDependencyGeneratePcm arm64 /Users/runner/work/Album-Prag/Album-Prag/DerivedData/ModuleCache.noindex/FileProvider-BCYSLR7XW2YMJEZJETTU2ONQ3.pcm

SwiftExplicitDependencyGeneratePcm arm64 /Users/runner/work/Album-Prag/Album-Prag/DerivedData/ModuleCache.noindex/UserNotifications-MWGHAG8IO3DC271M11W1H2Z.pcm

SwiftExplicitDependencyGeneratePcm arm64 /Users/runner/work/Album-Prag/Album-Prag/DerivedData/ModuleCache.noindex/Spatial-E1BELOH5DBNMC5MN2SXVZ1K32.pcm

SwiftExplicitDependencyGeneratePcm arm64 /Users/runner/work/Album-Prag/Album-Prag/DerivedData/ModuleCache.noindex/IOSurface-1DZDK7RATOPZCCO3HES5UT1BH.pcm

SwiftExplicitDependencyGeneratePcm arm64 /Users/runner/work/Album-Prag/Album-Prag/DerivedData/ModuleCache.noindex/ImageIO-DVZ26HWZK3ZW62SBVL626B559.pcm

SwiftDriverJobDiscovery normal arm64 Compiling ShareViewController.swift (in target 'AlbumShare' from project 'Album')

SwiftExplicitDependencyGeneratePcm arm64 /Users/runner/work/Album-Prag/Album-Prag/DerivedData/ModuleCache.noindex/Metal-5E8PYP7BPGEBRUOPWABFCCLET.pcm

SwiftCompile normal arm64 Compiling\ Exports.swift /Users/runner/work/Album-Prag/Album-Prag/DerivedData/SourcePackages/checkouts/xctest-dynamic-overlay/Sources/XCTestDynamicOverlay/Internal/Exports.swift (in target 'XCTestDynamicOverlay' from project 'xctest-dynamic-overlay')

SwiftCompile normal arm64 /Users/runner/work/Album-Prag/Album-Prag/DerivedData/SourcePackages/checkouts/xctest-dynamic-overlay/Sources/XCTestDynamicOverlay/Internal/Exports.swift (in target 'XCTestDynamicOverlay' from project 'xctest-dynamic-overlay')
    cd /Users/runner/work/Album-Prag/Album-Prag/Album.xcodeproj
    

SwiftDriver\ Compilation AlbumShare normal arm64 com.apple.xcode.tools.swift.compiler (in target 'AlbumShare' from project 'Album')
    cd /Users/runner/work/Album-Prag/Album-Prag
    builtin-Swift-Compilation -- /Applications/Xcode_26.6.app/Contents/Developer/Toolchains/XcodeDefault.xctoolchain/usr/bin/swiftc -module-name AlbumShare -Onone @/Users/runner/work/Album-Prag/Album-Prag/DerivedData/Build/Intermediates.noindex/Album.build/Debug-iphonesimulator/AlbumShare.build/Objects-normal/arm64/AlbumShare.SwiftFileList -DDEBUG -enable-bare-slash-regex -enable-experimental-feature DebugDescriptionMacro -sdk /Applications/Xcode_26.6.app/Contents/Developer/Platforms/iPhoneSimulator.platform/Developer/SDKs/iPhoneSimulator26.5.sdk -target arm64-apple-ios17.0-simulator -g -module-cache-path /Users/runner/work/Album-Prag/Album-Prag/DerivedData/ModuleCache.noindex -Xfrontend -serialize-debugging-options -application-extension -enable-testing -index-store-path /Users/runner/work/Album-Prag/Album-Prag/DerivedData/Index.noindex/DataStore -Xcc -D_LIBCPP_HARDENING_MODE\=_LIBCPP_HARDENING_MODE_DEBUG -swift-version 5 -I /Users/runner/work/Album-Prag/Album-Prag/DerivedData/Build/Products/Debug-iphonesimulator -F /Users/runner/work/Album-Prag/Album-Prag/DerivedData/Build/Products/Debug-iphonesimulator -c -j3 -enable-batch-mode -incremental -Xcc -ivfsstatcache -Xcc /Users/runner/work/Album-Prag/Album-Prag/DerivedData/SDKStatCaches.noindex/iphonesimulator26.5-23F81a-688ef53f1462e2c8f657fdc38a81448ff45c64a1807a658693f2a61704f17a36.sdkstatcache -output-file-map /Users/runner/work/Album-Prag/Album-Prag/DerivedData/Build/Intermediates.noindex/Album.build/Debug-iphonesimulator/AlbumShare.build/Objects-normal/arm64/AlbumShare-OutputFileMap.json -use-frontend-parseable-output -save-temps -no-color-diagnostics -explicit-module-build -module-cache-path /Users/runner/work/Album-Prag/Album-Prag/DerivedData/Build/Intermediates.noindex/SwiftExplicitPrecompiledModules -clang-scanner-module-cache-path /Users/runner/work/Album-Prag/Album-Prag/DerivedData/ModuleCache.noindex -sdk-module-cache-path /Users/runner/work/Album-Prag/Album-Prag/DerivedData/ModuleCache.noindex -serialize-diagnostics -emit-dependencies -emit-module -emit-module-path /Users/runner/work/Album-Prag/Album-Prag/DerivedData/Build/Intermediates.noindex/Album.build/Debug-iphonesimulator/AlbumShare.build/Objects-normal/arm64/AlbumShare.swiftmodule -validate-clang-modules-once -clang-build-session-file /Users/runner/work/Album-Prag/Album-Prag/DerivedData/ModuleCache.noindex/Session.modulevalidation -Xcc -I/Users/runner/work/Album-Prag/Album-Prag/DerivedData/Build/Intermediates.noindex/Album.build/Debug-iphonesimulator/AlbumShare.build/swift-overrides.hmap -emit-const-values -Xfrontend -const-gather-protocols-file -Xfrontend /Users/runner/work/Album-Prag/Album-Prag/DerivedData/Build/Intermediates.noindex/Album.build/Debug-iphonesimulator/AlbumShare.build/Objects-normal/arm64/AlbumShare_const_extract_protocols.json -Xcc -iquote -Xcc /Users/runner/work/Album-Prag/Album-Prag/DerivedData/Build/Intermediates.noindex/Album.build/Debug-iphonesimulator/AlbumShare.build/AlbumShare-generated-files.hmap -Xcc -I/Users/runner/work/Album-Prag/Album-Prag/DerivedData/Build/Intermediates.noindex/Album.build/Debug-iphonesimulator/AlbumShare.build/AlbumShare-own-target-headers.hmap -Xcc -I/Users/runner/work/Album-Prag/Album-Prag/DerivedData/Build/Intermediates.noindex/Album.build/Debug-iphonesimulator/AlbumShare.build/AlbumShare-all-non-framework-target-headers.hmap -Xcc -ivfsoverlay -Xcc /Users/runner/work/Album-Prag/Album-Prag/DerivedData/Build/Intermediates.noindex/Album.build/Debug-iphonesimulator/Album-59f78f5c0bff10c2956812cb85339bbd-VFS-iphonesimulator/all-product-headers.yaml -Xcc -iquote -Xcc /Users/runner/work/Album-Prag/Album-Prag/DerivedData/Build/Intermediates.noindex/Album.build/Debug-iphonesimulator/AlbumShare.build/AlbumShare-project-headers.hmap -Xcc -I/Users/runner/work/Album-Prag/Album-Prag/DerivedData/Build/Products/Debug-iphonesimulator/include -Xcc -I/Users/runner/work/Album-Prag/Album-Prag/DerivedData/Build/Intermediates.noindex/Album.build/Debug-iphonesimulator/AlbumShare.build/DerivedSources-normal/arm64 -Xcc -I/Users/runner/work/Album-Prag/Album-Prag/DerivedData/Build/Intermediates.noindex/Album.build/Debug-iphonesimulator/AlbumShare.build/DerivedSources/arm64 -Xcc -I/Users/runner/work/Album-Prag/Album-Prag/DerivedData/Build/Intermediates.noindex/Album.build/Debug-iphonesimulator/AlbumShare.build/DerivedSources -Xcc -DDEBUG\=1 -emit-objc-header -emit-objc-header-path /Users/runner/work/Album-Prag/Album-Prag/DerivedData/Build/Intermediates.noindex/Album.build/Debug-iphonesimulator/AlbumShare.build/Objects-normal/arm64/AlbumShare-Swift.h -working-directory /Users/runner/work/Album-Prag/Album-Prag -experimental-emit-module-separately -disable-cmo

Ld /Users/runner/work/Album-Prag/Album-Prag/DerivedData/Build/Products/Debug-iphonesimulator/AlbumShare.appex/AlbumShare.debug.dylib normal (in target 'AlbumShare' from project 'Album')
    cd /Users/runner/work/Album-Prag/Album-Prag
    /Applications/Xcode_26.6.app/Contents/Developer/Toolchains/XcodeDefault.xctoolchain/usr/bin/clang -Xlinker -reproducible -target arm64-apple-ios17.0-simulator -dynamiclib -isysroot /Applications/Xcode_26.6.app/Contents/Developer/Platforms/iPhoneSimulator.platform/Developer/SDKs/iPhoneSimulator26.5.sdk -O0 -L/Users/runner/work/Album-Prag/Album-Prag/DerivedData/Build/Intermediates.noindex/EagerLinkingTBDs/Debug-iphonesimulator -L/Users/runner/work/Album-Prag/Album-Prag/DerivedData/Build/Products/Debug-iphonesimulator -F/Users/runner/work/Album-Prag/Album-Prag/DerivedData/Build/Intermediates.noindex/EagerLinkingTBDs/Debug-iphonesimulator -F/Users/runner/work/Album-Prag/Album-Prag/DerivedData/Build/Products/Debug-iphonesimulator -filelist /Users/runner/work/Album-Prag/Album-Prag/DerivedData/Build/Intermediates.noindex/Album.build/Debug-iphonesimulator/AlbumShare.build/Objects-normal/arm64/AlbumShare.LinkFileList -install_name @rpath/AlbumShare.debug.dylib -Xlinker -rpath -Xlinker /usr/lib/swift -Xlinker -rpath -Xlinker @executable_path/Frameworks -Xlinker -rpath -Xlinker @executable_path/../../Frameworks -Xlinker -dead_strip -Xlinker -object_path_lto -Xlinker /Users/runner/work/Album-Prag/Album-Prag/DerivedData/Build/Intermediates.noindex/Album.build/Debug-iphonesimulator/AlbumShare.build/Objects-normal/arm64/AlbumShare_lto.o -rdynamic -Xlinker -no_deduplicate -Xlinker -objc_abi_version -Xlinker 2 -Xlinker -dependency_info -Xlinker /Users/runner/work/Album-Prag/Album-Prag/DerivedData/Build/Intermediates.noindex/Album.build/Debug-iphonesimulator/AlbumShare.build/Objects-normal/arm64/AlbumShare_dependency_info.dat -fapplication-extension -fobjc-link-runtime -L/Applications/Xcode_26.6.app/Contents/Developer/Toolchains/XcodeDefault.xctoolchain/usr/lib/swift/iphonesimulator -L/usr/lib/swift -Xlinker -add_ast_path -Xlinker /Users/runner/work/Album-Prag/Album-Prag/DerivedData/Build/Intermediates.noindex/Album.build/Debug-iphonesimulator/AlbumShare.build/Objects-normal/arm64/AlbumShare.swiftmodule @/Users/runner/work/Album-Prag/Album-Prag/DerivedData/Build/Intermediates.noindex/Album.build/Debug-iphonesimulator/AlbumShare.build/Objects-normal/arm64/AlbumShare-linker-args.resp -Xlinker -alias -Xlinker _NSExtensionMain -Xlinker ___debug_main_executable_dylib_entry_point -Xlinker -no_adhoc_codesign -o /Users/runner/work/Album-Prag/Album-Prag/DerivedData/Build/Products/Debug-iphonesimulator/AlbumShare.appex/AlbumShare.debug.dylib

SwiftDriverJobDiscovery normal arm64 Compiling Exports.swift (in target 'XCTestDynamicOverlay' from project 'xctest-dynamic-overlay')

SwiftDriver\ Compilation XCTestDynamicOverlay normal arm64 com.apple.xcode.tools.swift.compiler (in target 'XCTestDynamicOverlay' from project 'xctest-dynamic-overlay')
    cd /Users/runner/work/Album-Prag/Album-Prag/Album.xcodeproj
    builtin-Swift-Compilation -- /Applications/Xcode_26.6.app/Contents/Developer/Toolchains/XcodeDefault.xctoolchain/usr/bin/swiftc -module-name XCTestDynamicOverlay -Onone @/Users/runner/work/Album-Prag/Album-Prag/DerivedData/Build/Intermediates.noindex/xctest-dynamic-overlay.build/Debug-iphonesimulator/XCTestDynamicOverlay.build/Objects-normal/arm64/XCTestDynamicOverlay.SwiftFileList -DSWIFT_PACKAGE -DDEBUG -DSWIFT_MODULE_RESOURCE_BUNDLE_UNAVAILABLE -DXcode -enable-upcoming-feature ExistentialAny -enable-upcoming-feature ImmutableWeakCaptures -enable-upcoming-feature InferIsolatedConformances -enable-upcoming-feature InternalImportsByDefault -enable-upcoming-feature MemberImportVisibility -enable-upcoming-feature NonisolatedNonsendingByDefault -plugin-path /Applications/Xcode_26.6.app/Contents/Developer/Toolchains/XcodeDefault.xctoolchain/usr/lib/swift/host/plugins/testing -enable-experimental-feature DebugDescriptionMacro -sdk /Applications/Xcode_26.6.app/Contents/Developer/Platforms/iPhoneSimulator.platform/Developer/SDKs/iPhoneSimulator26.5.sdk -target arm64-apple-ios13.0-simulator -g -module-cache-path /Users/runner/work/Album-Prag/Album-Prag/DerivedData/ModuleCache.noindex -Xfrontend -serialize-debugging-options -enable-testing -suppress-warnings -index-store-path /Users/runner/work/Album-Prag/Album-Prag/DerivedData/Index.noindex/DataStore -Xcc -D_LIBCPP_HARDENING_MODE\=_LIBCPP_HARDENING_MODE_DEBUG -swift-version 6 -I /Users/runner/work/Album-Prag/Album-Prag/DerivedData/Build/Products/Debug-iphonesimulator -Isystem /Applications/Xcode_26.6.app/Contents/Developer/Platforms/iPhoneSimulator.platform/Developer/usr/lib -F /Users/runner/work/Album-Prag/Album-Prag/DerivedData/Build/Products/Debug-iphonesimulator/PackageFrameworks -F /Users/runner/work/Album-Prag/Album-Prag/DerivedData/Build/Products/Debug-iphonesimulator -F /Applications/Xcode_26.6.app/Contents/Developer/Platforms/iPhoneSimulator.platform/Developer/Library/Frameworks -F /Applications/Xcode_26.6.app/Contents/Developer/Platforms/iPhoneSimulator.platform/Developer/SDKs/iPhoneSimulator26.5.sdk/Developer/Library/Frameworks -c -j3 -enable-batch-mode -incremental -Xcc -ivfsstatcache -Xcc /Users/runner/work/Album-Prag/Album-Prag/DerivedData/SDKStatCaches.noindex/iphonesimulator26.5-23F81a-688ef53f1462e2c8f657fdc38a81448ff45c64a1807a658693f2a61704f17a36.sdkstatcache -output-file-map /Users/runner/work/Album-Prag/Album-Prag/DerivedData/Build/Intermediates.noindex/xctest-dynamic-overlay.build/Debug-iphonesimulator/XCTestDynamicOverlay.build/Objects-normal/arm64/XCTestDynamicOverlay-OutputFileMap.json -use-frontend-parseable-output -save-temps -no-color-diagnostics -explicit-module-build -module-cache-path /Users/runner/work/Album-Prag/Album-Prag/DerivedData/Build/Intermediates.noindex/SwiftExplicitPrecompiledModules -clang-scanner-module-cache-path /Users/runner/work/Album-Prag/Album-Prag/DerivedData/ModuleCache.noindex -sdk-module-cache-path /Users/runner/work/Album-Prag/Album-Prag/DerivedData/ModuleCache.noindex -serialize-diagnostics -emit-dependencies -emit-module -emit-module-path /Users/runner/work/Album-Prag/Album-Prag/DerivedData/Build/Intermediates.noindex/xctest-dynamic-overlay.build/Debug-iphonesimulator/XCTestDynamicOverlay.build/Objects-normal/arm64/XCTestDynamicOverlay.swiftmodule -user-module-version 1.13.1 -validate-clang-modules-once -clang-build-session-file /Users/runner/work/Album-Prag/Album-Prag/DerivedData/ModuleCache.noindex/Session.modulevalidation -package-name xctest_dynamic_overlay -Xcc -I/Users/runner/work/Album-Prag/Album-Prag/DerivedData/Build/Intermediates.noindex/xctest-dynamic-overlay.build/Debug-iphonesimulator/XCTestDynamicOverlay.build/swift-overrides.hmap -emit-const-values -Xfrontend -const-gather-protocols-file -Xfrontend /Users/runner/work/Album-Prag/Album-Prag/DerivedData/Build/Intermediates.noindex/xctest-dynamic-overlay.build/Debug-iphonesimulator/XCTestDynamicOverlay.build/Objects-normal/arm64/XCTestDynamicOverlay_const_extract_protocols.json -Xcc -I/Users/runner/work/Album-Prag/Album-Prag/DerivedData/Build/Products/Debug-iphonesimulator/include -Xcc -I/Users/runner/work/Album-Prag/Album-Prag/DerivedData/Build/Intermediates.noindex/xctest-dynamic-overlay.build/Debug-iphonesimulator/XCTestDynamicOverlay.build/DerivedSources-normal/arm64 -Xcc -I/Users/runner/work/Album-Prag/Album-Prag/DerivedData/Build/Intermediates.noindex/xctest-dynamic-overlay.build/Debug-iphonesimulator/XCTestDynamicOverlay.build/DerivedSources/arm64 -Xcc -I/Users/runner/work/Album-Prag/Album-Prag/DerivedData/Build/Intermediates.noindex/xctest-dynamic-overlay.build/Debug-iphonesimulator/XCTestDynamicOverlay.build/DerivedSources -Xcc -DSWIFT_PACKAGE -Xcc -DDEBUG\=1 -emit-objc-header -emit-objc-header-path /Users/runner/work/Album-Prag/Album-Prag/DerivedData/Build/Intermediates.noindex/xctest-dynamic-overlay.build/Debug-iphonesimulator/XCTestDynamicOverlay.build/Objects-normal/arm64/XCTestDynamicOverlay-Swift.h -working-directory /Users/runner/work/Album-Prag/Album-Prag/Album.xcodeproj -experimental-emit-module-separately -disable-cmo

Ld /Users/runner/work/Album-Prag/Album-Prag/DerivedData/Build/Products/Debug-iphonesimulator/XCTestDynamicOverlay.o normal (in target 'XCTestDynamicOverlay' from project 'xctest-dynamic-overlay')
    cd /Users/runner/work/Album-Prag/Album-Prag/DerivedData/SourcePackages/checkouts/xctest-dynamic-overlay
    /Applications/Xcode_26.6.app/Contents/Developer/Toolchains/XcodeDefault.xctoolchain/usr/bin/clang -Xlinker -reproducible -target arm64-apple-ios13.0-simulator -r -isysroot /Applications/Xcode_26.6.app/Contents/Developer/Platforms/iPhoneSimulator.platform/Developer/SDKs/iPhoneSimulator26.5.sdk -O0 -w -F/Users/runner/work/Album-Prag/Album-Prag/DerivedData/Build/Intermediates.noindex/EagerLinkingTBDs/Debug-iphonesimulator -F/Users/runner/work/Album-Prag/Album-Prag/DerivedData/Build/Products/Debug-iphonesimulator/PackageFrameworks -F/Users/runner/work/Album-Prag/Album-Prag/DerivedData/Build/Products/Debug-iphonesimulator -iframework /Applications/Xcode_26.6.app/Contents/Developer/Platforms/iPhoneSimulator.platform/Developer/Library/Frameworks -iframework /Applications/Xcode_26.6.app/Contents/Developer/Platforms/iPhoneSimulator.platform/Developer/SDKs/iPhoneSimulator26.5.sdk/Developer/Library/Frameworks -filelist /Users/runner/work/Album-Prag/Album-Prag/DerivedData/Build/Intermediates.noindex/xctest-dynamic-overlay.build/Debug-iphonesimulator/XCTestDynamicOverlay.build/Objects-normal/arm64/XCTestDynamicOverlay.LinkFileList -nostdlib -Xlinker -object_path_lto -Xlinker /Users/runner/work/Album-Prag/Album-Prag/DerivedData/Build/Intermediates.noindex/xctest-dynamic-overlay.build/Debug-iphonesimulator/XCTestDynamicOverlay.build/Objects-normal/arm64/XCTestDynamicOverlay_lto.o -Xlinker -no_deduplicate -Xlinker -objc_abi_version -Xlinker 2 -Xlinker -dependency_info -Xlinker /Users/runner/work/Album-Prag/Album-Prag/DerivedData/Build/Intermediates.noindex/xctest-dynamic-overlay.build/Debug-iphonesimulator/XCTestDynamicOverlay.build/Objects-normal/arm64/XCTestDynamicOverlay_dependency_info.dat -fobjc-link-runtime -L/Applications/Xcode_26.6.app/Contents/Developer/Toolchains/XcodeDefault.xctoolchain/usr/lib/swift/iphonesimulator -L/usr/lib/swift -Xlinker -add_ast_path -Xlinker /Users/runner/work/Album-Prag/Album-Prag/DerivedData/Build/Intermediates.noindex/xctest-dynamic-overlay.build/Debug-iphonesimulator/XCTestDynamicOverlay.build/Objects-normal/arm64/XCTestDynamicOverlay.swiftmodule @/Users/runner/work/Album-Prag/Album-Prag/DerivedData/Build/Intermediates.noindex/xctest-dynamic-overlay.build/Debug-iphonesimulator/XCTestDynamicOverlay.build/Objects-normal/arm64/XCTestDynamicOverlay-linker-args.resp -o /Users/runner/work/Album-Prag/Album-Prag/DerivedData/Build/Products/Debug-iphonesimulator/XCTestDynamicOverlay.o

ExtractAppIntentsMetadata (in target 'XCTestDynamicOverlay' from project 'xctest-dynamic-overlay')
    cd /Users/runner/work/Album-Prag/Album-Prag/DerivedData/SourcePackages/checkouts/xctest-dynamic-overlay
    /Applications/Xcode_26.6.app/Contents/Developer/Toolchains/XcodeDefault.xctoolchain/usr/bin/appintentsmetadataprocessor --toolchain-dir /var/run/com.apple.security.cryptexd/mnt/com.apple.MobileAsset.MetalToolchain-v17.6.109.0.3IcKNH/Metal.xctoolchain --module-name XCTestDynamicOverlay --sdk-root /Applications/Xcode_26.6.app/Contents/Developer/Platforms/iPhoneSimulator.platform/Developer/SDKs/iPhoneSimulator26.5.sdk --xcode-version 17F113 --platform-family iOS --deployment-target 13.0 --bundle-identifier xctest-dynamic-overlay.XCTestDynamicOverlay --output /Users/runner/work/Album-Prag/Album-Prag/DerivedData/Build/Products/Debug-iphonesimulator/XCTestDynamicOverlay.appintents --target-triple arm64-apple-ios13.0-simulator --binary-file /Users/runner/work/Album-Prag/Album-Prag/DerivedData/Build/Products/Debug-iphonesimulator/XCTestDynamicOverlay.o --dependency-file /Users/runner/work/Album-Prag/Album-Prag/DerivedData/Build/Intermediates.noindex/xctest-dynamic-overlay.build/Debug-iphonesimulator/XCTestDynamicOverlay.build/Objects-normal/arm64/XCTestDynamicOverlay_dependency_info.dat --stringsdata-file /Users/runner/work/Album-Prag/Album-Prag/DerivedData/Build/Intermediates.noindex/xctest-dynamic-overlay.build/Debug-iphonesimulator/XCTestDynamicOverlay.build/Objects-normal/arm64/ExtractedAppShortcutsMetadata.stringsdata --source-file-list /Users/runner/work/Album-Prag/Album-Prag/DerivedData/Build/Intermediates.noindex/xctest-dynamic-overlay.build/Debug-iphonesimulator/XCTestDynamicOverlay.build/Objects-normal/arm64/XCTestDynamicOverlay.SwiftFileList --metadata-file-list /Users/runner/work/Album-Prag/Album-Prag/DerivedData/Build/Intermediates.noindex/xctest-dynamic-overlay.build/Debug-iphonesimulator/XCTestDynamicOverlay.build/XCTestDynamicOverlay.DependencyMetadataFileList --static-metadata-file-list /Users/runner/work/Album-Prag/Album-Prag/DerivedData/Build/Intermediates.noindex/xctest-dynamic-overlay.build/Debug-iphonesimulator/XCTestDynamicOverlay.build/XCTestDynamicOverlay.DependencyStaticMetadataFileList --swift-const-vals-list /Users/runner/work/Album-Prag/Album-Prag/DerivedData/Build/Intermediates.noindex/xctest-dynamic-overlay.build/Debug-iphonesimulator/XCTestDynamicOverlay.build/Objects-normal/arm64/XCTestDynamicOverlay.SwiftConstValuesFileList --force --compile-time-extraction --deployment-aware-processing --validate-assistant-intents --no-app-shortcuts-localization
2026-10-05 12:41:08.833 appintentsmetadataprocessor[6570:29619] Starting appintentsmetadataprocessor export
2026-10-05 12:41:08.882 appintentsmetadataprocessor[6570:29619] Extracted no relevant App Intents symbols, skipping writing output

SwiftExplicitDependencyGeneratePcm arm64 /Users/runner/work/Album-Prag/Album-Prag/DerivedData/ModuleCache.noindex/CoreVideo-DQ0WK6EY98QXWWON87Q7QYFRU.pcm

RegisterExecutionPolicyException /Users/runner/work/Album-Prag/Album-Prag/DerivedData/Build/Products/Debug-iphonesimulator/XCTestDynamicOverlay.o (in target 'XCTestDynamicOverlay' from project 'xctest-dynamic-overlay')
    cd /Users/runner/work/Album-Prag/Album-Prag/DerivedData/SourcePackages/checkouts/xctest-dynamic-overlay
    builtin-RegisterExecutionPolicyException /Users/runner/work/Album-Prag/Album-Prag/DerivedData/Build/Products/Debug-iphonesimulator/XCTestDynamicOverlay.o

SwiftExplicitDependencyGeneratePcm arm64 /Users/runner/work/Album-Prag/Album-Prag/DerivedData/ModuleCache.noindex/CoreImage-Q51EGSD047HNS2MT9FAXIDGB.pcm

SwiftExplicitDependencyGeneratePcm arm64 /Users/runner/work/Album-Prag/Album-Prag/DerivedData/ModuleCache.noindex/QuartzCore-CENGRS5UAPGDHGACULQ1XO06F.pcm

SwiftExplicitDependencyGeneratePcm arm64 /Users/runner/work/Album-Prag/Album-Prag/DerivedData/ModuleCache.noindex/SwiftUICore-CX0CKF14JF8XDAPK7HPDFHL7Y.pcm

ConstructStubExecutorLinkFileList /Users/runner/work/Album-Prag/Album-Prag/DerivedData/Build/Intermediates.noindex/Album.build/Debug-iphonesimulator/AlbumShare.build/AlbumShare-ExecutorLinkFileList-normal-arm64.txt (in target 'AlbumShare' from project 'Album')
    cd /Users/runner/work/Album-Prag/Album-Prag
    construct-stub-executor-link-file-list /Users/runner/work/Album-Prag/Album-Prag/DerivedData/Build/Products/Debug-iphonesimulator/AlbumShare.appex/AlbumShare.debug.dylib /Applications/Xcode_26.6.app/Contents/Developer/Platforms/iPhoneSimulator.platform/Developer/usr/lib/libPreviewsJITStubExecutor_no_swift_entry_point.a /Applications/Xcode_26.6.app/Contents/Developer/Platforms/iPhoneSimulator.platform/Developer/usr/lib/libPreviewsJITStubExecutor.a --output /Users/runner/work/Album-Prag/Album-Prag/DerivedData/Build/Intermediates.noindex/Album.build/Debug-iphonesimulator/AlbumShare.build/AlbumShare-ExecutorLinkFileList-normal-arm64.txt
note: Using stub executor library without Swift entry point. (in target 'AlbumShare' from project 'Album')

Ld /Users/runner/work/Album-Prag/Album-Prag/DerivedData/Build/Products/Debug-iphonesimulator/AlbumShare.appex/AlbumShare normal (in target 'AlbumShare' from project 'Album')
    cd /Users/runner/work/Album-Prag/Album-Prag
    /Applications/Xcode_26.6.app/Contents/Developer/Toolchains/XcodeDefault.xctoolchain/usr/bin/clang -Xlinker -reproducible -target arm64-apple-ios17.0-simulator -isysroot /Applications/Xcode_26.6.app/Contents/Developer/Platforms/iPhoneSimulator.platform/Developer/SDKs/iPhoneSimulator26.5.sdk -O0 -L/Users/runner/work/Album-Prag/Album-Prag/DerivedData/Build/Products/Debug-iphonesimulator -F/Users/runner/work/Album-Prag/Album-Prag/DerivedData/Build/Products/Debug-iphonesimulator -Xlinker -rpath -Xlinker @executable_path -Xlinker -rpath -Xlinker @executable_path/Frameworks -Xlinker -rpath -Xlinker @executable_path/../../Frameworks -rdynamic -Xlinker -no_deduplicate -Xlinker -objc_abi_version -Xlinker 2 -e ___debug_blank_executor_main -Xlinker -sectcreate -Xlinker __TEXT -Xlinker __debug_dylib -Xlinker /Users/runner/work/Album-Prag/Album-Prag/DerivedData/Build/Intermediates.noindex/Album.build/Debug-iphonesimulator/AlbumShare.build/AlbumShare-DebugDylibPath-normal-arm64.txt -Xlinker -sectcreate -Xlinker __TEXT -Xlinker __debug_entry -Xlinker /Users/runner/work/Album-Prag/Album-Prag/DerivedData/Build/Intermediates.noindex/Album.build/Debug-iphonesimulator/AlbumShare.build/AlbumShare-DebugEntryPoint-normal-arm64.txt -Xlinker -sectcreate -Xlinker __TEXT -Xlinker __debug_instlnm -Xlinker /Users/runner/work/Album-Prag/Album-Prag/DerivedData/Build/Intermediates.noindex/Album.build/Debug-iphonesimulator/AlbumShare.build/AlbumShare-DebugDylibInstallName-normal-arm64.txt -Xlinker -filelist -Xlinker /Users/runner/work/Album-Prag/Album-Prag/DerivedData/Build/Intermediates.noindex/Album.build/Debug-iphonesimulator/AlbumShare.build/AlbumShare-ExecutorLinkFileList-normal-arm64.txt -Xlinker -sectcreate -Xlinker __TEXT -Xlinker __entitlements -Xlinker /Users/runner/work/Album-Prag/Album-Prag/DerivedData/Build/Intermediates.noindex/Album.build/Debug-iphonesimulator/AlbumShare.build/AlbumShare.appex-Simulated.xcent -Xlinker -sectcreate -Xlinker __TEXT -Xlinker __ents_der -Xlinker /Users/runner/work/Album-Prag/Album-Prag/DerivedData/Build/Intermediates.noindex/Album.build/Debug-iphonesimulator/AlbumShare.build/AlbumShare.appex-Simulated.xcent.der /Users/runner/work/Album-Prag/Album-Prag/DerivedData/Build/Products/Debug-iphonesimulator/AlbumShare.appex/AlbumShare.debug.dylib -Xlinker -no_adhoc_codesign -o /Users/runner/work/Album-Prag/Album-Prag/DerivedData/Build/Products/Debug-iphonesimulator/AlbumShare.appex/AlbumShare

SwiftExplicitDependencyGeneratePcm arm64 /Users/runner/work/Album-Prag/Album-Prag/DerivedData/ModuleCache.noindex/UIKit-6JVX8BDUPNLHY2UCYWMAATF1V.pcm

ExtractAppIntentsMetadata (in target 'AlbumShare' from project 'Album')
    cd /Users/runner/work/Album-Prag/Album-Prag
    /Applications/Xcode_26.6.app/Contents/Developer/Toolchains/XcodeDefault.xctoolchain/usr/bin/appintentsmetadataprocessor --toolchain-dir /var/run/com.apple.security.cryptexd/mnt/com.apple.MobileAsset.MetalToolchain-v17.6.109.0.3IcKNH/Metal.xctoolchain --module-name AlbumShare --sdk-root /Applications/Xcode_26.6.app/Contents/Developer/Platforms/iPhoneSimulator.platform/Developer/SDKs/iPhoneSimulator26.5.sdk --xcode-version 17F113 --platform-family iOS --deployment-target 17.0 --bundle-identifier de.privatealbum.prague.share --output /Users/runner/work/Album-Prag/Album-Prag/DerivedData/Build/Products/Debug-iphonesimulator/AlbumShare.appex --target-triple arm64-apple-ios17.0-simulator --binary-file /Users/runner/work/Album-Prag/Album-Prag/DerivedData/Build/Products/Debug-iphonesimulator/AlbumShare.appex/AlbumShare --dependency-file /Users/runner/work/Album-Prag/Album-Prag/DerivedData/Build/Intermediates.noindex/Album.build/Debug-iphonesimulator/AlbumShare.build/Objects-normal/arm64/AlbumShare_dependency_info.dat --stringsdata-file /Users/runner/work/Album-Prag/Album-Prag/DerivedData/Build/Intermediates.noindex/Album.build/Debug-iphonesimulator/AlbumShare.build/Objects-normal/arm64/ExtractedAppShortcutsMetadata.stringsdata --source-file-list /Users/runner/work/Album-Prag/Album-Prag/DerivedData/Build/Intermediates.noindex/Album.build/Debug-iphonesimulator/AlbumShare.build/Objects-normal/arm64/AlbumShare.SwiftFileList --metadata-file-list /Users/runner/work/Album-Prag/Album-Prag/DerivedData/Build/Intermediates.noindex/Album.build/Debug-iphonesimulator/AlbumShare.build/AlbumShare.DependencyMetadataFileList --static-metadata-file-list /Users/runner/work/Album-Prag/Album-Prag/DerivedData/Build/Intermediates.noindex/Album.build/Debug-iphonesimulator/AlbumShare.build/AlbumShare.DependencyStaticMetadataFileList --swift-const-vals-list /Users/runner/work/Album-Prag/Album-Prag/DerivedData/Build/Intermediates.noindex/Album.build/Debug-iphonesimulator/AlbumShare.build/Objects-normal/arm64/AlbumShare.SwiftConstValuesFileList --compile-time-extraction --deployment-aware-processing --validate-assistant-intents --no-app-shortcuts-localization
2026-10-05 12:41:09.236 appintentsmetadataprocessor[6578:29639] Starting appintentsmetadataprocessor export
2026-10-05 12:41:09.237 appintentsmetadataprocessor[6578:29639] warning: Metadata extraction skipped. No AppIntents.framework dependency found.

AppIntentsSSUTraining (in target 'AlbumShare' from project 'Album')
    cd /Users/runner/work/Album-Prag/Album-Prag
    /Applications/Xcode_26.6.app/Contents/Developer/Toolchains/XcodeDefault.xctoolchain/usr/bin/appintentsnltrainingprocessor --infoplist-path /Users/runner/work/Album-Prag/Album-Prag/DerivedData/Build/Products/Debug-iphonesimulator/AlbumShare.appex/Info.plist --temp-dir-path /Users/runner/work/Album-Prag/Album-Prag/DerivedData/Build/Intermediates.noindex/Album.build/Debug-iphonesimulator/AlbumShare.build/ssu --bundle-id de.privatealbum.prague.share --product-path /Users/runner/work/Album-Prag/Album-Prag/DerivedData/Build/Products/Debug-iphonesimulator/AlbumShare.appex --extracted-metadata-path /Users/runner/work/Album-Prag/Album-Prag/DerivedData/Build/Products/Debug-iphonesimulator/AlbumShare.appex/Metadata.appintents --metadata-file-list /Users/runner/work/Album-Prag/Album-Prag/DerivedData/Build/Intermediates.noindex/Album.build/Debug-iphonesimulator/AlbumShare.build/AlbumShare.DependencyMetadataFileList --source-file /Users/runner/work/Album-Prag/Album-Prag/DerivedData/Build/Products/Debug-iphonesimulator/AlbumShare.appex/Info.plist --archive-ssu-assets
2026-10-05 12:41:09.274 appintentsnltrainingprocessor[6579:29640] Parsing options for appintentsnltrainingprocessor
2026-10-05 12:41:09.274 appintentsnltrainingprocessor[6579:29640] Starting AppIntents SSU YAML Generation
2026-10-05 12:41:09.279 appintentsnltrainingprocessor[6579:29640] No AppShortcuts found - Skipping.

CodeSign /Users/runner/work/Album-Prag/Album-Prag/DerivedData/Build/Products/Debug-iphonesimulator/AlbumShare.appex/AlbumShare.debug.dylib (in target 'AlbumShare' from project 'Album')
    cd /Users/runner/work/Album-Prag/Album-Prag
    
    Signing Identity:     "Sign to Run Locally"
    
    /usr/bin/codesign --force --sign - --timestamp\=none --generate-entitlement-der /Users/runner/work/Album-Prag/Album-Prag/DerivedData/Build/Products/Debug-iphonesimulator/AlbumShare.appex/AlbumShare.debug.dylib

CodeSign /Users/runner/work/Album-Prag/Album-Prag/DerivedData/Build/Products/Debug-iphonesimulator/AlbumShare.appex/__preview.dylib (in target 'AlbumShare' from project 'Album')
    cd /Users/runner/work/Album-Prag/Album-Prag
    
    Signing Identity:     "Sign to Run Locally"
    
    /usr/bin/codesign --force --sign - --timestamp\=none --generate-entitlement-der /Users/runner/work/Album-Prag/Album-Prag/DerivedData/Build/Products/Debug-iphonesimulator/AlbumShare.appex/__preview.dylib

CodeSign /Users/runner/work/Album-Prag/Album-Prag/DerivedData/Build/Products/Debug-iphonesimulator/AlbumShare.appex (in target 'AlbumShare' from project 'Album')
    cd /Users/runner/work/Album-Prag/Album-Prag
    
    Signing Identity:     "Sign to Run Locally"
    
    /usr/bin/codesign --force --sign - --entitlements /Users/runner/work/Album-Prag/Album-Prag/DerivedData/Build/Intermediates.noindex/Album.build/Debug-iphonesimulator/AlbumShare.build/AlbumShare.appex.xcent --timestamp\=none --generate-entitlement-der /Users/runner/work/Album-Prag/Album-Prag/DerivedData/Build/Products/Debug-iphonesimulator/AlbumShare.appex

RegisterExecutionPolicyException /Users/runner/work/Album-Prag/Album-Prag/DerivedData/Build/Products/Debug-iphonesimulator/AlbumShare.appex (in target 'AlbumShare' from project 'Album')
    cd /Users/runner/work/Album-Prag/Album-Prag
    builtin-RegisterExecutionPolicyException /Users/runner/work/Album-Prag/Album-Prag/DerivedData/Build/Products/Debug-iphonesimulator/AlbumShare.appex

Touch /Users/runner/work/Album-Prag/Album-Prag/DerivedData/Build/Products/Debug-iphonesimulator/AlbumShare.appex (in target 'AlbumShare' from project 'Album')
    cd /Users/runner/work/Album-Prag/Album-Prag
    /usr/bin/touch -c /Users/runner/work/Album-Prag/Album-Prag/DerivedData/Build/Products/Debug-iphonesimulator/AlbumShare.appex

SwiftExplicitDependencyGeneratePcm arm64 /Users/runner/work/Album-Prag/Album-Prag/DerivedData/ModuleCache.noindex/SwiftUI-9N61U4AYU4MA8SN44MFZRKX3M.pcm

SwiftEmitModule normal arm64 Emitting\ module\ for\ Clocks (in target 'Clocks' from project 'swift-clocks')

EmitSwiftModule normal arm64 (in target 'Clocks' from project 'swift-clocks')
    cd /Users/runner/work/Album-Prag/Album-Prag/Album.xcodeproj
    

SwiftCompile normal arm64 Compiling\ _AsyncTimerSequence.swift,\ SwiftUI.swift,\ TestClock.swift /Users/runner/work/Album-Prag/Album-Prag/DerivedData/SourcePackages/checkouts/swift-clocks/Sources/Clocks/Internal/_AsyncTimerSequence.swift /Users/runner/work/Album-Prag/Album-Prag/DerivedData/SourcePackages/checkouts/swift-clocks/Sources/Clocks/SwiftUI.swift /Users/runner/work/Album-Prag/Album-Prag/DerivedData/SourcePackages/checkouts/swift-clocks/Sources/Clocks/TestClock.swift (in target 'Clocks' from project 'swift-clocks')
SwiftCompile normal arm64 /Users/runner/work/Album-Prag/Album-Prag/DerivedData/SourcePackages/checkouts/swift-clocks/Sources/Clocks/Internal/_AsyncTimerSequence.swift (in target 'Clocks' from project 'swift-clocks')
    cd /Users/runner/work/Album-Prag/Album-Prag/Album.xcodeproj
    

SwiftCompile normal arm64 /Users/runner/work/Album-Prag/Album-Prag/DerivedData/SourcePackages/checkouts/swift-clocks/Sources/Clocks/SwiftUI.swift (in target 'Clocks' from project 'swift-clocks')
    cd /Users/runner/work/Album-Prag/Album-Prag/Album.xcodeproj
    

SwiftCompile normal arm64 /Users/runner/work/Album-Prag/Album-Prag/DerivedData/SourcePackages/checkouts/swift-clocks/Sources/Clocks/TestClock.swift (in target 'Clocks' from project 'swift-clocks')
    cd /Users/runner/work/Album-Prag/Album-Prag/Album.xcodeproj
    

SwiftCompile normal arm64 Compiling\ Timer.swift,\ UnimplementedClock.swift /Users/runner/work/Album-Prag/Album-Prag/DerivedData/SourcePackages/checkouts/swift-clocks/Sources/Clocks/Timer.swift /Users/runner/work/Album-Prag/Album-Prag/DerivedData/SourcePackages/checkouts/swift-clocks/Sources/Clocks/UnimplementedClock.swift (in target 'Clocks' from project 'swift-clocks')

SwiftCompile normal arm64 /Users/runner/work/Album-Prag/Album-Prag/DerivedData/SourcePackages/checkouts/swift-clocks/Sources/Clocks/Timer.swift (in target 'Clocks' from project 'swift-clocks')
    cd /Users/runner/work/Album-Prag/Album-Prag/Album.xcodeproj
    

SwiftCompile normal arm64 /Users/runner/work/Album-Prag/Album-Prag/DerivedData/SourcePackages/checkouts/swift-clocks/Sources/Clocks/UnimplementedClock.swift (in target 'Clocks' from project 'swift-clocks')
    cd /Users/runner/work/Album-Prag/Album-Prag/Album.xcodeproj
    

SwiftCompile normal arm64 Compiling\ AnyClock.swift,\ ImmediateClock.swift,\ Lock.swift /Users/runner/work/Album-Prag/Album-Prag/DerivedData/SourcePackages/checkouts/swift-clocks/Sources/Clocks/AnyClock.swift /Users/runner/work/Album-Prag/Album-Prag/DerivedData/SourcePackages/checkouts/swift-clocks/Sources/Clocks/ImmediateClock.swift /Users/runner/work/Album-Prag/Album-Prag/DerivedData/SourcePackages/checkouts/swift-clocks/Sources/Clocks/Internal/Lock.swift (in target 'Clocks' from project 'swift-clocks')

SwiftCompile normal arm64 /Users/runner/work/Album-Prag/Album-Prag/DerivedData/SourcePackages/checkouts/swift-clocks/Sources/Clocks/AnyClock.swift (in target 'Clocks' from project 'swift-clocks')
    cd /Users/runner/work/Album-Prag/Album-Prag/Album.xcodeproj
    

SwiftCompile normal arm64 /Users/runner/work/Album-Prag/Album-Prag/DerivedData/SourcePackages/checkouts/swift-clocks/Sources/Clocks/ImmediateClock.swift (in target 'Clocks' from project 'swift-clocks')
    cd /Users/runner/work/Album-Prag/Album-Prag/Album.xcodeproj
    

SwiftCompile normal arm64 /Users/runner/work/Album-Prag/Album-Prag/DerivedData/SourcePackages/checkouts/swift-clocks/Sources/Clocks/Internal/Lock.swift (in target 'Clocks' from project 'swift-clocks')
    cd /Users/runner/work/Album-Prag/Album-Prag/Album.xcodeproj
    

SwiftDriverJobDiscovery normal arm64 Emitting module for Clocks (in target 'Clocks' from project 'swift-clocks')

SwiftDriver\ Compilation\ Requirements Clocks normal arm64 com.apple.xcode.tools.swift.compiler (in target 'Clocks' from project 'swift-clocks')
    cd /Users/runner/work/Album-Prag/Album-Prag/Album.xcodeproj
    builtin-Swift-Compilation-Requirements -- /Applications/Xcode_26.6.app/Contents/Developer/Toolchains/XcodeDefault.xctoolchain/usr/bin/swiftc -module-name Clocks -Onone @/Users/runner/work/Album-Prag/Album-Prag/DerivedData/Build/Intermediates.noindex/swift-clocks.build/Debug-iphonesimulator/Clocks.build/Objects-normal/arm64/Clocks.SwiftFileList -DSWIFT_PACKAGE -DDEBUG -DSWIFT_MODULE_RESOURCE_BUNDLE_UNAVAILABLE -DXcode -enable-upcoming-feature ExistentialAny -enable-upcoming-feature ImmutableWeakCaptures -enable-upcoming-feature InferIsolatedConformances -enable-upcoming-feature InternalImportsByDefault -enable-upcoming-feature MemberImportVisibility -enable-upcoming-feature NonisolatedNonsendingByDefault -plugin-path /Applications/Xcode_26.6.app/Contents/Developer/Toolchains/XcodeDefault.xctoolchain/usr/lib/swift/host/plugins/testing -enable-experimental-feature DebugDescriptionMacro -sdk /Applications/Xcode_26.6.app/Contents/Developer/Platforms/iPhoneSimulator.platform/Developer/SDKs/iPhoneSimulator26.5.sdk -target arm64-apple-ios13.0-simulator -g -module-cache-path /Users/runner/work/Album-Prag/Album-Prag/DerivedData/ModuleCache.noindex -Xfrontend -serialize-debugging-options -enable-testing -suppress-warnings -index-store-path /Users/runner/work/Album-Prag/Album-Prag/DerivedData/Index.noindex/DataStore -Xcc -D_LIBCPP_HARDENING_MODE\=_LIBCPP_HARDENING_MODE_DEBUG -swift-version 6 -I /Users/runner/work/Album-Prag/Album-Prag/DerivedData/Build/Products/Debug-iphonesimulator -Isystem /Applications/Xcode_26.6.app/Contents/Developer/Platforms/iPhoneSimulator.platform/Developer/usr/lib -F /Users/runner/work/Album-Prag/Album-Prag/DerivedData/Build/Products/Debug-iphonesimulator/PackageFrameworks -F /Users/runner/work/Album-Prag/Album-Prag/DerivedData/Build/Products/Debug-iphonesimulator/PackageFrameworks -F /Users/runner/work/Album-Prag/Album-Prag/DerivedData/Build/Products/Debug-iphonesimulator -F /Applications/Xcode_26.6.app/Contents/Developer/Platforms/iPhoneSimulator.platform/Developer/Library/Frameworks -F /Applications/Xcode_26.6.app/Contents/Developer/Platforms/iPhoneSimulator.platform/Developer/SDKs/iPhoneSimulator26.5.sdk/Developer/Library/Frameworks -c -j3 -enable-batch-mode -incremental -Xcc -ivfsstatcache -Xcc /Users/runner/work/Album-Prag/Album-Prag/DerivedData/SDKStatCaches.noindex/iphonesimulator26.5-23F81a-688ef53f1462e2c8f657fdc38a81448ff45c64a1807a658693f2a61704f17a36.sdkstatcache -output-file-map /Users/runner/work/Album-Prag/Album-Prag/DerivedData/Build/Intermediates.noindex/swift-clocks.build/Debug-iphonesimulator/Clocks.build/Objects-normal/arm64/Clocks-OutputFileMap.json -use-frontend-parseable-output -save-temps -no-color-diagnostics -explicit-module-build -module-cache-path /Users/runner/work/Album-Prag/Album-Prag/DerivedData/Build/Intermediates.noindex/SwiftExplicitPrecompiledModules -clang-scanner-module-cache-path /Users/runner/work/Album-Prag/Album-Prag/DerivedData/ModuleCache.noindex -sdk-module-cache-path /Users/runner/work/Album-Prag/Album-Prag/DerivedData/ModuleCache.noindex -serialize-diagnostics -emit-dependencies -emit-module -emit-module-path /Users/runner/work/Album-Prag/Album-Prag/DerivedData/Build/Intermediates.noindex/swift-clocks.build/Debug-iphonesimulator/Clocks.build/Objects-normal/arm64/Clocks.swiftmodule -user-module-version 1.1.1 -validate-clang-modules-once -clang-build-session-file /Users/runner/work/Album-Prag/Album-Prag/DerivedData/ModuleCache.noindex/Session.modulevalidation -package-name swift_clocks -Xcc -I/Users/runner/work/Album-Prag/Album-Prag/DerivedData/Build/Intermediates.noindex/swift-clocks.build/Debug-iphonesimulator/Clocks.build/swift-overrides.hmap -emit-const-values -Xfrontend -const-gather-protocols-file -Xfrontend /Users/runner/work/Album-Prag/Album-Prag/DerivedData/Build/Intermediates.noindex/swift-clocks.build/Debug-iphonesimulator/Clocks.build/Objects-normal/arm64/Clocks_const_extract_protocols.json -Xcc -I/Users/runner/work/Album-Prag/Album-Prag/DerivedData/Build/Products/Debug-iphonesimulator/include -Xcc -I/Users/runner/work/Album-Prag/Album-Prag/DerivedData/Build/Intermediates.noindex/swift-clocks.build/Debug-iphonesimulator/Clocks.build/DerivedSources-normal/arm64 -Xcc -I/Users/runner/work/Album-Prag/Album-Prag/DerivedData/Build/Intermediates.noindex/swift-clocks.build/Debug-iphonesimulator/Clocks.build/DerivedSources/arm64 -Xcc -I/Users/runner/work/Album-Prag/Album-Prag/DerivedData/Build/Intermediates.noindex/swift-clocks.build/Debug-iphonesimulator/Clocks.build/DerivedSources -Xcc -DSWIFT_PACKAGE -Xcc -DDEBUG\=1 -emit-objc-header -emit-objc-header-path /Users/runner/work/Album-Prag/Album-Prag/DerivedData/Build/Intermediates.noindex/swift-clocks.build/Debug-iphonesimulator/Clocks.build/Objects-normal/arm64/Clocks-Swift.h -working-directory /Users/runner/work/Album-Prag/Album-Prag/Album.xcodeproj -experimental-emit-module-separately -disable-cmo

SwiftDriverJobDiscovery normal arm64 Compiling Timer.swift, UnimplementedClock.swift (in target 'Clocks' from project 'swift-clocks')

SwiftMergeGeneratedHeaders /Users/runner/work/Album-Prag/Album-Prag/DerivedData/Build/Intermediates.noindex/GeneratedModuleMaps-iphonesimulator/Clocks-Swift.h /Users/runner/work/Album-Prag/Album-Prag/DerivedData/Build/Intermediates.noindex/swift-clocks.build/Debug-iphonesimulator/Clocks.build/Objects-normal/arm64/Clocks-Swift.h (in target 'Clocks' from project 'swift-clocks')
    cd /Users/runner/work/Album-Prag/Album-Prag/DerivedData/SourcePackages/checkouts/swift-clocks
    builtin-swiftHeaderTool -arch arm64 /Users/runner/work/Album-Prag/Album-Prag/DerivedData/Build/Intermediates.noindex/swift-clocks.build/Debug-iphonesimulator/Clocks.build/Objects-normal/arm64/Clocks-Swift.h -o /Users/runner/work/Album-Prag/Album-Prag/DerivedData/Build/Intermediates.noindex/GeneratedModuleMaps-iphonesimulator/Clocks-Swift.h

Copy /Users/runner/work/Album-Prag/Album-Prag/DerivedData/Build/Products/Debug-iphonesimulator/Clocks.swiftmodule/arm64-apple-ios-simulator.swiftmodule /Users/runner/work/Album-Prag/Album-Prag/DerivedData/Build/Intermediates.noindex/swift-clocks.build/Debug-iphonesimulator/Clocks.build/Objects-normal/arm64/Clocks.swiftmodule (in target 'Clocks' from project 'swift-clocks')
    cd /Users/runner/work/Album-Prag/Album-Prag/DerivedData/SourcePackages/checkouts/swift-clocks
    builtin-copy -exclude .DS_Store -exclude CVS -exclude .svn -exclude .git -exclude .hg -resolve-src-symlinks -rename /Users/runner/work/Album-Prag/Album-Prag/DerivedData/Build/Intermediates.noindex/swift-clocks.build/Debug-iphonesimulator/Clocks.build/Objects-normal/arm64/Clocks.swiftmodule /Users/runner/work/Album-Prag/Album-Prag/DerivedData/Build/Products/Debug-iphonesimulator/Clocks.swiftmodule/arm64-apple-ios-simulator.swiftmodule

Copy /Users/runner/work/Album-Prag/Album-Prag/DerivedData/Build/Products/Debug-iphonesimulator/Clocks.swiftmodule/arm64-apple-ios-simulator.swiftdoc /Users/runner/work/Album-Prag/Album-Prag/DerivedData/Build/Intermediates.noindex/swift-clocks.build/Debug-iphonesimulator/Clocks.build/Objects-normal/arm64/Clocks.swiftdoc (in target 'Clocks' from project 'swift-clocks')
    cd /Users/runner/work/Album-Prag/Album-Prag/DerivedData/SourcePackages/checkouts/swift-clocks
    builtin-copy -exclude .DS_Store -exclude CVS -exclude .svn -exclude .git -exclude .hg -resolve-src-symlinks -rename /Users/runner/work/Album-Prag/Album-Prag/DerivedData/Build/Intermediates.noindex/swift-clocks.build/Debug-iphonesimulator/Clocks.build/Objects-normal/arm64/Clocks.swiftdoc /Users/runner/work/Album-Prag/Album-Prag/DerivedData/Build/Products/Debug-iphonesimulator/Clocks.swiftmodule/arm64-apple-ios-simulator.swiftdoc

Copy /Users/runner/work/Album-Prag/Album-Prag/DerivedData/Build/Products/Debug-iphonesimulator/Clocks.swiftmodule/arm64-apple-ios-simulator.abi.json /Users/runner/work/Album-Prag/Album-Prag/DerivedData/Build/Intermediates.noindex/swift-clocks.build/Debug-iphonesimulator/Clocks.build/Objects-normal/arm64/Clocks.abi.json (in target 'Clocks' from project 'swift-clocks')
    cd /Users/runner/work/Album-Prag/Album-Prag/DerivedData/SourcePackages/checkouts/swift-clocks
    builtin-copy -exclude .DS_Store -exclude CVS -exclude .svn -exclude .git -exclude .hg -resolve-src-symlinks -rename /Users/runner/work/Album-Prag/Album-Prag/DerivedData/Build/Intermediates.noindex/swift-clocks.build/Debug-iphonesimulator/Clocks.build/Objects-normal/arm64/Clocks.abi.json /Users/runner/work/Album-Prag/Album-Prag/DerivedData/Build/Products/Debug-iphonesimulator/Clocks.swiftmodule/arm64-apple-ios-simulator.abi.json

Copy /Users/runner/work/Album-Prag/Album-Prag/DerivedData/Build/Products/Debug-iphonesimulator/Clocks.swiftmodule/Project/arm64-apple-ios-simulator.swiftsourceinfo /Users/runner/work/Album-Prag/Album-Prag/DerivedData/Build/Intermediates.noindex/swift-clocks.build/Debug-iphonesimulator/Clocks.build/Objects-normal/arm64/Clocks.swiftsourceinfo (in target 'Clocks' from project 'swift-clocks')
    cd /Users/runner/work/Album-Prag/Album-Prag/DerivedData/SourcePackages/checkouts/swift-clocks
    builtin-copy -exclude .DS_Store -exclude CVS -exclude .svn -exclude .git -exclude .hg -resolve-src-symlinks -rename /Users/runner/work/Album-Prag/Album-Prag/DerivedData/Build/Intermediates.noindex/swift-clocks.build/Debug-iphonesimulator/Clocks.build/Objects-normal/arm64/Clocks.swiftsourceinfo /Users/runner/work/Album-Prag/Album-Prag/DerivedData/Build/Products/Debug-iphonesimulator/Clocks.swiftmodule/Project/arm64-apple-ios-simulator.swiftsourceinfo

SwiftDriver Helpers normal arm64 com.apple.xcode.tools.swift.compiler (in target 'Helpers' from project 'Supabase')
    cd /Users/runner/work/Album-Prag/Album-Prag/Album.xcodeproj
    builtin-SwiftDriver -- /Applications/Xcode_26.6.app/Contents/Developer/Toolchains/XcodeDefault.xctoolchain/usr/bin/swiftc -module-name Helpers -Onone @/Users/runner/work/Album-Prag/Album-Prag/DerivedData/Build/Intermediates.noindex/Supabase.build/Debug-iphonesimulator/Helpers.build/Objects-normal/arm64/Helpers.SwiftFileList -DSWIFT_PACKAGE -DDEBUG -DSWIFT_MODULE_RESOURCE_BUNDLE_UNAVAILABLE -DXcode -enable-upcoming-feature ExistentialAny -enable-upcoming-feature ImmutableWeakCaptures -enable-upcoming-feature InferIsolatedConformances -enable-upcoming-feature InternalImportsByDefault -enable-upcoming-feature MemberImportVisibility -plugin-path /Applications/Xcode_26.6.app/Contents/Developer/Toolchains/XcodeDefault.xctoolchain/usr/lib/swift/host/plugins/testing -enable-experimental-feature DebugDescriptionMacro -sdk /Applications/Xcode_26.6.app/Contents/Developer/Platforms/iPhoneSimulator.platform/Developer/SDKs/iPhoneSimulator26.5.sdk -target arm64-apple-ios16.0-simulator -g -module-cache-path /Users/runner/work/Album-Prag/Album-Prag/DerivedData/ModuleCache.noindex -Xfrontend -serialize-debugging-options -enable-testing -suppress-warnings -index-store-path /Users/runner/work/Album-Prag/Album-Prag/DerivedData/Index.noindex/DataStore -Xcc -D_LIBCPP_HARDENING_MODE\=_LIBCPP_HARDENING_MODE_DEBUG -swift-version 6 -I /Users/runner/work/Album-Prag/Album-Prag/DerivedData/Build/Products/Debug-iphonesimulator -Isystem /Applications/Xcode_26.6.app/Contents/Developer/Platforms/iPhoneSimulator.platform/Developer/usr/lib -F /Users/runner/work/Album-Prag/Album-Prag/DerivedData/Build/Products/Debug-iphonesimulator/PackageFrameworks -F /Users/runner/work/Album-Prag/Album-Prag/DerivedData/Build/Products/Debug-iphonesimulator/PackageFrameworks -F /Users/runner/work/Album-Prag/Album-Prag/DerivedData/Build/Products/Debug-iphonesimulator/PackageFrameworks -F /Users/runner/work/Album-Prag/Album-Prag/DerivedData/Build/Products/Debug-iphonesimulator/PackageFrameworks -F /Users/runner/work/Album-Prag/Album-Prag/DerivedData/Build/Products/Debug-iphonesimulator/PackageFrameworks -F /Users/runner/work/Album-Prag/Album-Prag/DerivedData/Build/Products/Debug-iphonesimulator -F /Applications/Xcode_26.6.app/Contents/Developer/Platforms/iPhoneSimulator.platform/Developer/Library/Frameworks -F /Applications/Xcode_26.6.app/Contents/Developer/Platforms/iPhoneSimulator.platform/Developer/SDKs/iPhoneSimulator26.5.sdk/Developer/Library/Frameworks -c -j3 -enable-batch-mode -incremental -Xcc -ivfsstatcache -Xcc /Users/runner/work/Album-Prag/Album-Prag/DerivedData/SDKStatCaches.noindex/iphonesimulator26.5-23F81a-688ef53f1462e2c8f657fdc38a81448ff45c64a1807a658693f2a61704f17a36.sdkstatcache -output-file-map /Users/runner/work/Album-Prag/Album-Prag/DerivedData/Build/Intermediates.noindex/Supabase.build/Debug-iphonesimulator/Helpers.build/Objects-normal/arm64/Helpers-OutputFileMap.json -use-frontend-parseable-output -save-temps -no-color-diagnostics -explicit-module-build -module-cache-path /Users/runner/work/Album-Prag/Album-Prag/DerivedData/Build/Intermediates.noindex/SwiftExplicitPrecompiledModules -clang-scanner-module-cache-path /Users/runner/work/Album-Prag/Album-Prag/DerivedData/ModuleCache.noindex -sdk-module-cache-path /Users/runner/work/Album-Prag/Album-Prag/DerivedData/ModuleCache.noindex -serialize-diagnostics -emit-dependencies -emit-module -emit-module-path /Users/runner/work/Album-Prag/Album-Prag/DerivedData/Build/Intermediates.noindex/Supabase.build/Debug-iphonesimulator/Helpers.build/Objects-normal/arm64/Helpers.swiftmodule -user-module-version 2.55.2 -validate-clang-modules-once -clang-build-session-file /Users/runner/work/Album-Prag/Album-Prag/DerivedData/ModuleCache.noindex/Session.modulevalidation -package-name supabase_swift -Xcc -I/Users/runner/work/Album-Prag/Album-Prag/DerivedData/Build/Intermediates.noindex/Supabase.build/Debug-iphonesimulator/Helpers.build/swift-overrides.hmap -emit-const-values -Xfrontend -const-gather-protocols-file -Xfrontend /Users/runner/work/Album-Prag/Album-Prag/DerivedData/Build/Intermediates.noindex/Supabase.build/Debug-iphonesimulator/Helpers.build/Objects-normal/arm64/Helpers_const_extract_protocols.json -Xcc -I/Users/runner/work/Album-Prag/Album-Prag/DerivedData/Build/Products/Debug-iphonesimulator/include -Xcc -I/Users/runner/work/Album-Prag/Album-Prag/DerivedData/Build/Intermediates.noindex/Supabase.build/Debug-iphonesimulator/Helpers.build/DerivedSources-normal/arm64 -Xcc -I/Users/runner/work/Album-Prag/Album-Prag/DerivedData/Build/Intermediates.noindex/Supabase.build/Debug-iphonesimulator/Helpers.build/DerivedSources/arm64 -Xcc -I/Users/runner/work/Album-Prag/Album-Prag/DerivedData/Build/Intermediates.noindex/Supabase.build/Debug-iphonesimulator/Helpers.build/DerivedSources -Xcc -DSWIFT_PACKAGE -Xcc -DDEBUG\=1 -emit-objc-header -emit-objc-header-path /Users/runner/work/Album-Prag/Album-Prag/DerivedData/Build/Intermediates.noindex/Supabase.build/Debug-iphonesimulator/Helpers.build/Objects-normal/arm64/Helpers-Swift.h -working-directory /Users/runner/work/Album-Prag/Album-Prag/Album.xcodeproj -experimental-emit-module-separately -disable-cmo

SwiftDriverJobDiscovery normal arm64 Compiling AnyClock.swift, ImmediateClock.swift, Lock.swift (in target 'Clocks' from project 'swift-clocks')

SwiftEmitModule normal arm64 Emitting\ module\ for\ Helpers (in target 'Helpers' from project 'Supabase')

EmitSwiftModule normal arm64 (in target 'Helpers' from project 'Supabase')
    cd /Users/runner/work/Album-Prag/Album-Prag/Album.xcodeproj
    

SwiftCompile normal arm64 Compiling\ APIKeyFormat.swift,\ AnyJSON+Codable.swift,\ AnyJSON.swift,\ Base64URL.swift,\ Codable.swift,\ DateFormatter.swift,\ EventEmitter.swift,\ FoundationExtensions.swift /Users/runner/work/Album-Prag/Album-Prag/DerivedData/SourcePackages/checkouts/supabase-swift/Sources/Helpers/APIKeyFormat.swift /Users/runner/work/Album-Prag/Album-Prag/DerivedData/SourcePackages/checkouts/supabase-swift/Sources/Helpers/AnyJSON/AnyJSON+Codable.swift /Users/runner/work/Album-Prag/Album-Prag/DerivedData/SourcePackages/checkouts/supabase-swift/Sources/Helpers/AnyJSON/AnyJSON.swift /Users/runner/work/Album-Prag/Album-Prag/DerivedData/SourcePackages/checkouts/supabase-swift/Sources/Helpers/Base64URL.swift /Users/runner/work/Album-Prag/Album-Prag/DerivedData/SourcePackages/checkouts/supabase-swift/Sources/Helpers/Codable.swift /Users/runner/work/Album-Prag/Album-Prag/DerivedData/SourcePackages/checkouts/supabase-swift/Sources/Helpers/DateFormatter.swift /Users/runner/work/Album-Prag/Album-Prag/DerivedData/SourcePackages/checkouts/supabase-swift/Sources/Helpers/EventEmitter.swift /Users/runner/work/Album-Prag/Album-Prag/DerivedData/SourcePackages/checkouts/supabase-swift/Sources/Helpers/FoundationExtensions.swift (in target 'Helpers' from project 'Supabase')
SwiftCompile normal arm64 /Users/runner/work/Album-Prag/Album-Prag/DerivedData/SourcePackages/checkouts/supabase-swift/Sources/Helpers/APIKeyFormat.swift (in target 'Helpers' from project 'Supabase')
    cd /Users/runner/work/Album-Prag/Album-Prag/Album.xcodeproj
    

SwiftCompile normal arm64 /Users/runner/work/Album-Prag/Album-Prag/DerivedData/SourcePackages/checkouts/supabase-swift/Sources/Helpers/AnyJSON/AnyJSON+Codable.swift (in target 'Helpers' from project 'Supabase')
    cd /Users/runner/work/Album-Prag/Album-Prag/Album.xcodeproj
    

SwiftCompile normal arm64 /Users/runner/work/Album-Prag/Album-Prag/DerivedData/SourcePackages/checkouts/supabase-swift/Sources/Helpers/AnyJSON/AnyJSON.swift (in target 'Helpers' from project 'Supabase')
    cd /Users/runner/work/Album-Prag/Album-Prag/Album.xcodeproj
    

SwiftCompile normal arm64 /Users/runner/work/Album-Prag/Album-Prag/DerivedData/SourcePackages/checkouts/supabase-swift/Sources/Helpers/Base64URL.swift (in target 'Helpers' from project 'Supabase')
    cd /Users/runner/work/Album-Prag/Album-Prag/Album.xcodeproj
    

SwiftCompile normal arm64 /Users/runner/work/Album-Prag/Album-Prag/DerivedData/SourcePackages/checkouts/supabase-swift/Sources/Helpers/Codable.swift (in target 'Helpers' from project 'Supabase')
    cd /Users/runner/work/Album-Prag/Album-Prag/Album.xcodeproj
    

SwiftCompile normal arm64 /Users/runner/work/Album-Prag/Album-Prag/DerivedData/SourcePackages/checkouts/supabase-swift/Sources/Helpers/DateFormatter.swift (in target 'Helpers' from project 'Supabase')
    cd /Users/runner/work/Album-Prag/Album-Prag/Album.xcodeproj
    

SwiftCompile normal arm64 /Users/runner/work/Album-Prag/Album-Prag/DerivedData/SourcePackages/checkouts/supabase-swift/Sources/Helpers/EventEmitter.swift (in target 'Helpers' from project 'Supabase')
    cd /Users/runner/work/Album-Prag/Album-Prag/Album.xcodeproj
    

SwiftCompile normal arm64 /Users/runner/work/Album-Prag/Album-Prag/DerivedData/SourcePackages/checkouts/supabase-swift/Sources/Helpers/FoundationExtensions.swift (in target 'Helpers' from project 'Supabase')
    cd /Users/runner/work/Album-Prag/Album-Prag/Album.xcodeproj
    

SwiftCompile normal arm64 Compiling\ SupabaseLogger.swift,\ PostgRESTFilterValue.swift,\ HTTPError.swift,\ PostgrestError.swift,\ Task+withTimeout.swift,\ TaskLocalHelpers.swift,\ Version.swift /Users/runner/work/Album-Prag/Album-Prag/DerivedData/SourcePackages/checkouts/supabase-swift/Sources/Helpers/Logger/SupabaseLogger.swift /Users/runner/work/Album-Prag/Album-Prag/DerivedData/SourcePackages/checkouts/supabase-swift/Sources/Helpers/PostgRESTFilterValue.swift /Users/runner/work/Album-Prag/Album-Prag/DerivedData/SourcePackages/checkouts/supabase-swift/Sources/Helpers/SharedModels/HTTPError.swift /Users/runner/work/Album-Prag/Album-Prag/DerivedData/SourcePackages/checkouts/supabase-swift/Sources/Helpers/SharedModels/PostgrestError.swift /Users/runner/work/Album-Prag/Album-Prag/DerivedData/SourcePackages/checkouts/supabase-swift/Sources/Helpers/Task+withTimeout.swift /Users/runner/work/Album-Prag/Album-Prag/DerivedData/SourcePackages/checkouts/supabase-swift/Sources/Helpers/TaskLocalHelpers.swift /Users/runner/work/Album-Prag/Album-Prag/DerivedData/SourcePackages/checkouts/supabase-swift/Sources/Helpers/Version.swift (in target 'Helpers' from project 'Supabase')
SwiftCompile normal arm64 /Users/runner/work/Album-Prag/Album-Prag/DerivedData/SourcePackages/checkouts/supabase-swift/Sources/Helpers/Logger/SupabaseLogger.swift (in target 'Helpers' from project 'Supabase')
    cd /Users/runner/work/Album-Prag/Album-Prag/Album.xcodeproj
    

SwiftCompile normal arm64 /Users/runner/work/Album-Prag/Album-Prag/DerivedData/SourcePackages/checkouts/supabase-swift/Sources/Helpers/PostgRESTFilterValue.swift (in target 'Helpers' from project 'Supabase')
    cd /Users/runner/work/Album-Prag/Album-Prag/Album.xcodeproj
    

SwiftCompile normal arm64 /Users/runner/work/Album-Prag/Album-Prag/DerivedData/SourcePackages/checkouts/supabase-swift/Sources/Helpers/SharedModels/HTTPError.swift (in target 'Helpers' from project 'Supabase')
    cd /Users/runner/work/Album-Prag/Album-Prag/Album.xcodeproj
    

SwiftCompile normal arm64 /Users/runner/work/Album-Prag/Album-Prag/DerivedData/SourcePackages/checkouts/supabase-swift/Sources/Helpers/SharedModels/PostgrestError.swift (in target 'Helpers' from project 'Supabase')
    cd /Users/runner/work/Album-Prag/Album-Prag/Album.xcodeproj
    

SwiftCompile normal arm64 /Users/runner/work/Album-Prag/Album-Prag/DerivedData/SourcePackages/checkouts/supabase-swift/Sources/Helpers/Task+withTimeout.swift (in target 'Helpers' from project 'Supabase')
    cd /Users/runner/work/Album-Prag/Album-Prag/Album.xcodeproj
    

SwiftCompile normal arm64 /Users/runner/work/Album-Prag/Album-Prag/DerivedData/SourcePackages/checkouts/supabase-swift/Sources/Helpers/TaskLocalHelpers.swift (in target 'Helpers' from project 'Supabase')
    cd /Users/runner/work/Album-Prag/Album-Prag/Album.xcodeproj
    

SwiftCompile normal arm64 /Users/runner/work/Album-Prag/Album-Prag/DerivedData/SourcePackages/checkouts/supabase-swift/Sources/Helpers/Version.swift (in target 'Helpers' from project 'Supabase')
    cd /Users/runner/work/Album-Prag/Album-Prag/Album.xcodeproj
    

SwiftDriverJobDiscovery normal arm64 Emitting module for Helpers (in target 'Helpers' from project 'Supabase')

SwiftDriver\ Compilation\ Requirements Helpers normal arm64 com.apple.xcode.tools.swift.compiler (in target 'Helpers' from project 'Supabase')
    cd /Users/runner/work/Album-Prag/Album-Prag/Album.xcodeproj
    builtin-Swift-Compilation-Requirements -- /Applications/Xcode_26.6.app/Contents/Developer/Toolchains/XcodeDefault.xctoolchain/usr/bin/swiftc -module-name Helpers -Onone @/Users/runner/work/Album-Prag/Album-Prag/DerivedData/Build/Intermediates.noindex/Supabase.build/Debug-iphonesimulator/Helpers.build/Objects-normal/arm64/Helpers.SwiftFileList -DSWIFT_PACKAGE -DDEBUG -DSWIFT_MODULE_RESOURCE_BUNDLE_UNAVAILABLE -DXcode -enable-upcoming-feature ExistentialAny -enable-upcoming-feature ImmutableWeakCaptures -enable-upcoming-feature InferIsolatedConformances -enable-upcoming-feature InternalImportsByDefault -enable-upcoming-feature MemberImportVisibility -plugin-path /Applications/Xcode_26.6.app/Contents/Developer/Toolchains/XcodeDefault.xctoolchain/usr/lib/swift/host/plugins/testing -enable-experimental-feature DebugDescriptionMacro -sdk /Applications/Xcode_26.6.app/Contents/Developer/Platforms/iPhoneSimulator.platform/Developer/SDKs/iPhoneSimulator26.5.sdk -target arm64-apple-ios16.0-simulator -g -module-cache-path /Users/runner/work/Album-Prag/Album-Prag/DerivedData/ModuleCache.noindex -Xfrontend -serialize-debugging-options -enable-testing -suppress-warnings -index-store-path /Users/runner/work/Album-Prag/Album-Prag/DerivedData/Index.noindex/DataStore -Xcc -D_LIBCPP_HARDENING_MODE\=_LIBCPP_HARDENING_MODE_DEBUG -swift-version 6 -I /Users/runner/work/Album-Prag/Album-Prag/DerivedData/Build/Products/Debug-iphonesimulator -Isystem /Applications/Xcode_26.6.app/Contents/Developer/Platforms/iPhoneSimulator.platform/Developer/usr/lib -F /Users/runner/work/Album-Prag/Album-Prag/DerivedData/Build/Products/Debug-iphonesimulator/PackageFrameworks -F /Users/runner/work/Album-Prag/Album-Prag/DerivedData/Build/Products/Debug-iphonesimulator/PackageFrameworks -F /Users/runner/work/Album-Prag/Album-Prag/DerivedData/Build/Products/Debug-iphonesimulator/PackageFrameworks -F /Users/runner/work/Album-Prag/Album-Prag/DerivedData/Build/Products/Debug-iphonesimulator/PackageFrameworks -F /Users/runner/work/Album-Prag/Album-Prag/DerivedData/Build/Products/Debug-iphonesimulator/PackageFrameworks -F /Users/runner/work/Album-Prag/Album-Prag/DerivedData/Build/Products/Debug-iphonesimulator -F /Applications/Xcode_26.6.app/Contents/Developer/Platforms/iPhoneSimulator.platform/Developer/Library/Frameworks -F /Applications/Xcode_26.6.app/Contents/Developer/Platforms/iPhoneSimulator.platform/Developer/SDKs/iPhoneSimulator26.5.sdk/Developer/Library/Frameworks -c -j3 -enable-batch-mode -incremental -Xcc -ivfsstatcache -Xcc /Users/runner/work/Album-Prag/Album-Prag/DerivedData/SDKStatCaches.noindex/iphonesimulator26.5-23F81a-688ef53f1462e2c8f657fdc38a81448ff45c64a1807a658693f2a61704f17a36.sdkstatcache -output-file-map /Users/runner/work/Album-Prag/Album-Prag/DerivedData/Build/Intermediates.noindex/Supabase.build/Debug-iphonesimulator/Helpers.build/Objects-normal/arm64/Helpers-OutputFileMap.json -use-frontend-parseable-output -save-temps -no-color-diagnostics -explicit-module-build -module-cache-path /Users/runner/work/Album-Prag/Album-Prag/DerivedData/Build/Intermediates.noindex/SwiftExplicitPrecompiledModules -clang-scanner-module-cache-path /Users/runner/work/Album-Prag/Album-Prag/DerivedData/ModuleCache.noindex -sdk-module-cache-path /Users/runner/work/Album-Prag/Album-Prag/DerivedData/ModuleCache.noindex -serialize-diagnostics -emit-dependencies -emit-module -emit-module-path /Users/runner/work/Album-Prag/Album-Prag/DerivedData/Build/Intermediates.noindex/Supabase.build/Debug-iphonesimulator/Helpers.build/Objects-normal/arm64/Helpers.swiftmodule -user-module-version 2.55.2 -validate-clang-modules-once -clang-build-session-file /Users/runner/work/Album-Prag/Album-Prag/DerivedData/ModuleCache.noindex/Session.modulevalidation -package-name supabase_swift -Xcc -I/Users/runner/work/Album-Prag/Album-Prag/DerivedData/Build/Intermediates.noindex/Supabase.build/Debug-iphonesimulator/Helpers.build/swift-overrides.hmap -emit-const-values -Xfrontend -const-gather-protocols-file -Xfrontend /Users/runner/work/Album-Prag/Album-Prag/DerivedData/Build/Intermediates.noindex/Supabase.build/Debug-iphonesimulator/Helpers.build/Objects-normal/arm64/Helpers_const_extract_protocols.json -Xcc -I/Users/runner/work/Album-Prag/Album-Prag/DerivedData/Build/Products/Debug-iphonesimulator/include -Xcc -I/Users/runner/work/Album-Prag/Album-Prag/DerivedData/Build/Intermediates.noindex/Supabase.build/Debug-iphonesimulator/Helpers.build/DerivedSources-normal/arm64 -Xcc -I/Users/runner/work/Album-Prag/Album-Prag/DerivedData/Build/Intermediates.noindex/Supabase.build/Debug-iphonesimulator/Helpers.build/DerivedSources/arm64 -Xcc -I/Users/runner/work/Album-Prag/Album-Prag/DerivedData/Build/Intermediates.noindex/Supabase.build/Debug-iphonesimulator/Helpers.build/DerivedSources -Xcc -DSWIFT_PACKAGE -Xcc -DDEBUG\=1 -emit-objc-header -emit-objc-header-path /Users/runner/work/Album-Prag/Album-Prag/DerivedData/Build/Intermediates.noindex/Supabase.build/Debug-iphonesimulator/Helpers.build/Objects-normal/arm64/Helpers-Swift.h -working-directory /Users/runner/work/Album-Prag/Album-Prag/Album.xcodeproj -experimental-emit-module-separately -disable-cmo

SwiftDriverJobDiscovery normal arm64 Compiling _AsyncTimerSequence.swift, SwiftUI.swift, TestClock.swift (in target 'Clocks' from project 'swift-clocks')

SwiftCompile normal arm64 Compiling\ HTTPClient.swift,\ HTTPFields.swift,\ HTTPRequest.swift,\ HTTPResponse.swift,\ LoggerInterceptor.swift,\ RetryRequestInterceptor.swift,\ JWT.swift,\ OSLogSupabaseLogger.swift /Users/runner/work/Album-Prag/Album-Prag/DerivedData/SourcePackages/checkouts/supabase-swift/Sources/Helpers/HTTP/HTTPClient.swift /Users/runner/work/Album-Prag/Album-Prag/DerivedData/SourcePackages/checkouts/supabase-swift/Sources/Helpers/HTTP/HTTPFields.swift /Users/runner/work/Album-Prag/Album-Prag/DerivedData/SourcePackages/checkouts/supabase-swift/Sources/Helpers/HTTP/HTTPRequest.swift /Users/runner/work/Album-Prag/Album-Prag/DerivedData/SourcePackages/checkouts/supabase-swift/Sources/Helpers/HTTP/HTTPResponse.swift /Users/runner/work/Album-Prag/Album-Prag/DerivedData/SourcePackages/checkouts/supabase-swift/Sources/Helpers/HTTP/LoggerInterceptor.swift /Users/runner/work/Album-Prag/Album-Prag/DerivedData/SourcePackages/checkouts/supabase-swift/Sources/Helpers/HTTP/RetryRequestInterceptor.swift /Users/runner/work/Album-Prag/Album-Prag/DerivedData/SourcePackages/checkouts/supabase-swift/Sources/Helpers/JWT.swift /Users/runner/work/Album-Prag/Album-Prag/DerivedData/SourcePackages/checkouts/supabase-swift/Sources/Helpers/Logger/OSLogSupabaseLogger.swift (in target 'Helpers' from project 'Supabase')
SwiftCompile normal arm64 /Users/runner/work/Album-Prag/Album-Prag/DerivedData/SourcePackages/checkouts/supabase-swift/Sources/Helpers/HTTP/HTTPClient.swift (in target 'Helpers' from project 'Supabase')
    cd /Users/runner/work/Album-Prag/Album-Prag/Album.xcodeproj
    

SwiftCompile normal arm64 /Users/runner/work/Album-Prag/Album-Prag/DerivedData/SourcePackages/checkouts/supabase-swift/Sources/Helpers/HTTP/HTTPFields.swift (in target 'Helpers' from project 'Supabase')
    cd /Users/runner/work/Album-Prag/Album-Prag/Album.xcodeproj
    

SwiftCompile normal arm64 /Users/runner/work/Album-Prag/Album-Prag/DerivedData/SourcePackages/checkouts/supabase-swift/Sources/Helpers/HTTP/HTTPRequest.swift (in target 'Helpers' from project 'Supabase')
    cd /Users/runner/work/Album-Prag/Album-Prag/Album.xcodeproj
    

SwiftCompile normal arm64 /Users/runner/work/Album-Prag/Album-Prag/DerivedData/SourcePackages/checkouts/supabase-swift/Sources/Helpers/HTTP/HTTPResponse.swift (in target 'Helpers' from project 'Supabase')
    cd /Users/runner/work/Album-Prag/Album-Prag/Album.xcodeproj
    

SwiftCompile normal arm64 /Users/runner/work/Album-Prag/Album-Prag/DerivedData/SourcePackages/checkouts/supabase-swift/Sources/Helpers/HTTP/LoggerInterceptor.swift (in target 'Helpers' from project 'Supabase')
    cd /Users/runner/work/Album-Prag/Album-Prag/Album.xcodeproj
    

SwiftCompile normal arm64 /Users/runner/work/Album-Prag/Album-Prag/DerivedData/SourcePackages/checkouts/supabase-swift/Sources/Helpers/HTTP/RetryRequestInterceptor.swift (in target 'Helpers' from project 'Supabase')
    cd /Users/runner/work/Album-Prag/Album-Prag/Album.xcodeproj
    

SwiftCompile normal arm64 /Users/runner/work/Album-Prag/Album-Prag/DerivedData/SourcePackages/checkouts/supabase-swift/Sources/Helpers/JWT.swift (in target 'Helpers' from project 'Supabase')
    cd /Users/runner/work/Album-Prag/Album-Prag/Album.xcodeproj
    

SwiftCompile normal arm64 /Users/runner/work/Album-Prag/Album-Prag/DerivedData/SourcePackages/checkouts/supabase-swift/Sources/Helpers/Logger/OSLogSupabaseLogger.swift (in target 'Helpers' from project 'Supabase')
    cd /Users/runner/work/Album-Prag/Album-Prag/Album.xcodeproj
    

SwiftMergeGeneratedHeaders /Users/runner/work/Album-Prag/Album-Prag/DerivedData/Build/Intermediates.noindex/GeneratedModuleMaps-iphonesimulator/Helpers-Swift.h /Users/runner/work/Album-Prag/Album-Prag/DerivedData/Build/Intermediates.noindex/Supabase.build/Debug-iphonesimulator/Helpers.build/Objects-normal/arm64/Helpers-Swift.h (in target 'Helpers' from project 'Supabase')
    cd /Users/runner/work/Album-Prag/Album-Prag/DerivedData/SourcePackages/checkouts/supabase-swift
    builtin-swiftHeaderTool -arch arm64 /Users/runner/work/Album-Prag/Album-Prag/DerivedData/Build/Intermediates.noindex/Supabase.build/Debug-iphonesimulator/Helpers.build/Objects-normal/arm64/Helpers-Swift.h -o /Users/runner/work/Album-Prag/Album-Prag/DerivedData/Build/Intermediates.noindex/GeneratedModuleMaps-iphonesimulator/Helpers-Swift.h

SwiftDriverJobDiscovery normal arm64 Compiling APIKeyFormat.swift, AnyJSON+Codable.swift, AnyJSON.swift, Base64URL.swift, Codable.swift, DateFormatter.swift, EventEmitter.swift, FoundationExtensions.swift (in target 'Helpers' from project 'Supabase')

Copy /Users/runner/work/Album-Prag/Album-Prag/DerivedData/Build/Products/Debug-iphonesimulator/Helpers.swiftmodule/arm64-apple-ios-simulator.swiftmodule /Users/runner/work/Album-Prag/Album-Prag/DerivedData/Build/Intermediates.noindex/Supabase.build/Debug-iphonesimulator/Helpers.build/Objects-normal/arm64/Helpers.swiftmodule (in target 'Helpers' from project 'Supabase')
    cd /Users/runner/work/Album-Prag/Album-Prag/DerivedData/SourcePackages/checkouts/supabase-swift
    builtin-copy -exclude .DS_Store -exclude CVS -exclude .svn -exclude .git -exclude .hg -resolve-src-symlinks -rename /Users/runner/work/Album-Prag/Album-Prag/DerivedData/Build/Intermediates.noindex/Supabase.build/Debug-iphonesimulator/Helpers.build/Objects-normal/arm64/Helpers.swiftmodule /Users/runner/work/Album-Prag/Album-Prag/DerivedData/Build/Products/Debug-iphonesimulator/Helpers.swiftmodule/arm64-apple-ios-simulator.swiftmodule

Copy /Users/runner/work/Album-Prag/Album-Prag/DerivedData/Build/Products/Debug-iphonesimulator/Helpers.swiftmodule/arm64-apple-ios-simulator.swiftdoc /Users/runner/work/Album-Prag/Album-Prag/DerivedData/Build/Intermediates.noindex/Supabase.build/Debug-iphonesimulator/Helpers.build/Objects-normal/arm64/Helpers.swiftdoc (in target 'Helpers' from project 'Supabase')
    cd /Users/runner/work/Album-Prag/Album-Prag/DerivedData/SourcePackages/checkouts/supabase-swift
    builtin-copy -exclude .DS_Store -exclude CVS -exclude .svn -exclude .git -exclude .hg -resolve-src-symlinks -rename /Users/runner/work/Album-Prag/Album-Prag/DerivedData/Build/Intermediates.noindex/Supabase.build/Debug-iphonesimulator/Helpers.build/Objects-normal/arm64/Helpers.swiftdoc /Users/runner/work/Album-Prag/Album-Prag/DerivedData/Build/Products/Debug-iphonesimulator/Helpers.swiftmodule/arm64-apple-ios-simulator.swiftdoc

Copy /Users/runner/work/Album-Prag/Album-Prag/DerivedData/Build/Products/Debug-iphonesimulator/Helpers.swiftmodule/arm64-apple-ios-simulator.abi.json /Users/runner/work/Album-Prag/Album-Prag/DerivedData/Build/Intermediates.noindex/Supabase.build/Debug-iphonesimulator/Helpers.build/Objects-normal/arm64/Helpers.abi.json (in target 'Helpers' from project 'Supabase')
    cd /Users/runner/work/Album-Prag/Album-Prag/DerivedData/SourcePackages/checkouts/supabase-swift
    builtin-copy -exclude .DS_Store -exclude CVS -exclude .svn -exclude .git -exclude .hg -resolve-src-symlinks -rename /Users/runner/work/Album-Prag/Album-Prag/DerivedData/Build/Intermediates.noindex/Supabase.build/Debug-iphonesimulator/Helpers.build/Objects-normal/arm64/Helpers.abi.json /Users/runner/work/Album-Prag/Album-Prag/DerivedData/Build/Products/Debug-iphonesimulator/Helpers.swiftmodule/arm64-apple-ios-simulator.abi.json

Copy /Users/runner/work/Album-Prag/Album-Prag/DerivedData/Build/Products/Debug-iphonesimulator/Helpers.swiftmodule/Project/arm64-apple-ios-simulator.swiftsourceinfo /Users/runner/work/Album-Prag/Album-Prag/DerivedData/Build/Intermediates.noindex/Supabase.build/Debug-iphonesimulator/Helpers.build/Objects-normal/arm64/Helpers.swiftsourceinfo (in target 'Helpers' from project 'Supabase')
    cd /Users/runner/work/Album-Prag/Album-Prag/DerivedData/SourcePackages/checkouts/supabase-swift
    builtin-copy -exclude .DS_Store -exclude CVS -exclude .svn -exclude .git -exclude .hg -resolve-src-symlinks -rename /Users/runner/work/Album-Prag/Album-Prag/DerivedData/Build/Intermediates.noindex/Supabase.build/Debug-iphonesimulator/Helpers.build/Objects-normal/arm64/Helpers.swiftsourceinfo /Users/runner/work/Album-Prag/Album-Prag/DerivedData/Build/Products/Debug-iphonesimulator/Helpers.swiftmodule/Project/arm64-apple-ios-simulator.swiftsourceinfo

SwiftDriver\ Compilation Clocks normal arm64 com.apple.xcode.tools.swift.compiler (in target 'Clocks' from project 'swift-clocks')
    cd /Users/runner/work/Album-Prag/Album-Prag/Album.xcodeproj
    builtin-Swift-Compilation -- /Applications/Xcode_26.6.app/Contents/Developer/Toolchains/XcodeDefault.xctoolchain/usr/bin/swiftc -module-name Clocks -Onone @/Users/runner/work/Album-Prag/Album-Prag/DerivedData/Build/Intermediates.noindex/swift-clocks.build/Debug-iphonesimulator/Clocks.build/Objects-normal/arm64/Clocks.SwiftFileList -DSWIFT_PACKAGE -DDEBUG -DSWIFT_MODULE_RESOURCE_BUNDLE_UNAVAILABLE -DXcode -enable-upcoming-feature ExistentialAny -enable-upcoming-feature ImmutableWeakCaptures -enable-upcoming-feature InferIsolatedConformances -enable-upcoming-feature InternalImportsByDefault -enable-upcoming-feature MemberImportVisibility -enable-upcoming-feature NonisolatedNonsendingByDefault -plugin-path /Applications/Xcode_26.6.app/Contents/Developer/Toolchains/XcodeDefault.xctoolchain/usr/lib/swift/host/plugins/testing -enable-experimental-feature DebugDescriptionMacro -sdk /Applications/Xcode_26.6.app/Contents/Developer/Platforms/iPhoneSimulator.platform/Developer/SDKs/iPhoneSimulator26.5.sdk -target arm64-apple-ios13.0-simulator -g -module-cache-path /Users/runner/work/Album-Prag/Album-Prag/DerivedData/ModuleCache.noindex -Xfrontend -serialize-debugging-options -enable-testing -suppress-warnings -index-store-path /Users/runner/work/Album-Prag/Album-Prag/DerivedData/Index.noindex/DataStore -Xcc -D_LIBCPP_HARDENING_MODE\=_LIBCPP_HARDENING_MODE_DEBUG -swift-version 6 -I /Users/runner/work/Album-Prag/Album-Prag/DerivedData/Build/Products/Debug-iphonesimulator -Isystem /Applications/Xcode_26.6.app/Contents/Developer/Platforms/iPhoneSimulator.platform/Developer/usr/lib -F /Users/runner/work/Album-Prag/Album-Prag/DerivedData/Build/Products/Debug-iphonesimulator/PackageFrameworks -F /Users/runner/work/Album-Prag/Album-Prag/DerivedData/Build/Products/Debug-iphonesimulator/PackageFrameworks -F /Users/runner/work/Album-Prag/Album-Prag/DerivedData/Build/Products/Debug-iphonesimulator -F /Applications/Xcode_26.6.app/Contents/Developer/Platforms/iPhoneSimulator.platform/Developer/Library/Frameworks -F /Applications/Xcode_26.6.app/Contents/Developer/Platforms/iPhoneSimulator.platform/Developer/SDKs/iPhoneSimulator26.5.sdk/Developer/Library/Frameworks -c -j3 -enable-batch-mode -incremental -Xcc -ivfsstatcache -Xcc /Users/runner/work/Album-Prag/Album-Prag/DerivedData/SDKStatCaches.noindex/iphonesimulator26.5-23F81a-688ef53f1462e2c8f657fdc38a81448ff45c64a1807a658693f2a61704f17a36.sdkstatcache -output-file-map /Users/runner/work/Album-Prag/Album-Prag/DerivedData/Build/Intermediates.noindex/swift-clocks.build/Debug-iphonesimulator/Clocks.build/Objects-normal/arm64/Clocks-OutputFileMap.json -use-frontend-parseable-output -save-temps -no-color-diagnostics -explicit-module-build -module-cache-path /Users/runner/work/Album-Prag/Album-Prag/DerivedData/Build/Intermediates.noindex/SwiftExplicitPrecompiledModules -clang-scanner-module-cache-path /Users/runner/work/Album-Prag/Album-Prag/DerivedData/ModuleCache.noindex -sdk-module-cache-path /Users/runner/work/Album-Prag/Album-Prag/DerivedData/ModuleCache.noindex -serialize-diagnostics -emit-dependencies -emit-module -emit-module-path /Users/runner/work/Album-Prag/Album-Prag/DerivedData/Build/Intermediates.noindex/swift-clocks.build/Debug-iphonesimulator/Clocks.build/Objects-normal/arm64/Clocks.swiftmodule -user-module-version 1.1.1 -validate-clang-modules-once -clang-build-session-file /Users/runner/work/Album-Prag/Album-Prag/DerivedData/ModuleCache.noindex/Session.modulevalidation -package-name swift_clocks -Xcc -I/Users/runner/work/Album-Prag/Album-Prag/DerivedData/Build/Intermediates.noindex/swift-clocks.build/Debug-iphonesimulator/Clocks.build/swift-overrides.hmap -emit-const-values -Xfrontend -const-gather-protocols-file -Xfrontend /Users/runner/work/Album-Prag/Album-Prag/DerivedData/Build/Intermediates.noindex/swift-clocks.build/Debug-iphonesimulator/Clocks.build/Objects-normal/arm64/Clocks_const_extract_protocols.json -Xcc -I/Users/runner/work/Album-Prag/Album-Prag/DerivedData/Build/Products/Debug-iphonesimulator/include -Xcc -I/Users/runner/work/Album-Prag/Album-Prag/DerivedData/Build/Intermediates.noindex/swift-clocks.build/Debug-iphonesimulator/Clocks.build/DerivedSources-normal/arm64 -Xcc -I/Users/runner/work/Album-Prag/Album-Prag/DerivedData/Build/Intermediates.noindex/swift-clocks.build/Debug-iphonesimulator/Clocks.build/DerivedSources/arm64 -Xcc -I/Users/runner/work/Album-Prag/Album-Prag/DerivedData/Build/Intermediates.noindex/swift-clocks.build/Debug-iphonesimulator/Clocks.build/DerivedSources -Xcc -DSWIFT_PACKAGE -Xcc -DDEBUG\=1 -emit-objc-header -emit-objc-header-path /Users/runner/work/Album-Prag/Album-Prag/DerivedData/Build/Intermediates.noindex/swift-clocks.build/Debug-iphonesimulator/Clocks.build/Objects-normal/arm64/Clocks-Swift.h -working-directory /Users/runner/work/Album-Prag/Album-Prag/Album.xcodeproj -experimental-emit-module-separately -disable-cmo

Ld /Users/runner/work/Album-Prag/Album-Prag/DerivedData/Build/Products/Debug-iphonesimulator/Clocks.o normal (in target 'Clocks' from project 'swift-clocks')
    cd /Users/runner/work/Album-Prag/Album-Prag/DerivedData/SourcePackages/checkouts/swift-clocks
    /Applications/Xcode_26.6.app/Contents/Developer/Toolchains/XcodeDefault.xctoolchain/usr/bin/clang -Xlinker -reproducible -target arm64-apple-ios13.0-simulator -r -isysroot /Applications/Xcode_26.6.app/Contents/Developer/Platforms/iPhoneSimulator.platform/Developer/SDKs/iPhoneSimulator26.5.sdk -O0 -w -F/Users/runner/work/Album-Prag/Album-Prag/DerivedData/Build/Intermediates.noindex/EagerLinkingTBDs/Debug-iphonesimulator -F/Users/runner/work/Album-Prag/Album-Prag/DerivedData/Build/Products/Debug-iphonesimulator/PackageFrameworks -F/Users/runner/work/Album-Prag/Album-Prag/DerivedData/Build/Products/Debug-iphonesimulator/PackageFrameworks -F/Users/runner/work/Album-Prag/Album-Prag/DerivedData/Build/Products/Debug-iphonesimulator -iframework /Applications/Xcode_26.6.app/Contents/Developer/Platforms/iPhoneSimulator.platform/Developer/Library/Frameworks -iframework /Applications/Xcode_26.6.app/Contents/Developer/Platforms/iPhoneSimulator.platform/Developer/SDKs/iPhoneSimulator26.5.sdk/Developer/Library/Frameworks -filelist /Users/runner/work/Album-Prag/Album-Prag/DerivedData/Build/Intermediates.noindex/swift-clocks.build/Debug-iphonesimulator/Clocks.build/Objects-normal/arm64/Clocks.LinkFileList -nostdlib -Xlinker -object_path_lto -Xlinker /Users/runner/work/Album-Prag/Album-Prag/DerivedData/Build/Intermediates.noindex/swift-clocks.build/Debug-iphonesimulator/Clocks.build/Objects-normal/arm64/Clocks_lto.o -Xlinker -no_deduplicate -Xlinker -objc_abi_version -Xlinker 2 -Xlinker -dependency_info -Xlinker /Users/runner/work/Album-Prag/Album-Prag/DerivedData/Build/Intermediates.noindex/swift-clocks.build/Debug-iphonesimulator/Clocks.build/Objects-normal/arm64/Clocks_dependency_info.dat -fobjc-link-runtime -L/Applications/Xcode_26.6.app/Contents/Developer/Toolchains/XcodeDefault.xctoolchain/usr/lib/swift/iphonesimulator -L/usr/lib/swift -Xlinker -add_ast_path -Xlinker /Users/runner/work/Album-Prag/Album-Prag/DerivedData/Build/Intermediates.noindex/swift-clocks.build/Debug-iphonesimulator/Clocks.build/Objects-normal/arm64/Clocks.swiftmodule @/Users/runner/work/Album-Prag/Album-Prag/DerivedData/Build/Intermediates.noindex/swift-clocks.build/Debug-iphonesimulator/Clocks.build/Objects-normal/arm64/Clocks-linker-args.resp -o /Users/runner/work/Album-Prag/Album-Prag/DerivedData/Build/Products/Debug-iphonesimulator/Clocks.o

SwiftDriver Storage normal arm64 com.apple.xcode.tools.swift.compiler (in target 'Storage' from project 'Supabase')
    cd /Users/runner/work/Album-Prag/Album-Prag/Album.xcodeproj
    builtin-SwiftDriver -- /Applications/Xcode_26.6.app/Contents/Developer/Toolchains/XcodeDefault.xctoolchain/usr/bin/swiftc -module-name Storage -Onone @/Users/runner/work/Album-Prag/Album-Prag/DerivedData/Build/Intermediates.noindex/Supabase.build/Debug-iphonesimulator/Storage.build/Objects-normal/arm64/Storage.SwiftFileList -DSWIFT_PACKAGE -DDEBUG -DSWIFT_MODULE_RESOURCE_BUNDLE_UNAVAILABLE -DXcode -enable-upcoming-feature ExistentialAny -enable-upcoming-feature ImmutableWeakCaptures -enable-upcoming-feature InferIsolatedConformances -enable-upcoming-feature InternalImportsByDefault -enable-upcoming-feature MemberImportVisibility -plugin-path /Applications/Xcode_26.6.app/Contents/Developer/Toolchains/XcodeDefault.xctoolchain/usr/lib/swift/host/plugins/testing -enable-experimental-feature DebugDescriptionMacro -sdk /Applications/Xcode_26.6.app/Contents/Developer/Platforms/iPhoneSimulator.platform/Developer/SDKs/iPhoneSimulator26.5.sdk -target arm64-apple-ios16.0-simulator -g -module-cache-path /Users/runner/work/Album-Prag/Album-Prag/DerivedData/ModuleCache.noindex -Xfrontend -serialize-debugging-options -enable-testing -suppress-warnings -index-store-path /Users/runner/work/Album-Prag/Album-Prag/DerivedData/Index.noindex/DataStore -Xcc -D_LIBCPP_HARDENING_MODE\=_LIBCPP_HARDENING_MODE_DEBUG -swift-version 6 -I /Users/runner/work/Album-Prag/Album-Prag/DerivedData/Build/Products/Debug-iphonesimulator -Isystem /Applications/Xcode_26.6.app/Contents/Developer/Platforms/iPhoneSimulator.platform/Developer/usr/lib -F /Users/runner/work/Album-Prag/Album-Prag/DerivedData/Build/Products/Debug-iphonesimulator/PackageFrameworks -F /Users/runner/work/Album-Prag/Album-Prag/DerivedData/Build/Products/Debug-iphonesimulator/PackageFrameworks -F /Users/runner/work/Album-Prag/Album-Prag/DerivedData/Build/Products/Debug-iphonesimulator/PackageFrameworks -F /Users/runner/work/Album-Prag/Album-Prag/DerivedData/Build/Products/Debug-iphonesimulator/PackageFrameworks -F /Users/runner/work/Album-Prag/Album-Prag/DerivedData/Build/Products/Debug-iphonesimulator/PackageFrameworks -F /Users/runner/work/Album-Prag/Album-Prag/DerivedData/Build/Products/Debug-iphonesimulator/PackageFrameworks -F /Users/runner/work/Album-Prag/Album-Prag/DerivedData/Build/Products/Debug-iphonesimulator -F /Applications/Xcode_26.6.app/Contents/Developer/Platforms/iPhoneSimulator.platform/Developer/Library/Frameworks -F /Applications/Xcode_26.6.app/Contents/Developer/Platforms/iPhoneSimulator.platform/Developer/SDKs/iPhoneSimulator26.5.sdk/Developer/Library/Frameworks -c -j3 -enable-batch-mode -incremental -Xcc -ivfsstatcache -Xcc /Users/runner/work/Album-Prag/Album-Prag/DerivedData/SDKStatCaches.noindex/iphonesimulator26.5-23F81a-688ef53f1462e2c8f657fdc38a81448ff45c64a1807a658693f2a61704f17a36.sdkstatcache -output-file-map /Users/runner/work/Album-Prag/Album-Prag/DerivedData/Build/Intermediates.noindex/Supabase.build/Debug-iphonesimulator/Storage.build/Objects-normal/arm64/Storage-OutputFileMap.json -use-frontend-parseable-output -save-temps -no-color-diagnostics -explicit-module-build -module-cache-path /Users/runner/work/Album-Prag/Album-Prag/DerivedData/Build/Intermediates.noindex/SwiftExplicitPrecompiledModules -clang-scanner-module-cache-path /Users/runner/work/Album-Prag/Album-Prag/DerivedData/ModuleCache.noindex -sdk-module-cache-path /Users/runner/work/Album-Prag/Album-Prag/DerivedData/ModuleCache.noindex -serialize-diagnostics -emit-dependencies -emit-module -emit-module-path /Users/runner/work/Album-Prag/Album-Prag/DerivedData/Build/Intermediates.noindex/Supabase.build/Debug-iphonesimulator/Storage.build/Objects-normal/arm64/Storage.swiftmodule -user-module-version 2.55.2 -validate-clang-modules-once -clang-build-session-file /Users/runner/work/Album-Prag/Album-Prag/DerivedData/ModuleCache.noindex/Session.modulevalidation -package-name supabase_swift -Xcc -I/Users/runner/work/Album-Prag/Album-Prag/DerivedData/Build/Intermediates.noindex/Supabase.build/Debug-iphonesimulator/Storage.build/swift-overrides.hmap -emit-const-values -Xfrontend -const-gather-protocols-file -Xfrontend /Users/runner/work/Album-Prag/Album-Prag/DerivedData/Build/Intermediates.noindex/Supabase.build/Debug-iphonesimulator/Storage.build/Objects-normal/arm64/Storage_const_extract_protocols.json -Xcc -I/Users/runner/work/Album-Prag/Album-Prag/DerivedData/Build/Products/Debug-iphonesimulator/include -Xcc -I/Users/runner/work/Album-Prag/Album-Prag/DerivedData/Build/Intermediates.noindex/Supabase.build/Debug-iphonesimulator/Storage.build/DerivedSources-normal/arm64 -Xcc -I/Users/runner/work/Album-Prag/Album-Prag/DerivedData/Build/Intermediates.noindex/Supabase.build/Debug-iphonesimulator/Storage.build/DerivedSources/arm64 -Xcc -I/Users/runner/work/Album-Prag/Album-Prag/DerivedData/Build/Intermediates.noindex/Supabase.build/Debug-iphonesimulator/Storage.build/DerivedSources -Xcc -DSWIFT_PACKAGE -Xcc -DDEBUG\=1 -emit-objc-header -emit-objc-header-path /Users/runner/work/Album-Prag/Album-Prag/DerivedData/Build/Intermediates.noindex/Supabase.build/Debug-iphonesimulator/Storage.build/Objects-normal/arm64/Storage-Swift.h -working-directory /Users/runner/work/Album-Prag/Album-Prag/Album.xcodeproj -experimental-emit-module-separately -disable-cmo

SwiftDriverJobDiscovery normal arm64 Compiling SupabaseLogger.swift, PostgRESTFilterValue.swift, HTTPError.swift, PostgrestError.swift, Task+withTimeout.swift, TaskLocalHelpers.swift, Version.swift (in target 'Helpers' from project 'Supabase')

SwiftDriver RealtimeV2 normal arm64 com.apple.xcode.tools.swift.compiler (in target 'RealtimeV2' from project 'Supabase')
    cd /Users/runner/work/Album-Prag/Album-Prag/Album.xcodeproj
    builtin-SwiftDriver -- /Applications/Xcode_26.6.app/Contents/Developer/Toolchains/XcodeDefault.xctoolchain/usr/bin/swiftc -module-name RealtimeV2 -Onone @/Users/runner/work/Album-Prag/Album-Prag/DerivedData/Build/Intermediates.noindex/Supabase.build/Debug-iphonesimulator/RealtimeV2.build/Objects-normal/arm64/RealtimeV2.SwiftFileList -DSWIFT_PACKAGE -DDEBUG -DSWIFT_MODULE_RESOURCE_BUNDLE_UNAVAILABLE -DXcode -enable-upcoming-feature ExistentialAny -enable-upcoming-feature ImmutableWeakCaptures -enable-upcoming-feature InferIsolatedConformances -enable-upcoming-feature InternalImportsByDefault -enable-upcoming-feature MemberImportVisibility -plugin-path /Applications/Xcode_26.6.app/Contents/Developer/Toolchains/XcodeDefault.xctoolchain/usr/lib/swift/host/plugins/testing -enable-experimental-feature DebugDescriptionMacro -sdk /Applications/Xcode_26.6.app/Contents/Developer/Platforms/iPhoneSimulator.platform/Developer/SDKs/iPhoneSimulator26.5.sdk -target arm64-apple-ios16.0-simulator -g -module-cache-path /Users/runner/work/Album-Prag/Album-Prag/DerivedData/ModuleCache.noindex -Xfrontend -serialize-debugging-options -enable-testing -suppress-warnings -index-store-path /Users/runner/work/Album-Prag/Album-Prag/DerivedData/Index.noindex/DataStore -Xcc -D_LIBCPP_HARDENING_MODE\=_LIBCPP_HARDENING_MODE_DEBUG -swift-version 6 -I /Users/runner/work/Album-Prag/Album-Prag/DerivedData/Build/Products/Debug-iphonesimulator -Isystem /Applications/Xcode_26.6.app/Contents/Developer/Platforms/iPhoneSimulator.platform/Developer/usr/lib -F /Users/runner/work/Album-Prag/Album-Prag/DerivedData/Build/Products/Debug-iphonesimulator/PackageFrameworks -F /Users/runner/work/Album-Prag/Album-Prag/DerivedData/Build/Products/Debug-iphonesimulator/PackageFrameworks -F /Users/runner/work/Album-Prag/Album-Prag/DerivedData/Build/Products/Debug-iphonesimulator/PackageFrameworks -F /Users/runner/work/Album-Prag/Album-Prag/DerivedData/Build/Products/Debug-iphonesimulator/PackageFrameworks -F /Users/runner/work/Album-Prag/Album-Prag/DerivedData/Build/Products/Debug-iphonesimulator/PackageFrameworks -F /Users/runner/work/Album-Prag/Album-Prag/DerivedData/Build/Products/Debug-iphonesimulator/PackageFrameworks -F /Users/runner/work/Album-Prag/Album-Prag/DerivedData/Build/Products/Debug-iphonesimulator -F /Applications/Xcode_26.6.app/Contents/Developer/Platforms/iPhoneSimulator.platform/Developer/Library/Frameworks -F /Applications/Xcode_26.6.app/Contents/Developer/Platforms/iPhoneSimulator.platform/Developer/SDKs/iPhoneSimulator26.5.sdk/Developer/Library/Frameworks -c -j3 -enable-batch-mode -incremental -Xcc -ivfsstatcache -Xcc /Users/runner/work/Album-Prag/Album-Prag/DerivedData/SDKStatCaches.noindex/iphonesimulator26.5-23F81a-688ef53f1462e2c8f657fdc38a81448ff45c64a1807a658693f2a61704f17a36.sdkstatcache -output-file-map /Users/runner/work/Album-Prag/Album-Prag/DerivedData/Build/Intermediates.noindex/Supabase.build/Debug-iphonesimulator/RealtimeV2.build/Objects-normal/arm64/RealtimeV2-OutputFileMap.json -use-frontend-parseable-output -save-temps -no-color-diagnostics -explicit-module-build -module-cache-path /Users/runner/work/Album-Prag/Album-Prag/DerivedData/Build/Intermediates.noindex/SwiftExplicitPrecompiledModules -clang-scanner-module-cache-path /Users/runner/work/Album-Prag/Album-Prag/DerivedData/ModuleCache.noindex -sdk-module-cache-path /Users/runner/work/Album-Prag/Album-Prag/DerivedData/ModuleCache.noindex -serialize-diagnostics -emit-dependencies -emit-module -emit-module-path /Users/runner/work/Album-Prag/Album-Prag/DerivedData/Build/Intermediates.noindex/Supabase.build/Debug-iphonesimulator/RealtimeV2.build/Objects-normal/arm64/RealtimeV2.swiftmodule -user-module-version 2.55.2 -validate-clang-modules-once -clang-build-session-file /Users/runner/work/Album-Prag/Album-Prag/DerivedData/ModuleCache.noindex/Session.modulevalidation -package-name supabase_swift -Xcc -I/Users/runner/work/Album-Prag/Album-Prag/DerivedData/Build/Intermediates.noindex/Supabase.build/Debug-iphonesimulator/RealtimeV2.build/swift-overrides.hmap -emit-const-values -Xfrontend -const-gather-protocols-file -Xfrontend /Users/runner/work/Album-Prag/Album-Prag/DerivedData/Build/Intermediates.noindex/Supabase.build/Debug-iphonesimulator/RealtimeV2.build/Objects-normal/arm64/RealtimeV2_const_extract_protocols.json -Xcc -I/Users/runner/work/Album-Prag/Album-Prag/DerivedData/Build/Products/Debug-iphonesimulator/include -Xcc -I/Users/runner/work/Album-Prag/Album-Prag/DerivedData/Build/Intermediates.noindex/Supabase.build/Debug-iphonesimulator/RealtimeV2.build/DerivedSources-normal/arm64 -Xcc -I/Users/runner/work/Album-Prag/Album-Prag/DerivedData/Build/Intermediates.noindex/Supabase.build/Debug-iphonesimulator/RealtimeV2.build/DerivedSources/arm64 -Xcc -I/Users/runner/work/Album-Prag/Album-Prag/DerivedData/Build/Intermediates.noindex/Supabase.build/Debug-iphonesimulator/RealtimeV2.build/DerivedSources -Xcc -DSWIFT_PACKAGE -Xcc -DDEBUG\=1 -emit-objc-header -emit-objc-header-path /Users/runner/work/Album-Prag/Album-Prag/DerivedData/Build/Intermediates.noindex/Supabase.build/Debug-iphonesimulator/RealtimeV2.build/Objects-normal/arm64/RealtimeV2-Swift.h -working-directory /Users/runner/work/Album-Prag/Album-Prag/Album.xcodeproj -experimental-emit-module-separately -disable-cmo

SwiftEmitModule normal arm64 Emitting\ module\ for\ Storage (in target 'Storage' from project 'Supabase')

EmitSwiftModule normal arm64 (in target 'Storage' from project 'Supabase')
    cd /Users/runner/work/Album-Prag/Album-Prag/Album.xcodeproj
    

SwiftCompile normal arm64 Compiling\ StorageVectorsClient.swift,\ SupabaseStorage.swift,\ Types.swift,\ VectorBucketClient.swift,\ VectorIndexClient.swift /Users/runner/work/Album-Prag/Album-Prag/DerivedData/SourcePackages/checkouts/supabase-swift/Sources/Storage/StorageVectorsClient.swift /Users/runner/work/Album-Prag/Album-Prag/DerivedData/SourcePackages/checkouts/supabase-swift/Sources/Storage/SupabaseStorage.swift /Users/runner/work/Album-Prag/Album-Prag/DerivedData/SourcePackages/checkouts/supabase-swift/Sources/Storage/Types.swift /Users/runner/work/Album-Prag/Album-Prag/DerivedData/SourcePackages/checkouts/supabase-swift/Sources/Storage/VectorBucketClient.swift /Users/runner/work/Album-Prag/Album-Prag/DerivedData/SourcePackages/checkouts/supabase-swift/Sources/Storage/VectorIndexClient.swift (in target 'Storage' from project 'Supabase')
SwiftCompile normal arm64 /Users/runner/work/Album-Prag/Album-Prag/DerivedData/SourcePackages/checkouts/supabase-swift/Sources/Storage/StorageVectorsClient.swift (in target 'Storage' from project 'Supabase')
    cd /Users/runner/work/Album-Prag/Album-Prag/Album.xcodeproj
    

SwiftCompile normal arm64 /Users/runner/work/Album-Prag/Album-Prag/DerivedData/SourcePackages/checkouts/supabase-swift/Sources/Storage/SupabaseStorage.swift (in target 'Storage' from project 'Supabase')
    cd /Users/runner/work/Album-Prag/Album-Prag/Album.xcodeproj
    

SwiftCompile normal arm64 /Users/runner/work/Album-Prag/Album-Prag/DerivedData/SourcePackages/checkouts/supabase-swift/Sources/Storage/Types.swift (in target 'Storage' from project 'Supabase')
    cd /Users/runner/work/Album-Prag/Album-Prag/Album.xcodeproj
    

SwiftCompile normal arm64 /Users/runner/work/Album-Prag/Album-Prag/DerivedData/SourcePackages/checkouts/supabase-swift/Sources/Storage/VectorBucketClient.swift (in target 'Storage' from project 'Supabase')
    cd /Users/runner/work/Album-Prag/Album-Prag/Album.xcodeproj
    

SwiftCompile normal arm64 /Users/runner/work/Album-Prag/Album-Prag/DerivedData/SourcePackages/checkouts/supabase-swift/Sources/Storage/VectorIndexClient.swift (in target 'Storage' from project 'Supabase')
    cd /Users/runner/work/Album-Prag/Album-Prag/Album.xcodeproj
    

SwiftDriverJobDiscovery normal arm64 Compiling HTTPClient.swift, HTTPFields.swift, HTTPRequest.swift, HTTPResponse.swift, LoggerInterceptor.swift, RetryRequestInterceptor.swift, JWT.swift, OSLogSupabaseLogger.swift (in target 'Helpers' from project 'Supabase')

SwiftCompile normal arm64 Compiling\ Codable.swift,\ Deprecated.swift,\ Exports.swift,\ Helpers.swift,\ MultipartFormData.swift /Users/runner/work/Album-Prag/Album-Prag/DerivedData/SourcePackages/checkouts/supabase-swift/Sources/Storage/Codable.swift /Users/runner/work/Album-Prag/Album-Prag/DerivedData/SourcePackages/checkouts/supabase-swift/Sources/Storage/Deprecated.swift /Users/runner/work/Album-Prag/Album-Prag/DerivedData/SourcePackages/checkouts/supabase-swift/Sources/Storage/Exports.swift /Users/runner/work/Album-Prag/Album-Prag/DerivedData/SourcePackages/checkouts/supabase-swift/Sources/Storage/Helpers.swift /Users/runner/work/Album-Prag/Album-Prag/DerivedData/SourcePackages/checkouts/supabase-swift/Sources/Storage/MultipartFormData.swift (in target 'Storage' from project 'Supabase')

SwiftCompile normal arm64 /Users/runner/work/Album-Prag/Album-Prag/DerivedData/SourcePackages/checkouts/supabase-swift/Sources/Storage/Codable.swift (in target 'Storage' from project 'Supabase')
    cd /Users/runner/work/Album-Prag/Album-Prag/Album.xcodeproj
    

SwiftCompile normal arm64 /Users/runner/work/Album-Prag/Album-Prag/DerivedData/SourcePackages/checkouts/supabase-swift/Sources/Storage/Deprecated.swift (in target 'Storage' from project 'Supabase')
    cd /Users/runner/work/Album-Prag/Album-Prag/Album.xcodeproj
    

SwiftCompile normal arm64 /Users/runner/work/Album-Prag/Album-Prag/DerivedData/SourcePackages/checkouts/supabase-swift/Sources/Storage/Exports.swift (in target 'Storage' from project 'Supabase')
    cd /Users/runner/work/Album-Prag/Album-Prag/Album.xcodeproj
    

SwiftCompile normal arm64 /Users/runner/work/Album-Prag/Album-Prag/DerivedData/SourcePackages/checkouts/supabase-swift/Sources/Storage/Helpers.swift (in target 'Storage' from project 'Supabase')
    cd /Users/runner/work/Album-Prag/Album-Prag/Album.xcodeproj
    

SwiftCompile normal arm64 /Users/runner/work/Album-Prag/Album-Prag/DerivedData/SourcePackages/checkouts/supabase-swift/Sources/Storage/MultipartFormData.swift (in target 'Storage' from project 'Supabase')
    cd /Users/runner/work/Album-Prag/Album-Prag/Album.xcodeproj
    

SwiftDriverJobDiscovery normal arm64 Emitting module for Storage (in target 'Storage' from project 'Supabase')

SwiftDriver\ Compilation\ Requirements Storage normal arm64 com.apple.xcode.tools.swift.compiler (in target 'Storage' from project 'Supabase')
    cd /Users/runner/work/Album-Prag/Album-Prag/Album.xcodeproj
    builtin-Swift-Compilation-Requirements -- /Applications/Xcode_26.6.app/Contents/Developer/Toolchains/XcodeDefault.xctoolchain/usr/bin/swiftc -module-name Storage -Onone @/Users/runner/work/Album-Prag/Album-Prag/DerivedData/Build/Intermediates.noindex/Supabase.build/Debug-iphonesimulator/Storage.build/Objects-normal/arm64/Storage.SwiftFileList -DSWIFT_PACKAGE -DDEBUG -DSWIFT_MODULE_RESOURCE_BUNDLE_UNAVAILABLE -DXcode -enable-upcoming-feature ExistentialAny -enable-upcoming-feature ImmutableWeakCaptures -enable-upcoming-feature InferIsolatedConformances -enable-upcoming-feature InternalImportsByDefault -enable-upcoming-feature MemberImportVisibility -plugin-path /Applications/Xcode_26.6.app/Contents/Developer/Toolchains/XcodeDefault.xctoolchain/usr/lib/swift/host/plugins/testing -enable-experimental-feature DebugDescriptionMacro -sdk /Applications/Xcode_26.6.app/Contents/Developer/Platforms/iPhoneSimulator.platform/Developer/SDKs/iPhoneSimulator26.5.sdk -target arm64-apple-ios16.0-simulator -g -module-cache-path /Users/runner/work/Album-Prag/Album-Prag/DerivedData/ModuleCache.noindex -Xfrontend -serialize-debugging-options -enable-testing -suppress-warnings -index-store-path /Users/runner/work/Album-Prag/Album-Prag/DerivedData/Index.noindex/DataStore -Xcc -D_LIBCPP_HARDENING_MODE\=_LIBCPP_HARDENING_MODE_DEBUG -swift-version 6 -I /Users/runner/work/Album-Prag/Album-Prag/DerivedData/Build/Products/Debug-iphonesimulator -Isystem /Applications/Xcode_26.6.app/Contents/Developer/Platforms/iPhoneSimulator.platform/Developer/usr/lib -F /Users/runner/work/Album-Prag/Album-Prag/DerivedData/Build/Products/Debug-iphonesimulator/PackageFrameworks -F /Users/runner/work/Album-Prag/Album-Prag/DerivedData/Build/Products/Debug-iphonesimulator/PackageFrameworks -F /Users/runner/work/Album-Prag/Album-Prag/DerivedData/Build/Products/Debug-iphonesimulator/PackageFrameworks -F /Users/runner/work/Album-Prag/Album-Prag/DerivedData/Build/Products/Debug-iphonesimulator/PackageFrameworks -F /Users/runner/work/Album-Prag/Album-Prag/DerivedData/Build/Products/Debug-iphonesimulator/PackageFrameworks -F /Users/runner/work/Album-Prag/Album-Prag/DerivedData/Build/Products/Debug-iphonesimulator/PackageFrameworks -F /Users/runner/work/Album-Prag/Album-Prag/DerivedData/Build/Products/Debug-iphonesimulator -F /Applications/Xcode_26.6.app/Contents/Developer/Platforms/iPhoneSimulator.platform/Developer/Library/Frameworks -F /Applications/Xcode_26.6.app/Contents/Developer/Platforms/iPhoneSimulator.platform/Developer/SDKs/iPhoneSimulator26.5.sdk/Developer/Library/Frameworks -c -j3 -enable-batch-mode -incremental -Xcc -ivfsstatcache -Xcc /Users/runner/work/Album-Prag/Album-Prag/DerivedData/SDKStatCaches.noindex/iphonesimulator26.5-23F81a-688ef53f1462e2c8f657fdc38a81448ff45c64a1807a658693f2a61704f17a36.sdkstatcache -output-file-map /Users/runner/work/Album-Prag/Album-Prag/DerivedData/Build/Intermediates.noindex/Supabase.build/Debug-iphonesimulator/Storage.build/Objects-normal/arm64/Storage-OutputFileMap.json -use-frontend-parseable-output -save-temps -no-color-diagnostics -explicit-module-build -module-cache-path /Users/runner/work/Album-Prag/Album-Prag/DerivedData/Build/Intermediates.noindex/SwiftExplicitPrecompiledModules -clang-scanner-module-cache-path /Users/runner/work/Album-Prag/Album-Prag/DerivedData/ModuleCache.noindex -sdk-module-cache-path /Users/runner/work/Album-Prag/Album-Prag/DerivedData/ModuleCache.noindex -serialize-diagnostics -emit-dependencies -emit-module -emit-module-path /Users/runner/work/Album-Prag/Album-Prag/DerivedData/Build/Intermediates.noindex/Supabase.build/Debug-iphonesimulator/Storage.build/Objects-normal/arm64/Storage.swiftmodule -user-module-version 2.55.2 -validate-clang-modules-once -clang-build-session-file /Users/runner/work/Album-Prag/Album-Prag/DerivedData/ModuleCache.noindex/Session.modulevalidation -package-name supabase_swift -Xcc -I/Users/runner/work/Album-Prag/Album-Prag/DerivedData/Build/Intermediates.noindex/Supabase.build/Debug-iphonesimulator/Storage.build/swift-overrides.hmap -emit-const-values -Xfrontend -const-gather-protocols-file -Xfrontend /Users/runner/work/Album-Prag/Album-Prag/DerivedData/Build/Intermediates.noindex/Supabase.build/Debug-iphonesimulator/Storage.build/Objects-normal/arm64/Storage_const_extract_protocols.json -Xcc -I/Users/runner/work/Album-Prag/Album-Prag/DerivedData/Build/Products/Debug-iphonesimulator/include -Xcc -I/Users/runner/work/Album-Prag/Album-Prag/DerivedData/Build/Intermediates.noindex/Supabase.build/Debug-iphonesimulator/Storage.build/DerivedSources-normal/arm64 -Xcc -I/Users/runner/work/Album-Prag/Album-Prag/DerivedData/Build/Intermediates.noindex/Supabase.build/Debug-iphonesimulator/Storage.build/DerivedSources/arm64 -Xcc -I/Users/runner/work/Album-Prag/Album-Prag/DerivedData/Build/Intermediates.noindex/Supabase.build/Debug-iphonesimulator/Storage.build/DerivedSources -Xcc -DSWIFT_PACKAGE -Xcc -DDEBUG\=1 -emit-objc-header -emit-objc-header-path /Users/runner/work/Album-Prag/Album-Prag/DerivedData/Build/Intermediates.noindex/Supabase.build/Debug-iphonesimulator/Storage.build/Objects-normal/arm64/Storage-Swift.h -working-directory /Users/runner/work/Album-Prag/Album-Prag/Album.xcodeproj -experimental-emit-module-separately -disable-cmo

SwiftEmitModule normal arm64 Emitting\ module\ for\ RealtimeV2 (in target 'RealtimeV2' from project 'Supabase')

EmitSwiftModule normal arm64 (in target 'RealtimeV2' from project 'Supabase')
    cd /Users/runner/work/Album-Prag/Album-Prag/Album.xcodeproj
    

SwiftMergeGeneratedHeaders /Users/runner/work/Album-Prag/Album-Prag/DerivedData/Build/Intermediates.noindex/GeneratedModuleMaps-iphonesimulator/Storage-Swift.h /Users/runner/work/Album-Prag/Album-Prag/DerivedData/Build/Intermediates.noindex/Supabase.build/Debug-iphonesimulator/Storage.build/Objects-normal/arm64/Storage-Swift.h (in target 'Storage' from project 'Supabase')
    cd /Users/runner/work/Album-Prag/Album-Prag/DerivedData/SourcePackages/checkouts/supabase-swift
    builtin-swiftHeaderTool -arch arm64 /Users/runner/work/Album-Prag/Album-Prag/DerivedData/Build/Intermediates.noindex/Supabase.build/Debug-iphonesimulator/Storage.build/Objects-normal/arm64/Storage-Swift.h -o /Users/runner/work/Album-Prag/Album-Prag/DerivedData/Build/Intermediates.noindex/GeneratedModuleMaps-iphonesimulator/Storage-Swift.h

SwiftDriverJobDiscovery normal arm64 Emitting module for RealtimeV2 (in target 'RealtimeV2' from project 'Supabase')

Copy /Users/runner/work/Album-Prag/Album-Prag/DerivedData/Build/Products/Debug-iphonesimulator/Storage.swiftmodule/arm64-apple-ios-simulator.swiftmodule /Users/runner/work/Album-Prag/Album-Prag/DerivedData/Build/Intermediates.noindex/Supabase.build/Debug-iphonesimulator/Storage.build/Objects-normal/arm64/Storage.swiftmodule (in target 'Storage' from project 'Supabase')
    cd /Users/runner/work/Album-Prag/Album-Prag/DerivedData/SourcePackages/checkouts/supabase-swift
    builtin-copy -exclude .DS_Store -exclude CVS -exclude .svn -exclude .git -exclude .hg -resolve-src-symlinks -rename /Users/runner/work/Album-Prag/Album-Prag/DerivedData/Build/Intermediates.noindex/Supabase.build/Debug-iphonesimulator/Storage.build/Objects-normal/arm64/Storage.swiftmodule /Users/runner/work/Album-Prag/Album-Prag/DerivedData/Build/Products/Debug-iphonesimulator/Storage.swiftmodule/arm64-apple-ios-simulator.swiftmodule

Copy /Users/runner/work/Album-Prag/Album-Prag/DerivedData/Build/Products/Debug-iphonesimulator/Storage.swiftmodule/arm64-apple-ios-simulator.swiftdoc /Users/runner/work/Album-Prag/Album-Prag/DerivedData/Build/Intermediates.noindex/Supabase.build/Debug-iphonesimulator/Storage.build/Objects-normal/arm64/Storage.swiftdoc (in target 'Storage' from project 'Supabase')
    cd /Users/runner/work/Album-Prag/Album-Prag/DerivedData/SourcePackages/checkouts/supabase-swift
    builtin-copy -exclude .DS_Store -exclude CVS -exclude .svn -exclude .git -exclude .hg -resolve-src-symlinks -rename /Users/runner/work/Album-Prag/Album-Prag/DerivedData/Build/Intermediates.noindex/Supabase.build/Debug-iphonesimulator/Storage.build/Objects-normal/arm64/Storage.swiftdoc /Users/runner/work/Album-Prag/Album-Prag/DerivedData/Build/Products/Debug-iphonesimulator/Storage.swiftmodule/arm64-apple-ios-simulator.swiftdoc

Copy /Users/runner/work/Album-Prag/Album-Prag/DerivedData/Build/Products/Debug-iphonesimulator/Storage.swiftmodule/arm64-apple-ios-simulator.abi.json /Users/runner/work/Album-Prag/Album-Prag/DerivedData/Build/Intermediates.noindex/Supabase.build/Debug-iphonesimulator/Storage.build/Objects-normal/arm64/Storage.abi.json (in target 'Storage' from project 'Supabase')
    cd /Users/runner/work/Album-Prag/Album-Prag/DerivedData/SourcePackages/checkouts/supabase-swift
    builtin-copy -exclude .DS_Store -exclude CVS -exclude .svn -exclude .git -exclude .hg -resolve-src-symlinks -rename /Users/runner/work/Album-Prag/Album-Prag/DerivedData/Build/Intermediates.noindex/Supabase.build/Debug-iphonesimulator/Storage.build/Objects-normal/arm64/Storage.abi.json /Users/runner/work/Album-Prag/Album-Prag/DerivedData/Build/Products/Debug-iphonesimulator/Storage.swiftmodule/arm64-apple-ios-simulator.abi.json

Copy /Users/runner/work/Album-Prag/Album-Prag/DerivedData/Build/Products/Debug-iphonesimulator/Storage.swiftmodule/Project/arm64-apple-ios-simulator.swiftsourceinfo /Users/runner/work/Album-Prag/Album-Prag/DerivedData/Build/Intermediates.noindex/Supabase.build/Debug-iphonesimulator/Storage.build/Objects-normal/arm64/Storage.swiftsourceinfo (in target 'Storage' from project 'Supabase')
    cd /Users/runner/work/Album-Prag/Album-Prag/DerivedData/SourcePackages/checkouts/supabase-swift
    builtin-copy -exclude .DS_Store -exclude CVS -exclude .svn -exclude .git -exclude .hg -resolve-src-symlinks -rename /Users/runner/work/Album-Prag/Album-Prag/DerivedData/Build/Intermediates.noindex/Supabase.build/Debug-iphonesimulator/Storage.build/Objects-normal/arm64/Storage.swiftsourceinfo /Users/runner/work/Album-Prag/Album-Prag/DerivedData/Build/Products/Debug-iphonesimulator/Storage.swiftmodule/Project/arm64-apple-ios-simulator.swiftsourceinfo

SwiftDriver\ Compilation\ Requirements RealtimeV2 normal arm64 com.apple.xcode.tools.swift.compiler (in target 'RealtimeV2' from project 'Supabase')
    cd /Users/runner/work/Album-Prag/Album-Prag/Album.xcodeproj
    builtin-Swift-Compilation-Requirements -- /Applications/Xcode_26.6.app/Contents/Developer/Toolchains/XcodeDefault.xctoolchain/usr/bin/swiftc -module-name RealtimeV2 -Onone @/Users/runner/work/Album-Prag/Album-Prag/DerivedData/Build/Intermediates.noindex/Supabase.build/Debug-iphonesimulator/RealtimeV2.build/Objects-normal/arm64/RealtimeV2.SwiftFileList -DSWIFT_PACKAGE -DDEBUG -DSWIFT_MODULE_RESOURCE_BUNDLE_UNAVAILABLE -DXcode -enable-upcoming-feature ExistentialAny -enable-upcoming-feature ImmutableWeakCaptures -enable-upcoming-feature InferIsolatedConformances -enable-upcoming-feature InternalImportsByDefault -enable-upcoming-feature MemberImportVisibility -plugin-path /Applications/Xcode_26.6.app/Contents/Developer/Toolchains/XcodeDefault.xctoolchain/usr/lib/swift/host/plugins/testing -enable-experimental-feature DebugDescriptionMacro -sdk /Applications/Xcode_26.6.app/Contents/Developer/Platforms/iPhoneSimulator.platform/Developer/SDKs/iPhoneSimulator26.5.sdk -target arm64-apple-ios16.0-simulator -g -module-cache-path /Users/runner/work/Album-Prag/Album-Prag/DerivedData/ModuleCache.noindex -Xfrontend -serialize-debugging-options -enable-testing -suppress-warnings -index-store-path /Users/runner/work/Album-Prag/Album-Prag/DerivedData/Index.noindex/DataStore -Xcc -D_LIBCPP_HARDENING_MODE\=_LIBCPP_HARDENING_MODE_DEBUG -swift-version 6 -I /Users/runner/work/Album-Prag/Album-Prag/DerivedData/Build/Products/Debug-iphonesimulator -Isystem /Applications/Xcode_26.6.app/Contents/Developer/Platforms/iPhoneSimulator.platform/Developer/usr/lib -F /Users/runner/work/Album-Prag/Album-Prag/DerivedData/Build/Products/Debug-iphonesimulator/PackageFrameworks -F /Users/runner/work/Album-Prag/Album-Prag/DerivedData/Build/Products/Debug-iphonesimulator/PackageFrameworks -F /Users/runner/work/Album-Prag/Album-Prag/DerivedData/Build/Products/Debug-iphonesimulator/PackageFrameworks -F /Users/runner/work/Album-Prag/Album-Prag/DerivedData/Build/Products/Debug-iphonesimulator/PackageFrameworks -F /Users/runner/work/Album-Prag/Album-Prag/DerivedData/Build/Products/Debug-iphonesimulator/PackageFrameworks -F /Users/runner/work/Album-Prag/Album-Prag/DerivedData/Build/Products/Debug-iphonesimulator/PackageFrameworks -F /Users/runner/work/Album-Prag/Album-Prag/DerivedData/Build/Products/Debug-iphonesimulator -F /Applications/Xcode_26.6.app/Contents/Developer/Platforms/iPhoneSimulator.platform/Developer/Library/Frameworks -F /Applications/Xcode_26.6.app/Contents/Developer/Platforms/iPhoneSimulator.platform/Developer/SDKs/iPhoneSimulator26.5.sdk/Developer/Library/Frameworks -c -j3 -enable-batch-mode -incremental -Xcc -ivfsstatcache -Xcc /Users/runner/work/Album-Prag/Album-Prag/DerivedData/SDKStatCaches.noindex/iphonesimulator26.5-23F81a-688ef53f1462e2c8f657fdc38a81448ff45c64a1807a658693f2a61704f17a36.sdkstatcache -output-file-map /Users/runner/work/Album-Prag/Album-Prag/DerivedData/Build/Intermediates.noindex/Supabase.build/Debug-iphonesimulator/RealtimeV2.build/Objects-normal/arm64/RealtimeV2-OutputFileMap.json -use-frontend-parseable-output -save-temps -no-color-diagnostics -explicit-module-build -module-cache-path /Users/runner/work/Album-Prag/Album-Prag/DerivedData/Build/Intermediates.noindex/SwiftExplicitPrecompiledModules -clang-scanner-module-cache-path /Users/runner/work/Album-Prag/Album-Prag/DerivedData/ModuleCache.noindex -sdk-module-cache-path /Users/runner/work/Album-Prag/Album-Prag/DerivedData/ModuleCache.noindex -serialize-diagnostics -emit-dependencies -emit-module -emit-module-path /Users/runner/work/Album-Prag/Album-Prag/DerivedData/Build/Intermediates.noindex/Supabase.build/Debug-iphonesimulator/RealtimeV2.build/Objects-normal/arm64/RealtimeV2.swiftmodule -user-module-version 2.55.2 -validate-clang-modules-once -clang-build-session-file /Users/runner/work/Album-Prag/Album-Prag/DerivedData/ModuleCache.noindex/Session.modulevalidation -package-name supabase_swift -Xcc -I/Users/runner/work/Album-Prag/Album-Prag/DerivedData/Build/Intermediates.noindex/Supabase.build/Debug-iphonesimulator/RealtimeV2.build/swift-overrides.hmap -emit-const-values -Xfrontend -const-gather-protocols-file -Xfrontend /Users/runner/work/Album-Prag/Album-Prag/DerivedData/Build/Intermediates.noindex/Supabase.build/Debug-iphonesimulator/RealtimeV2.build/Objects-normal/arm64/RealtimeV2_const_extract_protocols.json -Xcc -I/Users/runner/work/Album-Prag/Album-Prag/DerivedData/Build/Products/Debug-iphonesimulator/include -Xcc -I/Users/runner/work/Album-Prag/Album-Prag/DerivedData/Build/Intermediates.noindex/Supabase.build/Debug-iphonesimulator/RealtimeV2.build/DerivedSources-normal/arm64 -Xcc -I/Users/runner/work/Album-Prag/Album-Prag/DerivedData/Build/Intermediates.noindex/Supabase.build/Debug-iphonesimulator/RealtimeV2.build/DerivedSources/arm64 -Xcc -I/Users/runner/work/Album-Prag/Album-Prag/DerivedData/Build/Intermediates.noindex/Supabase.build/Debug-iphonesimulator/RealtimeV2.build/DerivedSources -Xcc -DSWIFT_PACKAGE -Xcc -DDEBUG\=1 -emit-objc-header -emit-objc-header-path /Users/runner/work/Album-Prag/Album-Prag/DerivedData/Build/Intermediates.noindex/Supabase.build/Debug-iphonesimulator/RealtimeV2.build/Objects-normal/arm64/RealtimeV2-Swift.h -working-directory /Users/runner/work/Album-Prag/Album-Prag/Album.xcodeproj -experimental-emit-module-separately -disable-cmo

SwiftCompile normal arm64 Compiling\ StorageApi.swift,\ StorageBucketApi.swift,\ StorageError.swift,\ StorageFileApi.swift,\ StorageHTTPClient.swift /Users/runner/work/Album-Prag/Album-Prag/DerivedData/SourcePackages/checkouts/supabase-swift/Sources/Storage/StorageApi.swift /Users/runner/work/Album-Prag/Album-Prag/DerivedData/SourcePackages/checkouts/supabase-swift/Sources/Storage/StorageBucketApi.swift /Users/runner/work/Album-Prag/Album-Prag/DerivedData/SourcePackages/checkouts/supabase-swift/Sources/Storage/StorageError.swift /Users/runner/work/Album-Prag/Album-Prag/DerivedData/SourcePackages/checkouts/supabase-swift/Sources/Storage/StorageFileApi.swift /Users/runner/work/Album-Prag/Album-Prag/DerivedData/SourcePackages/checkouts/supabase-swift/Sources/Storage/StorageHTTPClient.swift (in target 'Storage' from project 'Supabase')

SwiftCompile normal arm64 /Users/runner/work/Album-Prag/Album-Prag/DerivedData/SourcePackages/checkouts/supabase-swift/Sources/Storage/StorageApi.swift (in target 'Storage' from project 'Supabase')
    cd /Users/runner/work/Album-Prag/Album-Prag/Album.xcodeproj
    

SwiftCompile normal arm64 /Users/runner/work/Album-Prag/Album-Prag/DerivedData/SourcePackages/checkouts/supabase-swift/Sources/Storage/StorageBucketApi.swift (in target 'Storage' from project 'Supabase')
    cd /Users/runner/work/Album-Prag/Album-Prag/Album.xcodeproj
    

SwiftCompile normal arm64 /Users/runner/work/Album-Prag/Album-Prag/DerivedData/SourcePackages/checkouts/supabase-swift/Sources/Storage/StorageError.swift (in target 'Storage' from project 'Supabase')
    cd /Users/runner/work/Album-Prag/Album-Prag/Album.xcodeproj
    

SwiftCompile normal arm64 /Users/runner/work/Album-Prag/Album-Prag/DerivedData/SourcePackages/checkouts/supabase-swift/Sources/Storage/StorageFileApi.swift (in target 'Storage' from project 'Supabase')
    cd /Users/runner/work/Album-Prag/Album-Prag/Album.xcodeproj
    

SwiftCompile normal arm64 /Users/runner/work/Album-Prag/Album-Prag/DerivedData/SourcePackages/checkouts/supabase-swift/Sources/Storage/StorageHTTPClient.swift (in target 'Storage' from project 'Supabase')
    cd /Users/runner/work/Album-Prag/Album-Prag/Album.xcodeproj
    

SwiftMergeGeneratedHeaders /Users/runner/work/Album-Prag/Album-Prag/DerivedData/Build/Intermediates.noindex/GeneratedModuleMaps-iphonesimulator/RealtimeV2-Swift.h /Users/runner/work/Album-Prag/Album-Prag/DerivedData/Build/Intermediates.noindex/Supabase.build/Debug-iphonesimulator/RealtimeV2.build/Objects-normal/arm64/RealtimeV2-Swift.h (in target 'RealtimeV2' from project 'Supabase')
    cd /Users/runner/work/Album-Prag/Album-Prag/DerivedData/SourcePackages/checkouts/supabase-swift
    builtin-swiftHeaderTool -arch arm64 /Users/runner/work/Album-Prag/Album-Prag/DerivedData/Build/Intermediates.noindex/Supabase.build/Debug-iphonesimulator/RealtimeV2.build/Objects-normal/arm64/RealtimeV2-Swift.h -o /Users/runner/work/Album-Prag/Album-Prag/DerivedData/Build/Intermediates.noindex/GeneratedModuleMaps-iphonesimulator/RealtimeV2-Swift.h

SwiftDriverJobDiscovery normal arm64 Compiling Codable.swift, Deprecated.swift, Exports.swift, Helpers.swift, MultipartFormData.swift (in target 'Storage' from project 'Supabase')

Copy /Users/runner/work/Album-Prag/Album-Prag/DerivedData/Build/Products/Debug-iphonesimulator/RealtimeV2.swiftmodule/arm64-apple-ios-simulator.swiftmodule /Users/runner/work/Album-Prag/Album-Prag/DerivedData/Build/Intermediates.noindex/Supabase.build/Debug-iphonesimulator/RealtimeV2.build/Objects-normal/arm64/RealtimeV2.swiftmodule (in target 'RealtimeV2' from project 'Supabase')
    cd /Users/runner/work/Album-Prag/Album-Prag/DerivedData/SourcePackages/checkouts/supabase-swift
    builtin-copy -exclude .DS_Store -exclude CVS -exclude .svn -exclude .git -exclude .hg -resolve-src-symlinks -rename /Users/runner/work/Album-Prag/Album-Prag/DerivedData/Build/Intermediates.noindex/Supabase.build/Debug-iphonesimulator/RealtimeV2.build/Objects-normal/arm64/RealtimeV2.swiftmodule /Users/runner/work/Album-Prag/Album-Prag/DerivedData/Build/Products/Debug-iphonesimulator/RealtimeV2.swiftmodule/arm64-apple-ios-simulator.swiftmodule

Copy /Users/runner/work/Album-Prag/Album-Prag/DerivedData/Build/Products/Debug-iphonesimulator/RealtimeV2.swiftmodule/arm64-apple-ios-simulator.swiftdoc /Users/runner/work/Album-Prag/Album-Prag/DerivedData/Build/Intermediates.noindex/Supabase.build/Debug-iphonesimulator/RealtimeV2.build/Objects-normal/arm64/RealtimeV2.swiftdoc (in target 'RealtimeV2' from project 'Supabase')
    cd /Users/runner/work/Album-Prag/Album-Prag/DerivedData/SourcePackages/checkouts/supabase-swift
    builtin-copy -exclude .DS_Store -exclude CVS -exclude .svn -exclude .git -exclude .hg -resolve-src-symlinks -rename /Users/runner/work/Album-Prag/Album-Prag/DerivedData/Build/Intermediates.noindex/Supabase.build/Debug-iphonesimulator/RealtimeV2.build/Objects-normal/arm64/RealtimeV2.swiftdoc /Users/runner/work/Album-Prag/Album-Prag/DerivedData/Build/Products/Debug-iphonesimulator/RealtimeV2.swiftmodule/arm64-apple-ios-simulator.swiftdoc

Copy /Users/runner/work/Album-Prag/Album-Prag/DerivedData/Build/Products/Debug-iphonesimulator/RealtimeV2.swiftmodule/arm64-apple-ios-simulator.abi.json /Users/runner/work/Album-Prag/Album-Prag/DerivedData/Build/Intermediates.noindex/Supabase.build/Debug-iphonesimulator/RealtimeV2.build/Objects-normal/arm64/RealtimeV2.abi.json (in target 'RealtimeV2' from project 'Supabase')
    cd /Users/runner/work/Album-Prag/Album-Prag/DerivedData/SourcePackages/checkouts/supabase-swift
    builtin-copy -exclude .DS_Store -exclude CVS -exclude .svn -exclude .git -exclude .hg -resolve-src-symlinks -rename /Users/runner/work/Album-Prag/Album-Prag/DerivedData/Build/Intermediates.noindex/Supabase.build/Debug-iphonesimulator/RealtimeV2.build/Objects-normal/arm64/RealtimeV2.abi.json /Users/runner/work/Album-Prag/Album-Prag/DerivedData/Build/Products/Debug-iphonesimulator/RealtimeV2.swiftmodule/arm64-apple-ios-simulator.abi.json

Copy /Users/runner/work/Album-Prag/Album-Prag/DerivedData/Build/Products/Debug-iphonesimulator/RealtimeV2.swiftmodule/Project/arm64-apple-ios-simulator.swiftsourceinfo /Users/runner/work/Album-Prag/Album-Prag/DerivedData/Build/Intermediates.noindex/Supabase.build/Debug-iphonesimulator/RealtimeV2.build/Objects-normal/arm64/RealtimeV2.swiftsourceinfo (in target 'RealtimeV2' from project 'Supabase')
    cd /Users/runner/work/Album-Prag/Album-Prag/DerivedData/SourcePackages/checkouts/supabase-swift
    builtin-copy -exclude .DS_Store -exclude CVS -exclude .svn -exclude .git -exclude .hg -resolve-src-symlinks -rename /Users/runner/work/Album-Prag/Album-Prag/DerivedData/Build/Intermediates.noindex/Supabase.build/Debug-iphonesimulator/RealtimeV2.build/Objects-normal/arm64/RealtimeV2.swiftsourceinfo /Users/runner/work/Album-Prag/Album-Prag/DerivedData/Build/Products/Debug-iphonesimulator/RealtimeV2.swiftmodule/Project/arm64-apple-ios-simulator.swiftsourceinfo

SwiftCompile normal arm64 Compiling\ RealtimeLifecycleManager.swift,\ RealtimeMessageV2.swift,\ RealtimePostgresFilter.swift,\ RealtimePostgresFilterValue.swift,\ RealtimeSerializer.swift,\ Types.swift,\ URLSessionWebSocket.swift,\ WebSocket.swift /Users/runner/work/Album-Prag/Album-Prag/DerivedData/SourcePackages/checkouts/supabase-swift/Sources/RealtimeV2/RealtimeLifecycleManager.swift /Users/runner/work/Album-Prag/Album-Prag/DerivedData/SourcePackages/checkouts/supabase-swift/Sources/RealtimeV2/RealtimeMessageV2.swift /Users/runner/work/Album-Prag/Album-Prag/DerivedData/SourcePackages/checkouts/supabase-swift/Sources/RealtimeV2/RealtimePostgresFilter.swift /Users/runner/work/Album-Prag/Album-Prag/DerivedData/SourcePackages/checkouts/supabase-swift/Sources/RealtimeV2/RealtimePostgresFilterValue.swift /Users/runner/work/Album-Prag/Album-Prag/DerivedData/SourcePackages/checkouts/supabase-swift/Sources/RealtimeV2/RealtimeSerializer.swift /Users/runner/work/Album-Prag/Album-Prag/DerivedData/SourcePackages/checkouts/supabase-swift/Sources/RealtimeV2/Types.swift /Users/runner/work/Album-Prag/Album-Prag/DerivedData/SourcePackages/checkouts/supabase-swift/Sources/RealtimeV2/WebSocket/URLSessionWebSocket.swift /Users/runner/work/Album-Prag/Album-Prag/DerivedData/SourcePackages/checkouts/supabase-swift/Sources/RealtimeV2/WebSocket/WebSocket.swift (in target 'RealtimeV2' from project 'Supabase')
SwiftCompile normal arm64 /Users/runner/work/Album-Prag/Album-Prag/DerivedData/SourcePackages/checkouts/supabase-swift/Sources/RealtimeV2/RealtimeLifecycleManager.swift (in target 'RealtimeV2' from project 'Supabase')
    cd /Users/runner/work/Album-Prag/Album-Prag/Album.xcodeproj
    

SwiftCompile normal arm64 /Users/runner/work/Album-Prag/Album-Prag/DerivedData/SourcePackages/checkouts/supabase-swift/Sources/RealtimeV2/RealtimeMessageV2.swift (in target 'RealtimeV2' from project 'Supabase')
    cd /Users/runner/work/Album-Prag/Album-Prag/Album.xcodeproj
    

SwiftCompile normal arm64 /Users/runner/work/Album-Prag/Album-Prag/DerivedData/SourcePackages/checkouts/supabase-swift/Sources/RealtimeV2/RealtimePostgresFilter.swift (in target 'RealtimeV2' from project 'Supabase')
    cd /Users/runner/work/Album-Prag/Album-Prag/Album.xcodeproj
    

SwiftCompile normal arm64 /Users/runner/work/Album-Prag/Album-Prag/DerivedData/SourcePackages/checkouts/supabase-swift/Sources/RealtimeV2/RealtimePostgresFilterValue.swift (in target 'RealtimeV2' from project 'Supabase')
    cd /Users/runner/work/Album-Prag/Album-Prag/Album.xcodeproj
    

SwiftCompile normal arm64 /Users/runner/work/Album-Prag/Album-Prag/DerivedData/SourcePackages/checkouts/supabase-swift/Sources/RealtimeV2/RealtimeSerializer.swift (in target 'RealtimeV2' from project 'Supabase')
    cd /Users/runner/work/Album-Prag/Album-Prag/Album.xcodeproj
    

SwiftCompile normal arm64 /Users/runner/work/Album-Prag/Album-Prag/DerivedData/SourcePackages/checkouts/supabase-swift/Sources/RealtimeV2/Types.swift (in target 'RealtimeV2' from project 'Supabase')
    cd /Users/runner/work/Album-Prag/Album-Prag/Album.xcodeproj
    

SwiftCompile normal arm64 /Users/runner/work/Album-Prag/Album-Prag/DerivedData/SourcePackages/checkouts/supabase-swift/Sources/RealtimeV2/WebSocket/URLSessionWebSocket.swift (in target 'RealtimeV2' from project 'Supabase')
    cd /Users/runner/work/Album-Prag/Album-Prag/Album.xcodeproj
    

SwiftCompile normal arm64 /Users/runner/work/Album-Prag/Album-Prag/DerivedData/SourcePackages/checkouts/supabase-swift/Sources/RealtimeV2/WebSocket/WebSocket.swift (in target 'RealtimeV2' from project 'Supabase')
    cd /Users/runner/work/Album-Prag/Album-Prag/Album.xcodeproj
    

SwiftDriverJobDiscovery normal arm64 Compiling StorageApi.swift, StorageBucketApi.swift, StorageError.swift, StorageFileApi.swift, StorageHTTPClient.swift (in target 'Storage' from project 'Supabase')

SwiftCompile normal arm64 Compiling\ CallbackManager.swift,\ ChannelEvent.swift,\ ChannelStateManager.swift,\ ConnectionManager.swift,\ Exports.swift,\ PostgresAction.swift,\ PostgresActionData.swift,\ PresenceAction.swift,\ PushV2.swift /Users/runner/work/Album-Prag/Album-Prag/DerivedData/SourcePackages/checkouts/supabase-swift/Sources/RealtimeV2/CallbackManager.swift /Users/runner/work/Album-Prag/Album-Prag/DerivedData/SourcePackages/checkouts/supabase-swift/Sources/RealtimeV2/ChannelEvent.swift /Users/runner/work/Album-Prag/Album-Prag/DerivedData/SourcePackages/checkouts/supabase-swift/Sources/RealtimeV2/ChannelStateManager.swift /Users/runner/work/Album-Prag/Album-Prag/DerivedData/SourcePackages/checkouts/supabase-swift/Sources/RealtimeV2/ConnectionManager.swift /Users/runner/work/Album-Prag/Album-Prag/DerivedData/SourcePackages/checkouts/supabase-swift/Sources/RealtimeV2/Exports.swift /Users/runner/work/Album-Prag/Album-Prag/DerivedData/SourcePackages/checkouts/supabase-swift/Sources/RealtimeV2/PostgresAction.swift /Users/runner/work/Album-Prag/Album-Prag/DerivedData/SourcePackages/checkouts/supabase-swift/Sources/RealtimeV2/PostgresActionData.swift /Users/runner/work/Album-Prag/Album-Prag/DerivedData/SourcePackages/checkouts/supabase-swift/Sources/RealtimeV2/PresenceAction.swift /Users/runner/work/Album-Prag/Album-Prag/DerivedData/SourcePackages/checkouts/supabase-swift/Sources/RealtimeV2/PushV2.swift (in target 'RealtimeV2' from project 'Supabase')
SwiftCompile normal arm64 /Users/runner/work/Album-Prag/Album-Prag/DerivedData/SourcePackages/checkouts/supabase-swift/Sources/RealtimeV2/CallbackManager.swift (in target 'RealtimeV2' from project 'Supabase')
    cd /Users/runner/work/Album-Prag/Album-Prag/Album.xcodeproj
    

SwiftCompile normal arm64 /Users/runner/work/Album-Prag/Album-Prag/DerivedData/SourcePackages/checkouts/supabase-swift/Sources/RealtimeV2/ChannelEvent.swift (in target 'RealtimeV2' from project 'Supabase')
    cd /Users/runner/work/Album-Prag/Album-Prag/Album.xcodeproj
    

SwiftCompile normal arm64 /Users/runner/work/Album-Prag/Album-Prag/DerivedData/SourcePackages/checkouts/supabase-swift/Sources/RealtimeV2/ChannelStateManager.swift (in target 'RealtimeV2' from project 'Supabase')
    cd /Users/runner/work/Album-Prag/Album-Prag/Album.xcodeproj
    

SwiftCompile normal arm64 /Users/runner/work/Album-Prag/Album-Prag/DerivedData/SourcePackages/checkouts/supabase-swift/Sources/RealtimeV2/ConnectionManager.swift (in target 'RealtimeV2' from project 'Supabase')
    cd /Users/runner/work/Album-Prag/Album-Prag/Album.xcodeproj
    

SwiftCompile normal arm64 /Users/runner/work/Album-Prag/Album-Prag/DerivedData/SourcePackages/checkouts/supabase-swift/Sources/RealtimeV2/Exports.swift (in target 'RealtimeV2' from project 'Supabase')
    cd /Users/runner/work/Album-Prag/Album-Prag/Album.xcodeproj
    

SwiftCompile normal arm64 /Users/runner/work/Album-Prag/Album-Prag/DerivedData/SourcePackages/checkouts/supabase-swift/Sources/RealtimeV2/PostgresAction.swift (in target 'RealtimeV2' from project 'Supabase')
    cd /Users/runner/work/Album-Prag/Album-Prag/Album.xcodeproj
    

SwiftCompile normal arm64 /Users/runner/work/Album-Prag/Album-Prag/DerivedData/SourcePackages/checkouts/supabase-swift/Sources/RealtimeV2/PostgresActionData.swift (in target 'RealtimeV2' from project 'Supabase')
    cd /Users/runner/work/Album-Prag/Album-Prag/Album.xcodeproj
    

SwiftCompile normal arm64 /Users/runner/work/Album-Prag/Album-Prag/DerivedData/SourcePackages/checkouts/supabase-swift/Sources/RealtimeV2/PresenceAction.swift (in target 'RealtimeV2' from project 'Supabase')
    cd /Users/runner/work/Album-Prag/Album-Prag/Album.xcodeproj
    

SwiftCompile normal arm64 /Users/runner/work/Album-Prag/Album-Prag/DerivedData/SourcePackages/checkouts/supabase-swift/Sources/RealtimeV2/PushV2.swift (in target 'RealtimeV2' from project 'Supabase')
    cd /Users/runner/work/Album-Prag/Album-Prag/Album.xcodeproj
    

SwiftCompile normal arm64 Compiling\ RealtimeChannel+AsyncAwait.swift,\ RealtimeChannel+Status.swift,\ RealtimeChannelV2.swift,\ RealtimeClient+HeartbeatStatus.swift,\ RealtimeClient+Status.swift,\ RealtimeClientV2.swift,\ RealtimeError.swift,\ RealtimeJoinConfig.swift /Users/runner/work/Album-Prag/Album-Prag/DerivedData/SourcePackages/checkouts/supabase-swift/Sources/RealtimeV2/RealtimeChannel+AsyncAwait.swift /Users/runner/work/Album-Prag/Album-Prag/DerivedData/SourcePackages/checkouts/supabase-swift/Sources/RealtimeV2/RealtimeChannel+Status.swift /Users/runner/work/Album-Prag/Album-Prag/DerivedData/SourcePackages/checkouts/supabase-swift/Sources/RealtimeV2/RealtimeChannelV2.swift /Users/runner/work/Album-Prag/Album-Prag/DerivedData/SourcePackages/checkouts/supabase-swift/Sources/RealtimeV2/RealtimeClient+HeartbeatStatus.swift /Users/runner/work/Album-Prag/Album-Prag/DerivedData/SourcePackages/checkouts/supabase-swift/Sources/RealtimeV2/RealtimeClient+Status.swift /Users/runner/work/Album-Prag/Album-Prag/DerivedData/SourcePackages/checkouts/supabase-swift/Sources/RealtimeV2/RealtimeClientV2.swift /Users/runner/work/Album-Prag/Album-Prag/DerivedData/SourcePackages/checkouts/supabase-swift/Sources/RealtimeV2/RealtimeError.swift /Users/runner/work/Album-Prag/Album-Prag/DerivedData/SourcePackages/checkouts/supabase-swift/Sources/RealtimeV2/RealtimeJoinConfig.swift (in target 'RealtimeV2' from project 'Supabase')
SwiftCompile normal arm64 /Users/runner/work/Album-Prag/Album-Prag/DerivedData/SourcePackages/checkouts/supabase-swift/Sources/RealtimeV2/RealtimeChannel+AsyncAwait.swift (in target 'RealtimeV2' from project 'Supabase')
    cd /Users/runner/work/Album-Prag/Album-Prag/Album.xcodeproj
    

SwiftCompile normal arm64 /Users/runner/work/Album-Prag/Album-Prag/DerivedData/SourcePackages/checkouts/supabase-swift/Sources/RealtimeV2/RealtimeChannel+Status.swift (in target 'RealtimeV2' from project 'Supabase')
    cd /Users/runner/work/Album-Prag/Album-Prag/Album.xcodeproj
    

SwiftCompile normal arm64 /Users/runner/work/Album-Prag/Album-Prag/DerivedData/SourcePackages/checkouts/supabase-swift/Sources/RealtimeV2/RealtimeChannelV2.swift (in target 'RealtimeV2' from project 'Supabase')
    cd /Users/runner/work/Album-Prag/Album-Prag/Album.xcodeproj
    

SwiftCompile normal arm64 /Users/runner/work/Album-Prag/Album-Prag/DerivedData/SourcePackages/checkouts/supabase-swift/Sources/RealtimeV2/RealtimeClient+HeartbeatStatus.swift (in target 'RealtimeV2' from project 'Supabase')
    cd /Users/runner/work/Album-Prag/Album-Prag/Album.xcodeproj
    

SwiftCompile normal arm64 /Users/runner/work/Album-Prag/Album-Prag/DerivedData/SourcePackages/checkouts/supabase-swift/Sources/RealtimeV2/RealtimeClient+Status.swift (in target 'RealtimeV2' from project 'Supabase')
    cd /Users/runner/work/Album-Prag/Album-Prag/Album.xcodeproj
    

SwiftCompile normal arm64 /Users/runner/work/Album-Prag/Album-Prag/DerivedData/SourcePackages/checkouts/supabase-swift/Sources/RealtimeV2/RealtimeClientV2.swift (in target 'RealtimeV2' from project 'Supabase')
    cd /Users/runner/work/Album-Prag/Album-Prag/Album.xcodeproj
    

SwiftCompile normal arm64 /Users/runner/work/Album-Prag/Album-Prag/DerivedData/SourcePackages/checkouts/supabase-swift/Sources/RealtimeV2/RealtimeError.swift (in target 'RealtimeV2' from project 'Supabase')
    cd /Users/runner/work/Album-Prag/Album-Prag/Album.xcodeproj
    

SwiftCompile normal arm64 /Users/runner/work/Album-Prag/Album-Prag/DerivedData/SourcePackages/checkouts/supabase-swift/Sources/RealtimeV2/RealtimeJoinConfig.swift (in target 'RealtimeV2' from project 'Supabase')
    cd /Users/runner/work/Album-Prag/Album-Prag/Album.xcodeproj
    

SwiftDriverJobDiscovery normal arm64 Compiling StorageVectorsClient.swift, SupabaseStorage.swift, Types.swift, VectorBucketClient.swift, VectorIndexClient.swift (in target 'Storage' from project 'Supabase')

SwiftDriver\ Compilation Storage normal arm64 com.apple.xcode.tools.swift.compiler (in target 'Storage' from project 'Supabase')
    cd /Users/runner/work/Album-Prag/Album-Prag/Album.xcodeproj
    builtin-Swift-Compilation -- /Applications/Xcode_26.6.app/Contents/Developer/Toolchains/XcodeDefault.xctoolchain/usr/bin/swiftc -module-name Storage -Onone @/Users/runner/work/Album-Prag/Album-Prag/DerivedData/Build/Intermediates.noindex/Supabase.build/Debug-iphonesimulator/Storage.build/Objects-normal/arm64/Storage.SwiftFileList -DSWIFT_PACKAGE -DDEBUG -DSWIFT_MODULE_RESOURCE_BUNDLE_UNAVAILABLE -DXcode -enable-upcoming-feature ExistentialAny -enable-upcoming-feature ImmutableWeakCaptures -enable-upcoming-feature InferIsolatedConformances -enable-upcoming-feature InternalImportsByDefault -enable-upcoming-feature MemberImportVisibility -plugin-path /Applications/Xcode_26.6.app/Contents/Developer/Toolchains/XcodeDefault.xctoolchain/usr/lib/swift/host/plugins/testing -enable-experimental-feature DebugDescriptionMacro -sdk /Applications/Xcode_26.6.app/Contents/Developer/Platforms/iPhoneSimulator.platform/Developer/SDKs/iPhoneSimulator26.5.sdk -target arm64-apple-ios16.0-simulator -g -module-cache-path /Users/runner/work/Album-Prag/Album-Prag/DerivedData/ModuleCache.noindex -Xfrontend -serialize-debugging-options -enable-testing -suppress-warnings -index-store-path /Users/runner/work/Album-Prag/Album-Prag/DerivedData/Index.noindex/DataStore -Xcc -D_LIBCPP_HARDENING_MODE\=_LIBCPP_HARDENING_MODE_DEBUG -swift-version 6 -I /Users/runner/work/Album-Prag/Album-Prag/DerivedData/Build/Products/Debug-iphonesimulator -Isystem /Applications/Xcode_26.6.app/Contents/Developer/Platforms/iPhoneSimulator.platform/Developer/usr/lib -F /Users/runner/work/Album-Prag/Album-Prag/DerivedData/Build/Products/Debug-iphonesimulator/PackageFrameworks -F /Users/runner/work/Album-Prag/Album-Prag/DerivedData/Build/Products/Debug-iphonesimulator/PackageFrameworks -F /Users/runner/work/Album-Prag/Album-Prag/DerivedData/Build/Products/Debug-iphonesimulator/PackageFrameworks -F /Users/runner/work/Album-Prag/Album-Prag/DerivedData/Build/Products/Debug-iphonesimulator/PackageFrameworks -F /Users/runner/work/Album-Prag/Album-Prag/DerivedData/Build/Products/Debug-iphonesimulator/PackageFrameworks -F /Users/runner/work/Album-Prag/Album-Prag/DerivedData/Build/Products/Debug-iphonesimulator/PackageFrameworks -F /Users/runner/work/Album-Prag/Album-Prag/DerivedData/Build/Products/Debug-iphonesimulator -F /Applications/Xcode_26.6.app/Contents/Developer/Platforms/iPhoneSimulator.platform/Developer/Library/Frameworks -F /Applications/Xcode_26.6.app/Contents/Developer/Platforms/iPhoneSimulator.platform/Developer/SDKs/iPhoneSimulator26.5.sdk/Developer/Library/Frameworks -c -j3 -enable-batch-mode -incremental -Xcc -ivfsstatcache -Xcc /Users/runner/work/Album-Prag/Album-Prag/DerivedData/SDKStatCaches.noindex/iphonesimulator26.5-23F81a-688ef53f1462e2c8f657fdc38a81448ff45c64a1807a658693f2a61704f17a36.sdkstatcache -output-file-map /Users/runner/work/Album-Prag/Album-Prag/DerivedData/Build/Intermediates.noindex/Supabase.build/Debug-iphonesimulator/Storage.build/Objects-normal/arm64/Storage-OutputFileMap.json -use-frontend-parseable-output -save-temps -no-color-diagnostics -explicit-module-build -module-cache-path /Users/runner/work/Album-Prag/Album-Prag/DerivedData/Build/Intermediates.noindex/SwiftExplicitPrecompiledModules -clang-scanner-module-cache-path /Users/runner/work/Album-Prag/Album-Prag/DerivedData/ModuleCache.noindex -sdk-module-cache-path /Users/runner/work/Album-Prag/Album-Prag/DerivedData/ModuleCache.noindex -serialize-diagnostics -emit-dependencies -emit-module -emit-module-path /Users/runner/work/Album-Prag/Album-Prag/DerivedData/Build/Intermediates.noindex/Supabase.build/Debug-iphonesimulator/Storage.build/Objects-normal/arm64/Storage.swiftmodule -user-module-version 2.55.2 -validate-clang-modules-once -clang-build-session-file /Users/runner/work/Album-Prag/Album-Prag/DerivedData/ModuleCache.noindex/Session.modulevalidation -package-name supabase_swift -Xcc -I/Users/runner/work/Album-Prag/Album-Prag/DerivedData/Build/Intermediates.noindex/Supabase.build/Debug-iphonesimulator/Storage.build/swift-overrides.hmap -emit-const-values -Xfrontend -const-gather-protocols-file -Xfrontend /Users/runner/work/Album-Prag/Album-Prag/DerivedData/Build/Intermediates.noindex/Supabase.build/Debug-iphonesimulator/Storage.build/Objects-normal/arm64/Storage_const_extract_protocols.json -Xcc -I/Users/runner/work/Album-Prag/Album-Prag/DerivedData/Build/Products/Debug-iphonesimulator/include -Xcc -I/Users/runner/work/Album-Prag/Album-Prag/DerivedData/Build/Intermediates.noindex/Supabase.build/Debug-iphonesimulator/Storage.build/DerivedSources-normal/arm64 -Xcc -I/Users/runner/work/Album-Prag/Album-Prag/DerivedData/Build/Intermediates.noindex/Supabase.build/Debug-iphonesimulator/Storage.build/DerivedSources/arm64 -Xcc -I/Users/runner/work/Album-Prag/Album-Prag/DerivedData/Build/Intermediates.noindex/Supabase.build/Debug-iphonesimulator/Storage.build/DerivedSources -Xcc -DSWIFT_PACKAGE -Xcc -DDEBUG\=1 -emit-objc-header -emit-objc-header-path /Users/runner/work/Album-Prag/Album-Prag/DerivedData/Build/Intermediates.noindex/Supabase.build/Debug-iphonesimulator/Storage.build/Objects-normal/arm64/Storage-Swift.h -working-directory /Users/runner/work/Album-Prag/Album-Prag/Album.xcodeproj -experimental-emit-module-separately -disable-cmo

SwiftDriverJobDiscovery normal arm64 Compiling RealtimeLifecycleManager.swift, RealtimeMessageV2.swift, RealtimePostgresFilter.swift, RealtimePostgresFilterValue.swift, RealtimeSerializer.swift, Types.swift, URLSessionWebSocket.swift, WebSocket.swift (in target 'RealtimeV2' from project 'Supabase')

SwiftDriver\ Compilation Helpers normal arm64 com.apple.xcode.tools.swift.compiler (in target 'Helpers' from project 'Supabase')
    cd /Users/runner/work/Album-Prag/Album-Prag/Album.xcodeproj
    builtin-Swift-Compilation -- /Applications/Xcode_26.6.app/Contents/Developer/Toolchains/XcodeDefault.xctoolchain/usr/bin/swiftc -module-name Helpers -Onone @/Users/runner/work/Album-Prag/Album-Prag/DerivedData/Build/Intermediates.noindex/Supabase.build/Debug-iphonesimulator/Helpers.build/Objects-normal/arm64/Helpers.SwiftFileList -DSWIFT_PACKAGE -DDEBUG -DSWIFT_MODULE_RESOURCE_BUNDLE_UNAVAILABLE -DXcode -enable-upcoming-feature ExistentialAny -enable-upcoming-feature ImmutableWeakCaptures -enable-upcoming-feature InferIsolatedConformances -enable-upcoming-feature InternalImportsByDefault -enable-upcoming-feature MemberImportVisibility -plugin-path /Applications/Xcode_26.6.app/Contents/Developer/Toolchains/XcodeDefault.xctoolchain/usr/lib/swift/host/plugins/testing -enable-experimental-feature DebugDescriptionMacro -sdk /Applications/Xcode_26.6.app/Contents/Developer/Platforms/iPhoneSimulator.platform/Developer/SDKs/iPhoneSimulator26.5.sdk -target arm64-apple-ios16.0-simulator -g -module-cache-path /Users/runner/work/Album-Prag/Album-Prag/DerivedData/ModuleCache.noindex -Xfrontend -serialize-debugging-options -enable-testing -suppress-warnings -index-store-path /Users/runner/work/Album-Prag/Album-Prag/DerivedData/Index.noindex/DataStore -Xcc -D_LIBCPP_HARDENING_MODE\=_LIBCPP_HARDENING_MODE_DEBUG -swift-version 6 -I /Users/runner/work/Album-Prag/Album-Prag/DerivedData/Build/Products/Debug-iphonesimulator -Isystem /Applications/Xcode_26.6.app/Contents/Developer/Platforms/iPhoneSimulator.platform/Developer/usr/lib -F /Users/runner/work/Album-Prag/Album-Prag/DerivedData/Build/Products/Debug-iphonesimulator/PackageFrameworks -F /Users/runner/work/Album-Prag/Album-Prag/DerivedData/Build/Products/Debug-iphonesimulator/PackageFrameworks -F /Users/runner/work/Album-Prag/Album-Prag/DerivedData/Build/Products/Debug-iphonesimulator/PackageFrameworks -F /Users/runner/work/Album-Prag/Album-Prag/DerivedData/Build/Products/Debug-iphonesimulator/PackageFrameworks -F /Users/runner/work/Album-Prag/Album-Prag/DerivedData/Build/Products/Debug-iphonesimulator/PackageFrameworks -F /Users/runner/work/Album-Prag/Album-Prag/DerivedData/Build/Products/Debug-iphonesimulator -F /Applications/Xcode_26.6.app/Contents/Developer/Platforms/iPhoneSimulator.platform/Developer/Library/Frameworks -F /Applications/Xcode_26.6.app/Contents/Developer/Platforms/iPhoneSimulator.platform/Developer/SDKs/iPhoneSimulator26.5.sdk/Developer/Library/Frameworks -c -j3 -enable-batch-mode -incremental -Xcc -ivfsstatcache -Xcc /Users/runner/work/Album-Prag/Album-Prag/DerivedData/SDKStatCaches.noindex/iphonesimulator26.5-23F81a-688ef53f1462e2c8f657fdc38a81448ff45c64a1807a658693f2a61704f17a36.sdkstatcache -output-file-map /Users/runner/work/Album-Prag/Album-Prag/DerivedData/Build/Intermediates.noindex/Supabase.build/Debug-iphonesimulator/Helpers.build/Objects-normal/arm64/Helpers-OutputFileMap.json -use-frontend-parseable-output -save-temps -no-color-diagnostics -explicit-module-build -module-cache-path /Users/runner/work/Album-Prag/Album-Prag/DerivedData/Build/Intermediates.noindex/SwiftExplicitPrecompiledModules -clang-scanner-module-cache-path /Users/runner/work/Album-Prag/Album-Prag/DerivedData/ModuleCache.noindex -sdk-module-cache-path /Users/runner/work/Album-Prag/Album-Prag/DerivedData/ModuleCache.noindex -serialize-diagnostics -emit-dependencies -emit-module -emit-module-path /Users/runner/work/Album-Prag/Album-Prag/DerivedData/Build/Intermediates.noindex/Supabase.build/Debug-iphonesimulator/Helpers.build/Objects-normal/arm64/Helpers.swiftmodule -user-module-version 2.55.2 -validate-clang-modules-once -clang-build-session-file /Users/runner/work/Album-Prag/Album-Prag/DerivedData/ModuleCache.noindex/Session.modulevalidation -package-name supabase_swift -Xcc -I/Users/runner/work/Album-Prag/Album-Prag/DerivedData/Build/Intermediates.noindex/Supabase.build/Debug-iphonesimulator/Helpers.build/swift-overrides.hmap -emit-const-values -Xfrontend -const-gather-protocols-file -Xfrontend /Users/runner/work/Album-Prag/Album-Prag/DerivedData/Build/Intermediates.noindex/Supabase.build/Debug-iphonesimulator/Helpers.build/Objects-normal/arm64/Helpers_const_extract_protocols.json -Xcc -I/Users/runner/work/Album-Prag/Album-Prag/DerivedData/Build/Products/Debug-iphonesimulator/include -Xcc -I/Users/runner/work/Album-Prag/Album-Prag/DerivedData/Build/Intermediates.noindex/Supabase.build/Debug-iphonesimulator/Helpers.build/DerivedSources-normal/arm64 -Xcc -I/Users/runner/work/Album-Prag/Album-Prag/DerivedData/Build/Intermediates.noindex/Supabase.build/Debug-iphonesimulator/Helpers.build/DerivedSources/arm64 -Xcc -I/Users/runner/work/Album-Prag/Album-Prag/DerivedData/Build/Intermediates.noindex/Supabase.build/Debug-iphonesimulator/Helpers.build/DerivedSources -Xcc -DSWIFT_PACKAGE -Xcc -DDEBUG\=1 -emit-objc-header -emit-objc-header-path /Users/runner/work/Album-Prag/Album-Prag/DerivedData/Build/Intermediates.noindex/Supabase.build/Debug-iphonesimulator/Helpers.build/Objects-normal/arm64/Helpers-Swift.h -working-directory /Users/runner/work/Album-Prag/Album-Prag/Album.xcodeproj -experimental-emit-module-separately -disable-cmo

ExtractAppIntentsMetadata (in target 'Clocks' from project 'swift-clocks')
    cd /Users/runner/work/Album-Prag/Album-Prag/DerivedData/SourcePackages/checkouts/swift-clocks
    /Applications/Xcode_26.6.app/Contents/Developer/Toolchains/XcodeDefault.xctoolchain/usr/bin/appintentsmetadataprocessor --toolchain-dir /var/run/com.apple.security.cryptexd/mnt/com.apple.MobileAsset.MetalToolchain-v17.6.109.0.3IcKNH/Metal.xctoolchain --module-name Clocks --sdk-root /Applications/Xcode_26.6.app/Contents/Developer/Platforms/iPhoneSimulator.platform/Developer/SDKs/iPhoneSimulator26.5.sdk --xcode-version 17F113 --platform-family iOS --deployment-target 13.0 --bundle-identifier swift-clocks.Clocks --output /Users/runner/work/Album-Prag/Album-Prag/DerivedData/Build/Products/Debug-iphonesimulator/Clocks.appintents --target-triple arm64-apple-ios13.0-simulator --binary-file /Users/runner/work/Album-Prag/Album-Prag/DerivedData/Build/Products/Debug-iphonesimulator/Clocks.o --dependency-file /Users/runner/work/Album-Prag/Album-Prag/DerivedData/Build/Intermediates.noindex/swift-clocks.build/Debug-iphonesimulator/Clocks.build/Objects-normal/arm64/Clocks_dependency_info.dat --stringsdata-file /Users/runner/work/Album-Prag/Album-Prag/DerivedData/Build/Intermediates.noindex/swift-clocks.build/Debug-iphonesimulator/Clocks.build/Objects-normal/arm64/ExtractedAppShortcutsMetadata.stringsdata --source-file-list /Users/runner/work/Album-Prag/Album-Prag/DerivedData/Build/Intermediates.noindex/swift-clocks.build/Debug-iphonesimulator/Clocks.build/Objects-normal/arm64/Clocks.SwiftFileList --metadata-file-list /Users/runner/work/Album-Prag/Album-Prag/DerivedData/Build/Intermediates.noindex/swift-clocks.build/Debug-iphonesimulator/Clocks.build/Clocks.DependencyMetadataFileList --static-metadata-file-list /Users/runner/work/Album-Prag/Album-Prag/DerivedData/Build/Intermediates.noindex/swift-clocks.build/Debug-iphonesimulator/Clocks.build/Clocks.DependencyStaticMetadataFileList --swift-const-vals-list /Users/runner/work/Album-Prag/Album-Prag/DerivedData/Build/Intermediates.noindex/swift-clocks.build/Debug-iphonesimulator/Clocks.build/Objects-normal/arm64/Clocks.SwiftConstValuesFileList --force --compile-time-extraction --deployment-aware-processing --validate-assistant-intents --no-app-shortcuts-localization
2026-10-05 12:41:15.164 appintentsmetadataprocessor[6612:29922] Starting appintentsmetadataprocessor export
2026-10-05 12:41:15.179 appintentsmetadataprocessor[6612:29922] Extracted no relevant App Intents symbols, skipping writing output

SwiftDriver PostgREST normal arm64 com.apple.xcode.tools.swift.compiler (in target 'PostgREST' from project 'Supabase')
    cd /Users/runner/work/Album-Prag/Album-Prag/Album.xcodeproj
    builtin-SwiftDriver -- /Applications/Xcode_26.6.app/Contents/Developer/Toolchains/XcodeDefault.xctoolchain/usr/bin/swiftc -module-name PostgREST -Onone @/Users/runner/work/Album-Prag/Album-Prag/DerivedData/Build/Intermediates.noindex/Supabase.build/Debug-iphonesimulator/PostgREST.build/Objects-normal/arm64/PostgREST.SwiftFileList -DSWIFT_PACKAGE -DDEBUG -DSWIFT_MODULE_RESOURCE_BUNDLE_UNAVAILABLE -DXcode -enable-upcoming-feature ExistentialAny -enable-upcoming-feature ImmutableWeakCaptures -enable-upcoming-feature InferIsolatedConformances -enable-upcoming-feature InternalImportsByDefault -enable-upcoming-feature MemberImportVisibility -plugin-path /Applications/Xcode_26.6.app/Contents/Developer/Toolchains/XcodeDefault.xctoolchain/usr/lib/swift/host/plugins/testing -enable-experimental-feature DebugDescriptionMacro -sdk /Applications/Xcode_26.6.app/Contents/Developer/Platforms/iPhoneSimulator.platform/Developer/SDKs/iPhoneSimulator26.5.sdk -target arm64-apple-ios16.0-simulator -g -module-cache-path /Users/runner/work/Album-Prag/Album-Prag/DerivedData/ModuleCache.noindex -Xfrontend -serialize-debugging-options -enable-testing -suppress-warnings -index-store-path /Users/runner/work/Album-Prag/Album-Prag/DerivedData/Index.noindex/DataStore -Xcc -D_LIBCPP_HARDENING_MODE\=_LIBCPP_HARDENING_MODE_DEBUG -swift-version 6 -I /Users/runner/work/Album-Prag/Album-Prag/DerivedData/Build/Products/Debug-iphonesimulator -Isystem /Applications/Xcode_26.6.app/Contents/Developer/Platforms/iPhoneSimulator.platform/Developer/usr/lib -F /Users/runner/work/Album-Prag/Album-Prag/DerivedData/Build/Products/Debug-iphonesimulator/PackageFrameworks -F /Users/runner/work/Album-Prag/Album-Prag/DerivedData/Build/Products/Debug-iphonesimulator/PackageFrameworks -F /Users/runner/work/Album-Prag/Album-Prag/DerivedData/Build/Products/Debug-iphonesimulator/PackageFrameworks -F /Users/runner/work/Album-Prag/Album-Prag/DerivedData/Build/Products/Debug-iphonesimulator/PackageFrameworks -F /Users/runner/work/Album-Prag/Album-Prag/DerivedData/Build/Products/Debug-iphonesimulator/PackageFrameworks -F /Users/runner/work/Album-Prag/Album-Prag/DerivedData/Build/Products/Debug-iphonesimulator/PackageFrameworks -F /Users/runner/work/Album-Prag/Album-Prag/DerivedData/Build/Products/Debug-iphonesimulator -F /Applications/Xcode_26.6.app/Contents/Developer/Platforms/iPhoneSimulator.platform/Developer/Library/Frameworks -F /Applications/Xcode_26.6.app/Contents/Developer/Platforms/iPhoneSimulator.platform/Developer/SDKs/iPhoneSimulator26.5.sdk/Developer/Library/Frameworks -c -j3 -enable-batch-mode -incremental -Xcc -ivfsstatcache -Xcc /Users/runner/work/Album-Prag/Album-Prag/DerivedData/SDKStatCaches.noindex/iphonesimulator26.5-23F81a-688ef53f1462e2c8f657fdc38a81448ff45c64a1807a658693f2a61704f17a36.sdkstatcache -output-file-map /Users/runner/work/Album-Prag/Album-Prag/DerivedData/Build/Intermediates.noindex/Supabase.build/Debug-iphonesimulator/PostgREST.build/Objects-normal/arm64/PostgREST-OutputFileMap.json -use-frontend-parseable-output -save-temps -no-color-diagnostics -explicit-module-build -module-cache-path /Users/runner/work/Album-Prag/Album-Prag/DerivedData/Build/Intermediates.noindex/SwiftExplicitPrecompiledModules -clang-scanner-module-cache-path /Users/runner/work/Album-Prag/Album-Prag/DerivedData/ModuleCache.noindex -sdk-module-cache-path /Users/runner/work/Album-Prag/Album-Prag/DerivedData/ModuleCache.noindex -serialize-diagnostics -emit-dependencies -emit-module -emit-module-path /Users/runner/work/Album-Prag/Album-Prag/DerivedData/Build/Intermediates.noindex/Supabase.build/Debug-iphonesimulator/PostgREST.build/Objects-normal/arm64/PostgREST.swiftmodule -user-module-version 2.55.2 -validate-clang-modules-once -clang-build-session-file /Users/runner/work/Album-Prag/Album-Prag/DerivedData/ModuleCache.noindex/Session.modulevalidation -package-name supabase_swift -Xcc -I/Users/runner/work/Album-Prag/Album-Prag/DerivedData/Build/Intermediates.noindex/Supabase.build/Debug-iphonesimulator/PostgREST.build/swift-overrides.hmap -emit-const-values -Xfrontend -const-gather-protocols-file -Xfrontend /Users/runner/work/Album-Prag/Album-Prag/DerivedData/Build/Intermediates.noindex/Supabase.build/Debug-iphonesimulator/PostgREST.build/Objects-normal/arm64/PostgREST_const_extract_protocols.json -Xcc -I/Users/runner/work/Album-Prag/Album-Prag/DerivedData/Build/Products/Debug-iphonesimulator/include -Xcc -I/Users/runner/work/Album-Prag/Album-Prag/DerivedData/Build/Intermediates.noindex/Supabase.build/Debug-iphonesimulator/PostgREST.build/DerivedSources-normal/arm64 -Xcc -I/Users/runner/work/Album-Prag/Album-Prag/DerivedData/Build/Intermediates.noindex/Supabase.build/Debug-iphonesimulator/PostgREST.build/DerivedSources/arm64 -Xcc -I/Users/runner/work/Album-Prag/Album-Prag/DerivedData/Build/Intermediates.noindex/Supabase.build/Debug-iphonesimulator/PostgREST.build/DerivedSources -Xcc -DSWIFT_PACKAGE -Xcc -DDEBUG\=1 -emit-objc-header -emit-objc-header-path /Users/runner/work/Album-Prag/Album-Prag/DerivedData/Build/Intermediates.noindex/Supabase.build/Debug-iphonesimulator/PostgREST.build/Objects-normal/arm64/PostgREST-Swift.h -working-directory /Users/runner/work/Album-Prag/Album-Prag/Album.xcodeproj -experimental-emit-module-separately -disable-cmo

SwiftEmitModule normal arm64 Emitting\ module\ for\ PostgREST (in target 'PostgREST' from project 'Supabase')

EmitSwiftModule normal arm64 (in target 'PostgREST' from project 'Supabase')
    cd /Users/runner/work/Album-Prag/Album-Prag/Album.xcodeproj
    

SwiftDriver Realtime normal arm64 com.apple.xcode.tools.swift.compiler (in target 'Realtime' from project 'Supabase')
    cd /Users/runner/work/Album-Prag/Album-Prag/Album.xcodeproj
    builtin-SwiftDriver -- /Applications/Xcode_26.6.app/Contents/Developer/Toolchains/XcodeDefault.xctoolchain/usr/bin/swiftc -module-name Realtime -Onone @/Users/runner/work/Album-Prag/Album-Prag/DerivedData/Build/Intermediates.noindex/Supabase.build/Debug-iphonesimulator/Realtime.build/Objects-normal/arm64/Realtime.SwiftFileList -DSWIFT_PACKAGE -DDEBUG -DSWIFT_MODULE_RESOURCE_BUNDLE_UNAVAILABLE -DXcode -enable-upcoming-feature ExistentialAny -enable-upcoming-feature ImmutableWeakCaptures -enable-upcoming-feature InferIsolatedConformances -enable-upcoming-feature InternalImportsByDefault -enable-upcoming-feature MemberImportVisibility -plugin-path /Applications/Xcode_26.6.app/Contents/Developer/Toolchains/XcodeDefault.xctoolchain/usr/lib/swift/host/plugins/testing -enable-experimental-feature DebugDescriptionMacro -sdk /Applications/Xcode_26.6.app/Contents/Developer/Platforms/iPhoneSimulator.platform/Developer/SDKs/iPhoneSimulator26.5.sdk -target arm64-apple-ios16.0-simulator -g -module-cache-path /Users/runner/work/Album-Prag/Album-Prag/DerivedData/ModuleCache.noindex -Xfrontend -serialize-debugging-options -enable-testing -suppress-warnings -index-store-path /Users/runner/work/Album-Prag/Album-Prag/DerivedData/Index.noindex/DataStore -Xcc -D_LIBCPP_HARDENING_MODE\=_LIBCPP_HARDENING_MODE_DEBUG -swift-version 5 -I /Users/runner/work/Album-Prag/Album-Prag/DerivedData/Build/Products/Debug-iphonesimulator -Isystem /Applications/Xcode_26.6.app/Contents/Developer/Platforms/iPhoneSimulator.platform/Developer/usr/lib -F /Users/runner/work/Album-Prag/Album-Prag/DerivedData/Build/Products/Debug-iphonesimulator/PackageFrameworks -F /Users/runner/work/Album-Prag/Album-Prag/DerivedData/Build/Products/Debug-iphonesimulator/PackageFrameworks -F /Users/runner/work/Album-Prag/Album-Prag/DerivedData/Build/Products/Debug-iphonesimulator/PackageFrameworks -F /Users/runner/work/Album-Prag/Album-Prag/DerivedData/Build/Products/Debug-iphonesimulator/PackageFrameworks -F /Users/runner/work/Album-Prag/Album-Prag/DerivedData/Build/Products/Debug-iphonesimulator/PackageFrameworks -F /Users/runner/work/Album-Prag/Album-Prag/DerivedData/Build/Products/Debug-iphonesimulator/PackageFrameworks -F /Users/runner/work/Album-Prag/Album-Prag/DerivedData/Build/Products/Debug-iphonesimulator/PackageFrameworks -F /Users/runner/work/Album-Prag/Album-Prag/DerivedData/Build/Products/Debug-iphonesimulator -F /Applications/Xcode_26.6.app/Contents/Developer/Platforms/iPhoneSimulator.platform/Developer/Library/Frameworks -F /Applications/Xcode_26.6.app/Contents/Developer/Platforms/iPhoneSimulator.platform/Developer/SDKs/iPhoneSimulator26.5.sdk/Developer/Library/Frameworks -c -j3 -enable-batch-mode -incremental -Xcc -ivfsstatcache -Xcc /Users/runner/work/Album-Prag/Album-Prag/DerivedData/SDKStatCaches.noindex/iphonesimulator26.5-23F81a-688ef53f1462e2c8f657fdc38a81448ff45c64a1807a658693f2a61704f17a36.sdkstatcache -output-file-map /Users/runner/work/Album-Prag/Album-Prag/DerivedData/Build/Intermediates.noindex/Supabase.build/Debug-iphonesimulator/Realtime.build/Objects-normal/arm64/Realtime-OutputFileMap.json -use-frontend-parseable-output -save-temps -no-color-diagnostics -explicit-module-build -module-cache-path /Users/runner/work/Album-Prag/Album-Prag/DerivedData/Build/Intermediates.noindex/SwiftExplicitPrecompiledModules -clang-scanner-module-cache-path /Users/runner/work/Album-Prag/Album-Prag/DerivedData/ModuleCache.noindex -sdk-module-cache-path /Users/runner/work/Album-Prag/Album-Prag/DerivedData/ModuleCache.noindex -serialize-diagnostics -emit-dependencies -emit-module -emit-module-path /Users/runner/work/Album-Prag/Album-Prag/DerivedData/Build/Intermediates.noindex/Supabase.build/Debug-iphonesimulator/Realtime.build/Objects-normal/arm64/Realtime.swiftmodule -user-module-version 2.55.2 -validate-clang-modules-once -clang-build-session-file /Users/runner/work/Album-Prag/Album-Prag/DerivedData/ModuleCache.noindex/Session.modulevalidation -package-name supabase_swift -Xcc -I/Users/runner/work/Album-Prag/Album-Prag/DerivedData/Build/Intermediates.noindex/Supabase.build/Debug-iphonesimulator/Realtime.build/swift-overrides.hmap -emit-const-values -Xfrontend -const-gather-protocols-file -Xfrontend /Users/runner/work/Album-Prag/Album-Prag/DerivedData/Build/Intermediates.noindex/Supabase.build/Debug-iphonesimulator/Realtime.build/Objects-normal/arm64/Realtime_const_extract_protocols.json -Xcc -I/Users/runner/work/Album-Prag/Album-Prag/DerivedData/Build/Products/Debug-iphonesimulator/include -Xcc -I/Users/runner/work/Album-Prag/Album-Prag/DerivedData/Build/Intermediates.noindex/Supabase.build/Debug-iphonesimulator/Realtime.build/DerivedSources-normal/arm64 -Xcc -I/Users/runner/work/Album-Prag/Album-Prag/DerivedData/Build/Intermediates.noindex/Supabase.build/Debug-iphonesimulator/Realtime.build/DerivedSources/arm64 -Xcc -I/Users/runner/work/Album-Prag/Album-Prag/DerivedData/Build/Intermediates.noindex/Supabase.build/Debug-iphonesimulator/Realtime.build/DerivedSources -Xcc -DSWIFT_PACKAGE -Xcc -DDEBUG\=1 -emit-objc-header -emit-objc-header-path /Users/runner/work/Album-Prag/Album-Prag/DerivedData/Build/Intermediates.noindex/Supabase.build/Debug-iphonesimulator/Realtime.build/Objects-normal/arm64/Realtime-Swift.h -working-directory /Users/runner/work/Album-Prag/Album-Prag/Album.xcodeproj -experimental-emit-module-separately -disable-cmo

SwiftDriverJobDiscovery normal arm64 Emitting module for PostgREST (in target 'PostgREST' from project 'Supabase')

SwiftDriver\ Compilation\ Requirements PostgREST normal arm64 com.apple.xcode.tools.swift.compiler (in target 'PostgREST' from project 'Supabase')
    cd /Users/runner/work/Album-Prag/Album-Prag/Album.xcodeproj
    builtin-Swift-Compilation-Requirements -- /Applications/Xcode_26.6.app/Contents/Developer/Toolchains/XcodeDefault.xctoolchain/usr/bin/swiftc -module-name PostgREST -Onone @/Users/runner/work/Album-Prag/Album-Prag/DerivedData/Build/Intermediates.noindex/Supabase.build/Debug-iphonesimulator/PostgREST.build/Objects-normal/arm64/PostgREST.SwiftFileList -DSWIFT_PACKAGE -DDEBUG -DSWIFT_MODULE_RESOURCE_BUNDLE_UNAVAILABLE -DXcode -enable-upcoming-feature ExistentialAny -enable-upcoming-feature ImmutableWeakCaptures -enable-upcoming-feature InferIsolatedConformances -enable-upcoming-feature InternalImportsByDefault -enable-upcoming-feature MemberImportVisibility -plugin-path /Applications/Xcode_26.6.app/Contents/Developer/Toolchains/XcodeDefault.xctoolchain/usr/lib/swift/host/plugins/testing -enable-experimental-feature DebugDescriptionMacro -sdk /Applications/Xcode_26.6.app/Contents/Developer/Platforms/iPhoneSimulator.platform/Developer/SDKs/iPhoneSimulator26.5.sdk -target arm64-apple-ios16.0-simulator -g -module-cache-path /Users/runner/work/Album-Prag/Album-Prag/DerivedData/ModuleCache.noindex -Xfrontend -serialize-debugging-options -enable-testing -suppress-warnings -index-store-path /Users/runner/work/Album-Prag/Album-Prag/DerivedData/Index.noindex/DataStore -Xcc -D_LIBCPP_HARDENING_MODE\=_LIBCPP_HARDENING_MODE_DEBUG -swift-version 6 -I /Users/runner/work/Album-Prag/Album-Prag/DerivedData/Build/Products/Debug-iphonesimulator -Isystem /Applications/Xcode_26.6.app/Contents/Developer/Platforms/iPhoneSimulator.platform/Developer/usr/lib -F /Users/runner/work/Album-Prag/Album-Prag/DerivedData/Build/Products/Debug-iphonesimulator/PackageFrameworks -F /Users/runner/work/Album-Prag/Album-Prag/DerivedData/Build/Products/Debug-iphonesimulator/PackageFrameworks -F /Users/runner/work/Album-Prag/Album-Prag/DerivedData/Build/Products/Debug-iphonesimulator/PackageFrameworks -F /Users/runner/work/Album-Prag/Album-Prag/DerivedData/Build/Products/Debug-iphonesimulator/PackageFrameworks -F /Users/runner/work/Album-Prag/Album-Prag/DerivedData/Build/Products/Debug-iphonesimulator/PackageFrameworks -F /Users/runner/work/Album-Prag/Album-Prag/DerivedData/Build/Products/Debug-iphonesimulator/PackageFrameworks -F /Users/runner/work/Album-Prag/Album-Prag/DerivedData/Build/Products/Debug-iphonesimulator -F /Applications/Xcode_26.6.app/Contents/Developer/Platforms/iPhoneSimulator.platform/Developer/Library/Frameworks -F /Applications/Xcode_26.6.app/Contents/Developer/Platforms/iPhoneSimulator.platform/Developer/SDKs/iPhoneSimulator26.5.sdk/Developer/Library/Frameworks -c -j3 -enable-batch-mode -incremental -Xcc -ivfsstatcache -Xcc /Users/runner/work/Album-Prag/Album-Prag/DerivedData/SDKStatCaches.noindex/iphonesimulator26.5-23F81a-688ef53f1462e2c8f657fdc38a81448ff45c64a1807a658693f2a61704f17a36.sdkstatcache -output-file-map /Users/runner/work/Album-Prag/Album-Prag/DerivedData/Build/Intermediates.noindex/Supabase.build/Debug-iphonesimulator/PostgREST.build/Objects-normal/arm64/PostgREST-OutputFileMap.json -use-frontend-parseable-output -save-temps -no-color-diagnostics -explicit-module-build -module-cache-path /Users/runner/work/Album-Prag/Album-Prag/DerivedData/Build/Intermediates.noindex/SwiftExplicitPrecompiledModules -clang-scanner-module-cache-path /Users/runner/work/Album-Prag/Album-Prag/DerivedData/ModuleCache.noindex -sdk-module-cache-path /Users/runner/work/Album-Prag/Album-Prag/DerivedData/ModuleCache.noindex -serialize-diagnostics -emit-dependencies -emit-module -emit-module-path /Users/runner/work/Album-Prag/Album-Prag/DerivedData/Build/Intermediates.noindex/Supabase.build/Debug-iphonesimulator/PostgREST.build/Objects-normal/arm64/PostgREST.swiftmodule -user-module-version 2.55.2 -validate-clang-modules-once -clang-build-session-file /Users/runner/work/Album-Prag/Album-Prag/DerivedData/ModuleCache.noindex/Session.modulevalidation -package-name supabase_swift -Xcc -I/Users/runner/work/Album-Prag/Album-Prag/DerivedData/Build/Intermediates.noindex/Supabase.build/Debug-iphonesimulator/PostgREST.build/swift-overrides.hmap -emit-const-values -Xfrontend -const-gather-protocols-file -Xfrontend /Users/runner/work/Album-Prag/Album-Prag/DerivedData/Build/Intermediates.noindex/Supabase.build/Debug-iphonesimulator/PostgREST.build/Objects-normal/arm64/PostgREST_const_extract_protocols.json -Xcc -I/Users/runner/work/Album-Prag/Album-Prag/DerivedData/Build/Products/Debug-iphonesimulator/include -Xcc -I/Users/runner/work/Album-Prag/Album-Prag/DerivedData/Build/Intermediates.noindex/Supabase.build/Debug-iphonesimulator/PostgREST.build/DerivedSources-normal/arm64 -Xcc -I/Users/runner/work/Album-Prag/Album-Prag/DerivedData/Build/Intermediates.noindex/Supabase.build/Debug-iphonesimulator/PostgREST.build/DerivedSources/arm64 -Xcc -I/Users/runner/work/Album-Prag/Album-Prag/DerivedData/Build/Intermediates.noindex/Supabase.build/Debug-iphonesimulator/PostgREST.build/DerivedSources -Xcc -DSWIFT_PACKAGE -Xcc -DDEBUG\=1 -emit-objc-header -emit-objc-header-path /Users/runner/work/Album-Prag/Album-Prag/DerivedData/Build/Intermediates.noindex/Supabase.build/Debug-iphonesimulator/PostgREST.build/Objects-normal/arm64/PostgREST-Swift.h -working-directory /Users/runner/work/Album-Prag/Album-Prag/Album.xcodeproj -experimental-emit-module-separately -disable-cmo

SwiftDriverJobDiscovery normal arm64 Compiling CallbackManager.swift, ChannelEvent.swift, ChannelStateManager.swift, ConnectionManager.swift, Exports.swift, PostgresAction.swift, PostgresActionData.swift, PresenceAction.swift, PushV2.swift (in target 'RealtimeV2' from project 'Supabase')

SwiftCompile normal arm64 Compiling\ PostgrestQueryBuilder.swift,\ PostgrestTransformBuilder.swift,\ Types.swift /Users/runner/work/Album-Prag/Album-Prag/DerivedData/SourcePackages/checkouts/supabase-swift/Sources/PostgREST/PostgrestQueryBuilder.swift /Users/runner/work/Album-Prag/Album-Prag/DerivedData/SourcePackages/checkouts/supabase-swift/Sources/PostgREST/PostgrestTransformBuilder.swift /Users/runner/work/Album-Prag/Album-Prag/DerivedData/SourcePackages/checkouts/supabase-swift/Sources/PostgREST/Types.swift (in target 'PostgREST' from project 'Supabase')

SwiftCompile normal arm64 /Users/runner/work/Album-Prag/Album-Prag/DerivedData/SourcePackages/checkouts/supabase-swift/Sources/PostgREST/PostgrestQueryBuilder.swift (in target 'PostgREST' from project 'Supabase')
    cd /Users/runner/work/Album-Prag/Album-Prag/Album.xcodeproj
    

SwiftCompile normal arm64 /Users/runner/work/Album-Prag/Album-Prag/DerivedData/SourcePackages/checkouts/supabase-swift/Sources/PostgREST/PostgrestTransformBuilder.swift (in target 'PostgREST' from project 'Supabase')
    cd /Users/runner/work/Album-Prag/Album-Prag/Album.xcodeproj
    

SwiftCompile normal arm64 /Users/runner/work/Album-Prag/Album-Prag/DerivedData/SourcePackages/checkouts/supabase-swift/Sources/PostgREST/Types.swift (in target 'PostgREST' from project 'Supabase')
    cd /Users/runner/work/Album-Prag/Album-Prag/Album.xcodeproj
    

SwiftMergeGeneratedHeaders /Users/runner/work/Album-Prag/Album-Prag/DerivedData/Build/Intermediates.noindex/GeneratedModuleMaps-iphonesimulator/PostgREST-Swift.h /Users/runner/work/Album-Prag/Album-Prag/DerivedData/Build/Intermediates.noindex/Supabase.build/Debug-iphonesimulator/PostgREST.build/Objects-normal/arm64/PostgREST-Swift.h (in target 'PostgREST' from project 'Supabase')
    cd /Users/runner/work/Album-Prag/Album-Prag/DerivedData/SourcePackages/checkouts/supabase-swift
    builtin-swiftHeaderTool -arch arm64 /Users/runner/work/Album-Prag/Album-Prag/DerivedData/Build/Intermediates.noindex/Supabase.build/Debug-iphonesimulator/PostgREST.build/Objects-normal/arm64/PostgREST-Swift.h -o /Users/runner/work/Album-Prag/Album-Prag/DerivedData/Build/Intermediates.noindex/GeneratedModuleMaps-iphonesimulator/PostgREST-Swift.h

Copy /Users/runner/work/Album-Prag/Album-Prag/DerivedData/Build/Products/Debug-iphonesimulator/PostgREST.swiftmodule/arm64-apple-ios-simulator.swiftmodule /Users/runner/work/Album-Prag/Album-Prag/DerivedData/Build/Intermediates.noindex/Supabase.build/Debug-iphonesimulator/PostgREST.build/Objects-normal/arm64/PostgREST.swiftmodule (in target 'PostgREST' from project 'Supabase')
    cd /Users/runner/work/Album-Prag/Album-Prag/DerivedData/SourcePackages/checkouts/supabase-swift
    builtin-copy -exclude .DS_Store -exclude CVS -exclude .svn -exclude .git -exclude .hg -resolve-src-symlinks -rename /Users/runner/work/Album-Prag/Album-Prag/DerivedData/Build/Intermediates.noindex/Supabase.build/Debug-iphonesimulator/PostgREST.build/Objects-normal/arm64/PostgREST.swiftmodule /Users/runner/work/Album-Prag/Album-Prag/DerivedData/Build/Products/Debug-iphonesimulator/PostgREST.swiftmodule/arm64-apple-ios-simulator.swiftmodule

Copy /Users/runner/work/Album-Prag/Album-Prag/DerivedData/Build/Products/Debug-iphonesimulator/PostgREST.swiftmodule/arm64-apple-ios-simulator.swiftdoc /Users/runner/work/Album-Prag/Album-Prag/DerivedData/Build/Intermediates.noindex/Supabase.build/Debug-iphonesimulator/PostgREST.build/Objects-normal/arm64/PostgREST.swiftdoc (in target 'PostgREST' from project 'Supabase')
    cd /Users/runner/work/Album-Prag/Album-Prag/DerivedData/SourcePackages/checkouts/supabase-swift
    builtin-copy -exclude .DS_Store -exclude CVS -exclude .svn -exclude .git -exclude .hg -resolve-src-symlinks -rename /Users/runner/work/Album-Prag/Album-Prag/DerivedData/Build/Intermediates.noindex/Supabase.build/Debug-iphonesimulator/PostgREST.build/Objects-normal/arm64/PostgREST.swiftdoc /Users/runner/work/Album-Prag/Album-Prag/DerivedData/Build/Products/Debug-iphonesimulator/PostgREST.swiftmodule/arm64-apple-ios-simulator.swiftdoc

Copy /Users/runner/work/Album-Prag/Album-Prag/DerivedData/Build/Products/Debug-iphonesimulator/PostgREST.swiftmodule/arm64-apple-ios-simulator.abi.json /Users/runner/work/Album-Prag/Album-Prag/DerivedData/Build/Intermediates.noindex/Supabase.build/Debug-iphonesimulator/PostgREST.build/Objects-normal/arm64/PostgREST.abi.json (in target 'PostgREST' from project 'Supabase')
    cd /Users/runner/work/Album-Prag/Album-Prag/DerivedData/SourcePackages/checkouts/supabase-swift
    builtin-copy -exclude .DS_Store -exclude CVS -exclude .svn -exclude .git -exclude .hg -resolve-src-symlinks -rename /Users/runner/work/Album-Prag/Album-Prag/DerivedData/Build/Intermediates.noindex/Supabase.build/Debug-iphonesimulator/PostgREST.build/Objects-normal/arm64/PostgREST.abi.json /Users/runner/work/Album-Prag/Album-Prag/DerivedData/Build/Products/Debug-iphonesimulator/PostgREST.swiftmodule/arm64-apple-ios-simulator.abi.json

Copy /Users/runner/work/Album-Prag/Album-Prag/DerivedData/Build/Products/Debug-iphonesimulator/PostgREST.swiftmodule/Project/arm64-apple-ios-simulator.swiftsourceinfo /Users/runner/work/Album-Prag/Album-Prag/DerivedData/Build/Intermediates.noindex/Supabase.build/Debug-iphonesimulator/PostgREST.build/Objects-normal/arm64/PostgREST.swiftsourceinfo (in target 'PostgREST' from project 'Supabase')
    cd /Users/runner/work/Album-Prag/Album-Prag/DerivedData/SourcePackages/checkouts/supabase-swift
    builtin-copy -exclude .DS_Store -exclude CVS -exclude .svn -exclude .git -exclude .hg -resolve-src-symlinks -rename /Users/runner/work/Album-Prag/Album-Prag/DerivedData/Build/Intermediates.noindex/Supabase.build/Debug-iphonesimulator/PostgREST.build/Objects-normal/arm64/PostgREST.swiftsourceinfo /Users/runner/work/Album-Prag/Album-Prag/DerivedData/Build/Products/Debug-iphonesimulator/PostgREST.swiftmodule/Project/arm64-apple-ios-simulator.swiftsourceinfo

SwiftExplicitDependencyGeneratePcm arm64 /Users/runner/work/Album-Prag/Album-Prag/DerivedData/ModuleCache.noindex/SwiftShims-7NSI3RZ2ODQ61IILA7YMZ1G78.pcm

SwiftExplicitDependencyGeneratePcm arm64 /Users/runner/work/Album-Prag/Album-Prag/DerivedData/ModuleCache.noindex/DeveloperToolsSupport-6RD92LB3PBMOTFYMUFFF46J3O.pcm

SwiftExplicitDependencyGeneratePcm arm64 /Users/runner/work/Album-Prag/Album-Prag/DerivedData/ModuleCache.noindex/ptrcheck-DI5K1UJ2F4VS30QOE9392YRGT.pcm

SwiftExplicitDependencyGeneratePcm arm64 /Users/runner/work/Album-Prag/Album-Prag/DerivedData/ModuleCache.noindex/_Builtin_stdarg-6KF5ACAVLHDUDY8KLVROHXL1B.pcm

SwiftDriverJobDiscovery normal arm64 Compiling PostgrestQueryBuilder.swift, PostgrestTransformBuilder.swift, Types.swift (in target 'PostgREST' from project 'Supabase')

SwiftExplicitDependencyGeneratePcm arm64 /Users/runner/work/Album-Prag/Album-Prag/DerivedData/ModuleCache.noindex/_AvailabilityInternal-E1HDZYK0PM3EM9E1NXYO5C6X3.pcm

SwiftExplicitDependencyGeneratePcm arm64 /Users/runner/work/Album-Prag/Album-Prag/DerivedData/ModuleCache.noindex/ptrauth-7MU0OE256I2HVLK83PF0WEX08.pcm

SwiftExplicitDependencyGeneratePcm arm64 /Users/runner/work/Album-Prag/Album-Prag/DerivedData/ModuleCache.noindex/_Builtin_float-3IBISFF271G3LTAW2SNLXRTSF.pcm

SwiftExplicitDependencyGeneratePcm arm64 /Users/runner/work/Album-Prag/Album-Prag/DerivedData/ModuleCache.noindex/_Builtin_stdbool-DQJ4MU3NNF5BL50HL8VZRM164.pcm

SwiftExplicitDependencyGeneratePcm arm64 /Users/runner/work/Album-Prag/Album-Prag/DerivedData/ModuleCache.noindex/_SwiftConcurrencyShims-7NN0I0Q4AJUASF25I7NG4EUIG.pcm

SwiftExplicitDependencyGeneratePcm arm64 /Users/runner/work/Album-Prag/Album-Prag/DerivedData/ModuleCache.noindex/_DarwinFoundation1-BM24UG0ISOLMBO748UBSEA58I.pcm

SwiftExplicitDependencyGeneratePcm arm64 /Users/runner/work/Album-Prag/Album-Prag/DerivedData/ModuleCache.noindex/_Builtin_stddef-5QDJVR7ZOM1M65EUOD816D8BG.pcm

SwiftCompile normal arm64 Compiling\ PostgrestClient.swift,\ PostgrestFilterBuilder.swift,\ PostgrestFilterValue.swift /Users/runner/work/Album-Prag/Album-Prag/DerivedData/SourcePackages/checkouts/supabase-swift/Sources/PostgREST/PostgrestClient.swift /Users/runner/work/Album-Prag/Album-Prag/DerivedData/SourcePackages/checkouts/supabase-swift/Sources/PostgREST/PostgrestFilterBuilder.swift /Users/runner/work/Album-Prag/Album-Prag/DerivedData/SourcePackages/checkouts/supabase-swift/Sources/PostgREST/PostgrestFilterValue.swift (in target 'PostgREST' from project 'Supabase')
SwiftCompile normal arm64 /Users/runner/work/Album-Prag/Album-Prag/DerivedData/SourcePackages/checkouts/supabase-swift/Sources/PostgREST/PostgrestClient.swift (in target 'PostgREST' from project 'Supabase')
    cd /Users/runner/work/Album-Prag/Album-Prag/Album.xcodeproj
    

SwiftCompile normal arm64 /Users/runner/work/Album-Prag/Album-Prag/DerivedData/SourcePackages/checkouts/supabase-swift/Sources/PostgREST/PostgrestFilterBuilder.swift (in target 'PostgREST' from project 'Supabase')
    cd /Users/runner/work/Album-Prag/Album-Prag/Album.xcodeproj
    

SwiftCompile normal arm64 /Users/runner/work/Album-Prag/Album-Prag/DerivedData/SourcePackages/checkouts/supabase-swift/Sources/PostgREST/PostgrestFilterValue.swift (in target 'PostgREST' from project 'Supabase')
    cd /Users/runner/work/Album-Prag/Album-Prag/Album.xcodeproj
    

SwiftCompile normal arm64 Compiling\ Defaults.swift,\ Deprecated.swift,\ Exports.swift,\ PostgrestBuilder.swift /Users/runner/work/Album-Prag/Album-Prag/DerivedData/SourcePackages/checkouts/supabase-swift/Sources/PostgREST/Defaults.swift /Users/runner/work/Album-Prag/Album-Prag/DerivedData/SourcePackages/checkouts/supabase-swift/Sources/PostgREST/Deprecated.swift /Users/runner/work/Album-Prag/Album-Prag/DerivedData/SourcePackages/checkouts/supabase-swift/Sources/PostgREST/Exports.swift /Users/runner/work/Album-Prag/Album-Prag/DerivedData/SourcePackages/checkouts/supabase-swift/Sources/PostgREST/PostgrestBuilder.swift (in target 'PostgREST' from project 'Supabase')

SwiftCompile normal arm64 /Users/runner/work/Album-Prag/Album-Prag/DerivedData/SourcePackages/checkouts/supabase-swift/Sources/PostgREST/Defaults.swift (in target 'PostgREST' from project 'Supabase')
    cd /Users/runner/work/Album-Prag/Album-Prag/Album.xcodeproj
    

SwiftCompile normal arm64 /Users/runner/work/Album-Prag/Album-Prag/DerivedData/SourcePackages/checkouts/supabase-swift/Sources/PostgREST/Deprecated.swift (in target 'PostgREST' from project 'Supabase')
    cd /Users/runner/work/Album-Prag/Album-Prag/Album.xcodeproj
    

SwiftCompile normal arm64 /Users/runner/work/Album-Prag/Album-Prag/DerivedData/SourcePackages/checkouts/supabase-swift/Sources/PostgREST/Exports.swift (in target 'PostgREST' from project 'Supabase')
    cd /Users/runner/work/Album-Prag/Album-Prag/Album.xcodeproj
    

SwiftCompile normal arm64 /Users/runner/work/Album-Prag/Album-Prag/DerivedData/SourcePackages/checkouts/supabase-swift/Sources/PostgREST/PostgrestBuilder.swift (in target 'PostgREST' from project 'Supabase')
    cd /Users/runner/work/Album-Prag/Album-Prag/Album.xcodeproj
    

SwiftExplicitDependencyGeneratePcm arm64 /Users/runner/work/Album-Prag/Album-Prag/DerivedData/ModuleCache.noindex/_DarwinFoundation2-ASVF1O3KQ9SA5VQ6RCWR0X13H.pcm

SwiftDriverJobDiscovery normal arm64 Compiling RealtimeChannel+AsyncAwait.swift, RealtimeChannel+Status.swift, RealtimeChannelV2.swift, RealtimeClient+HeartbeatStatus.swift, RealtimeClient+Status.swift, RealtimeClientV2.swift, RealtimeError.swift, RealtimeJoinConfig.swift (in target 'RealtimeV2' from project 'Supabase')

SwiftExplicitDependencyGeneratePcm arm64 /Users/runner/work/Album-Prag/Album-Prag/DerivedData/ModuleCache.noindex/_Builtin_limits-6XUTTKQ3TTP4HG2F7P2AP3Y7D.pcm

SwiftExplicitDependencyGeneratePcm arm64 /Users/runner/work/Album-Prag/Album-Prag/DerivedData/ModuleCache.noindex/_Builtin_stdint-3XDC98EFI3EDBJ79MFTWQI59F.pcm

SwiftExplicitDependencyGeneratePcm arm64 /Users/runner/work/Album-Prag/Album-Prag/DerivedData/ModuleCache.noindex/sys_types-BKPP4HK9XSW81887CRMH9RFGY.pcm

SwiftDriverJobDiscovery normal arm64 Compiling Defaults.swift, Deprecated.swift, Exports.swift, PostgrestBuilder.swift (in target 'PostgREST' from project 'Supabase')

SwiftExplicitDependencyGeneratePcm arm64 /Users/runner/work/Album-Prag/Album-Prag/DerivedData/ModuleCache.noindex/_Builtin_tgmath-AL0A0A48M36AENFCD460I6ZU5.pcm

SwiftExplicitDependencyGeneratePcm arm64 /Users/runner/work/Album-Prag/Album-Prag/DerivedData/ModuleCache.noindex/_Builtin_intrinsics-PGNKE5SPAJ1KTZLVLH6603P5.pcm

SwiftExplicitDependencyGeneratePcm arm64 /Users/runner/work/Album-Prag/Album-Prag/DerivedData/ModuleCache.noindex/_DarwinFoundation3-BULUGNS45FSZIM6EPN61AWY63.pcm

SwiftExplicitDependencyGeneratePcm arm64 /Users/runner/work/Album-Prag/Album-Prag/DerivedData/ModuleCache.noindex/_Builtin_stdatomic-B13PX3P7J30ADF3E3LWQ7RM5Y.pcm

SwiftDriverJobDiscovery normal arm64 Compiling PostgrestClient.swift, PostgrestFilterBuilder.swift, PostgrestFilterValue.swift (in target 'PostgREST' from project 'Supabase')

SwiftDriver\ Compilation RealtimeV2 normal arm64 com.apple.xcode.tools.swift.compiler (in target 'RealtimeV2' from project 'Supabase')
    cd /Users/runner/work/Album-Prag/Album-Prag/Album.xcodeproj
    builtin-Swift-Compilation -- /Applications/Xcode_26.6.app/Contents/Developer/Toolchains/XcodeDefault.xctoolchain/usr/bin/swiftc -module-name RealtimeV2 -Onone @/Users/runner/work/Album-Prag/Album-Prag/DerivedData/Build/Intermediates.noindex/Supabase.build/Debug-iphonesimulator/RealtimeV2.build/Objects-normal/arm64/RealtimeV2.SwiftFileList -DSWIFT_PACKAGE -DDEBUG -DSWIFT_MODULE_RESOURCE_BUNDLE_UNAVAILABLE -DXcode -enable-upcoming-feature ExistentialAny -enable-upcoming-feature ImmutableWeakCaptures -enable-upcoming-feature InferIsolatedConformances -enable-upcoming-feature InternalImportsByDefault -enable-upcoming-feature MemberImportVisibility -plugin-path /Applications/Xcode_26.6.app/Contents/Developer/Toolchains/XcodeDefault.xctoolchain/usr/lib/swift/host/plugins/testing -enable-experimental-feature DebugDescriptionMacro -sdk /Applications/Xcode_26.6.app/Contents/Developer/Platforms/iPhoneSimulator.platform/Developer/SDKs/iPhoneSimulator26.5.sdk -target arm64-apple-ios16.0-simulator -g -module-cache-path /Users/runner/work/Album-Prag/Album-Prag/DerivedData/ModuleCache.noindex -Xfrontend -serialize-debugging-options -enable-testing -suppress-warnings -index-store-path /Users/runner/work/Album-Prag/Album-Prag/DerivedData/Index.noindex/DataStore -Xcc -D_LIBCPP_HARDENING_MODE\=_LIBCPP_HARDENING_MODE_DEBUG -swift-version 6 -I /Users/runner/work/Album-Prag/Album-Prag/DerivedData/Build/Products/Debug-iphonesimulator -Isystem /Applications/Xcode_26.6.app/Contents/Developer/Platforms/iPhoneSimulator.platform/Developer/usr/lib -F /Users/runner/work/Album-Prag/Album-Prag/DerivedData/Build/Products/Debug-iphonesimulator/PackageFrameworks -F /Users/runner/work/Album-Prag/Album-Prag/DerivedData/Build/Products/Debug-iphonesimulator/PackageFrameworks -F /Users/runner/work/Album-Prag/Album-Prag/DerivedData/Build/Products/Debug-iphonesimulator/PackageFrameworks -F /Users/runner/work/Album-Prag/Album-Prag/DerivedData/Build/Products/Debug-iphonesimulator/PackageFrameworks -F /Users/runner/work/Album-Prag/Album-Prag/DerivedData/Build/Products/Debug-iphonesimulator/PackageFrameworks -F /Users/runner/work/Album-Prag/Album-Prag/DerivedData/Build/Products/Debug-iphonesimulator/PackageFrameworks -F /Users/runner/work/Album-Prag/Album-Prag/DerivedData/Build/Products/Debug-iphonesimulator -F /Applications/Xcode_26.6.app/Contents/Developer/Platforms/iPhoneSimulator.platform/Developer/Library/Frameworks -F /Applications/Xcode_26.6.app/Contents/Developer/Platforms/iPhoneSimulator.platform/Developer/SDKs/iPhoneSimulator26.5.sdk/Developer/Library/Frameworks -c -j3 -enable-batch-mode -incremental -Xcc -ivfsstatcache -Xcc /Users/runner/work/Album-Prag/Album-Prag/DerivedData/SDKStatCaches.noindex/iphonesimulator26.5-23F81a-688ef53f1462e2c8f657fdc38a81448ff45c64a1807a658693f2a61704f17a36.sdkstatcache -output-file-map /Users/runner/work/Album-Prag/Album-Prag/DerivedData/Build/Intermediates.noindex/Supabase.build/Debug-iphonesimulator/RealtimeV2.build/Objects-normal/arm64/RealtimeV2-OutputFileMap.json -use-frontend-parseable-output -save-temps -no-color-diagnostics -explicit-module-build -module-cache-path /Users/runner/work/Album-Prag/Album-Prag/DerivedData/Build/Intermediates.noindex/SwiftExplicitPrecompiledModules -clang-scanner-module-cache-path /Users/runner/work/Album-Prag/Album-Prag/DerivedData/ModuleCache.noindex -sdk-module-cache-path /Users/runner/work/Album-Prag/Album-Prag/DerivedData/ModuleCache.noindex -serialize-diagnostics -emit-dependencies -emit-module -emit-module-path /Users/runner/work/Album-Prag/Album-Prag/DerivedData/Build/Intermediates.noindex/Supabase.build/Debug-iphonesimulator/RealtimeV2.build/Objects-normal/arm64/RealtimeV2.swiftmodule -user-module-version 2.55.2 -validate-clang-modules-once -clang-build-session-file /Users/runner/work/Album-Prag/Album-Prag/DerivedData/ModuleCache.noindex/Session.modulevalidation -package-name supabase_swift -Xcc -I/Users/runner/work/Album-Prag/Album-Prag/DerivedData/Build/Intermediates.noindex/Supabase.build/Debug-iphonesimulator/RealtimeV2.build/swift-overrides.hmap -emit-const-values -Xfrontend -const-gather-protocols-file -Xfrontend /Users/runner/work/Album-Prag/Album-Prag/DerivedData/Build/Intermediates.noindex/Supabase.build/Debug-iphonesimulator/RealtimeV2.build/Objects-normal/arm64/RealtimeV2_const_extract_protocols.json -Xcc -I/Users/runner/work/Album-Prag/Album-Prag/DerivedData/Build/Products/Debug-iphonesimulator/include -Xcc -I/Users/runner/work/Album-Prag/Album-Prag/DerivedData/Build/Intermediates.noindex/Supabase.build/Debug-iphonesimulator/RealtimeV2.build/DerivedSources-normal/arm64 -Xcc -I/Users/runner/work/Album-Prag/Album-Prag/DerivedData/Build/Intermediates.noindex/Supabase.build/Debug-iphonesimulator/RealtimeV2.build/DerivedSources/arm64 -Xcc -I/Users/runner/work/Album-Prag/Album-Prag/DerivedData/Build/Intermediates.noindex/Supabase.build/Debug-iphonesimulator/RealtimeV2.build/DerivedSources -Xcc -DSWIFT_PACKAGE -Xcc -DDEBUG\=1 -emit-objc-header -emit-objc-header-path /Users/runner/work/Album-Prag/Album-Prag/DerivedData/Build/Intermediates.noindex/Supabase.build/Debug-iphonesimulator/RealtimeV2.build/Objects-normal/arm64/RealtimeV2-Swift.h -working-directory /Users/runner/work/Album-Prag/Album-Prag/Album.xcodeproj -experimental-emit-module-separately -disable-cmo

SwiftExplicitDependencyGeneratePcm arm64 /Users/runner/work/Album-Prag/Album-Prag/DerivedData/ModuleCache.noindex/_Builtin_inttypes-EVCHO04YCB8XQKL9YXHSCAUJO.pcm

SwiftDriver\ Compilation PostgREST normal arm64 com.apple.xcode.tools.swift.compiler (in target 'PostgREST' from project 'Supabase')
    cd /Users/runner/work/Album-Prag/Album-Prag/Album.xcodeproj
    builtin-Swift-Compilation -- /Applications/Xcode_26.6.app/Contents/Developer/Toolchains/XcodeDefault.xctoolchain/usr/bin/swiftc -module-name PostgREST -Onone @/Users/runner/work/Album-Prag/Album-Prag/DerivedData/Build/Intermediates.noindex/Supabase.build/Debug-iphonesimulator/PostgREST.build/Objects-normal/arm64/PostgREST.SwiftFileList -DSWIFT_PACKAGE -DDEBUG -DSWIFT_MODULE_RESOURCE_BUNDLE_UNAVAILABLE -DXcode -enable-upcoming-feature ExistentialAny -enable-upcoming-feature ImmutableWeakCaptures -enable-upcoming-feature InferIsolatedConformances -enable-upcoming-feature InternalImportsByDefault -enable-upcoming-feature MemberImportVisibility -plugin-path /Applications/Xcode_26.6.app/Contents/Developer/Toolchains/XcodeDefault.xctoolchain/usr/lib/swift/host/plugins/testing -enable-experimental-feature DebugDescriptionMacro -sdk /Applications/Xcode_26.6.app/Contents/Developer/Platforms/iPhoneSimulator.platform/Developer/SDKs/iPhoneSimulator26.5.sdk -target arm64-apple-ios16.0-simulator -g -module-cache-path /Users/runner/work/Album-Prag/Album-Prag/DerivedData/ModuleCache.noindex -Xfrontend -serialize-debugging-options -enable-testing -suppress-warnings -index-store-path /Users/runner/work/Album-Prag/Album-Prag/DerivedData/Index.noindex/DataStore -Xcc -D_LIBCPP_HARDENING_MODE\=_LIBCPP_HARDENING_MODE_DEBUG -swift-version 6 -I /Users/runner/work/Album-Prag/Album-Prag/DerivedData/Build/Products/Debug-iphonesimulator -Isystem /Applications/Xcode_26.6.app/Contents/Developer/Platforms/iPhoneSimulator.platform/Developer/usr/lib -F /Users/runner/work/Album-Prag/Album-Prag/DerivedData/Build/Products/Debug-iphonesimulator/PackageFrameworks -F /Users/runner/work/Album-Prag/Album-Prag/DerivedData/Build/Products/Debug-iphonesimulator/PackageFrameworks -F /Users/runner/work/Album-Prag/Album-Prag/DerivedData/Build/Products/Debug-iphonesimulator/PackageFrameworks -F /Users/runner/work/Album-Prag/Album-Prag/DerivedData/Build/Products/Debug-iphonesimulator/PackageFrameworks -F /Users/runner/work/Album-Prag/Album-Prag/DerivedData/Build/Products/Debug-iphonesimulator/PackageFrameworks -F /Users/runner/work/Album-Prag/Album-Prag/DerivedData/Build/Products/Debug-iphonesimulator/PackageFrameworks -F /Users/runner/work/Album-Prag/Album-Prag/DerivedData/Build/Products/Debug-iphonesimulator -F /Applications/Xcode_26.6.app/Contents/Developer/Platforms/iPhoneSimulator.platform/Developer/Library/Frameworks -F /Applications/Xcode_26.6.app/Contents/Developer/Platforms/iPhoneSimulator.platform/Developer/SDKs/iPhoneSimulator26.5.sdk/Developer/Library/Frameworks -c -j3 -enable-batch-mode -incremental -Xcc -ivfsstatcache -Xcc /Users/runner/work/Album-Prag/Album-Prag/DerivedData/SDKStatCaches.noindex/iphonesimulator26.5-23F81a-688ef53f1462e2c8f657fdc38a81448ff45c64a1807a658693f2a61704f17a36.sdkstatcache -output-file-map /Users/runner/work/Album-Prag/Album-Prag/DerivedData/Build/Intermediates.noindex/Supabase.build/Debug-iphonesimulator/PostgREST.build/Objects-normal/arm64/PostgREST-OutputFileMap.json -use-frontend-parseable-output -save-temps -no-color-diagnostics -explicit-module-build -module-cache-path /Users/runner/work/Album-Prag/Album-Prag/DerivedData/Build/Intermediates.noindex/SwiftExplicitPrecompiledModules -clang-scanner-module-cache-path /Users/runner/work/Album-Prag/Album-Prag/DerivedData/ModuleCache.noindex -sdk-module-cache-path /Users/runner/work/Album-Prag/Album-Prag/DerivedData/ModuleCache.noindex -serialize-diagnostics -emit-dependencies -emit-module -emit-module-path /Users/runner/work/Album-Prag/Album-Prag/DerivedData/Build/Intermediates.noindex/Supabase.build/Debug-iphonesimulator/PostgREST.build/Objects-normal/arm64/PostgREST.swiftmodule -user-module-version 2.55.2 -validate-clang-modules-once -clang-build-session-file /Users/runner/work/Album-Prag/Album-Prag/DerivedData/ModuleCache.noindex/Session.modulevalidation -package-name supabase_swift -Xcc -I/Users/runner/work/Album-Prag/Album-Prag/DerivedData/Build/Intermediates.noindex/Supabase.build/Debug-iphonesimulator/PostgREST.build/swift-overrides.hmap -emit-const-values -Xfrontend -const-gather-protocols-file -Xfrontend /Users/runner/work/Album-Prag/Album-Prag/DerivedData/Build/Intermediates.noindex/Supabase.build/Debug-iphonesimulator/PostgREST.build/Objects-normal/arm64/PostgREST_const_extract_protocols.json -Xcc -I/Users/runner/work/Album-Prag/Album-Prag/DerivedData/Build/Products/Debug-iphonesimulator/include -Xcc -I/Users/runner/work/Album-Prag/Album-Prag/DerivedData/Build/Intermediates.noindex/Supabase.build/Debug-iphonesimulator/PostgREST.build/DerivedSources-normal/arm64 -Xcc -I/Users/runner/work/Album-Prag/Album-Prag/DerivedData/Build/Intermediates.noindex/Supabase.build/Debug-iphonesimulator/PostgREST.build/DerivedSources/arm64 -Xcc -I/Users/runner/work/Album-Prag/Album-Prag/DerivedData/Build/Intermediates.noindex/Supabase.build/Debug-iphonesimulator/PostgREST.build/DerivedSources -Xcc -DSWIFT_PACKAGE -Xcc -DDEBUG\=1 -emit-objc-header -emit-objc-header-path /Users/runner/work/Album-Prag/Album-Prag/DerivedData/Build/Intermediates.noindex/Supabase.build/Debug-iphonesimulator/PostgREST.build/Objects-normal/arm64/PostgREST-Swift.h -working-directory /Users/runner/work/Album-Prag/Album-Prag/Album.xcodeproj -experimental-emit-module-separately -disable-cmo

SwiftDriver Functions normal arm64 com.apple.xcode.tools.swift.compiler (in target 'Functions' from project 'Supabase')
    cd /Users/runner/work/Album-Prag/Album-Prag/Album.xcodeproj
    builtin-SwiftDriver -- /Applications/Xcode_26.6.app/Contents/Developer/Toolchains/XcodeDefault.xctoolchain/usr/bin/swiftc -module-name Functions -Onone @/Users/runner/work/Album-Prag/Album-Prag/DerivedData/Build/Intermediates.noindex/Supabase.build/Debug-iphonesimulator/Functions.build/Objects-normal/arm64/Functions.SwiftFileList -DSWIFT_PACKAGE -DDEBUG -DSWIFT_MODULE_RESOURCE_BUNDLE_UNAVAILABLE -DXcode -enable-upcoming-feature ExistentialAny -enable-upcoming-feature ImmutableWeakCaptures -enable-upcoming-feature InferIsolatedConformances -enable-upcoming-feature InternalImportsByDefault -enable-upcoming-feature MemberImportVisibility -plugin-path /Applications/Xcode_26.6.app/Contents/Developer/Toolchains/XcodeDefault.xctoolchain/usr/lib/swift/host/plugins/testing -enable-experimental-feature DebugDescriptionMacro -sdk /Applications/Xcode_26.6.app/Contents/Developer/Platforms/iPhoneSimulator.platform/Developer/SDKs/iPhoneSimulator26.5.sdk -target arm64-apple-ios16.0-simulator -g -module-cache-path /Users/runner/work/Album-Prag/Album-Prag/DerivedData/ModuleCache.noindex -Xfrontend -serialize-debugging-options -enable-testing -suppress-warnings -index-store-path /Users/runner/work/Album-Prag/Album-Prag/DerivedData/Index.noindex/DataStore -Xcc -D_LIBCPP_HARDENING_MODE\=_LIBCPP_HARDENING_MODE_DEBUG -swift-version 6 -I /Users/runner/work/Album-Prag/Album-Prag/DerivedData/Build/Products/Debug-iphonesimulator -Isystem /Applications/Xcode_26.6.app/Contents/Developer/Platforms/iPhoneSimulator.platform/Developer/usr/lib -F /Users/runner/work/Album-Prag/Album-Prag/DerivedData/Build/Products/Debug-iphonesimulator/PackageFrameworks -F /Users/runner/work/Album-Prag/Album-Prag/DerivedData/Build/Products/Debug-iphonesimulator/PackageFrameworks -F /Users/runner/work/Album-Prag/Album-Prag/DerivedData/Build/Products/Debug-iphonesimulator/PackageFrameworks -F /Users/runner/work/Album-Prag/Album-Prag/DerivedData/Build/Products/Debug-iphonesimulator/PackageFrameworks -F /Users/runner/work/Album-Prag/Album-Prag/DerivedData/Build/Products/Debug-iphonesimulator/PackageFrameworks -F /Users/runner/work/Album-Prag/Album-Prag/DerivedData/Build/Products/Debug-iphonesimulator/PackageFrameworks -F /Users/runner/work/Album-Prag/Album-Prag/DerivedData/Build/Products/Debug-iphonesimulator -F /Applications/Xcode_26.6.app/Contents/Developer/Platforms/iPhoneSimulator.platform/Developer/Library/Frameworks -F /Applications/Xcode_26.6.app/Contents/Developer/Platforms/iPhoneSimulator.platform/Developer/SDKs/iPhoneSimulator26.5.sdk/Developer/Library/Frameworks -c -j3 -enable-batch-mode -incremental -Xcc -ivfsstatcache -Xcc /Users/runner/work/Album-Prag/Album-Prag/DerivedData/SDKStatCaches.noindex/iphonesimulator26.5-23F81a-688ef53f1462e2c8f657fdc38a81448ff45c64a1807a658693f2a61704f17a36.sdkstatcache -output-file-map /Users/runner/work/Album-Prag/Album-Prag/DerivedData/Build/Intermediates.noindex/Supabase.build/Debug-iphonesimulator/Functions.build/Objects-normal/arm64/Functions-OutputFileMap.json -use-frontend-parseable-output -save-temps -no-color-diagnostics -explicit-module-build -module-cache-path /Users/runner/work/Album-Prag/Album-Prag/DerivedData/Build/Intermediates.noindex/SwiftExplicitPrecompiledModules -clang-scanner-module-cache-path /Users/runner/work/Album-Prag/Album-Prag/DerivedData/ModuleCache.noindex -sdk-module-cache-path /Users/runner/work/Album-Prag/Album-Prag/DerivedData/ModuleCache.noindex -serialize-diagnostics -emit-dependencies -emit-module -emit-module-path /Users/runner/work/Album-Prag/Album-Prag/DerivedData/Build/Intermediates.noindex/Supabase.build/Debug-iphonesimulator/Functions.build/Objects-normal/arm64/Functions.swiftmodule -user-module-version 2.55.2 -validate-clang-modules-once -clang-build-session-file /Users/runner/work/Album-Prag/Album-Prag/DerivedData/ModuleCache.noindex/Session.modulevalidation -package-name supabase_swift -Xcc -I/Users/runner/work/Album-Prag/Album-Prag/DerivedData/Build/Intermediates.noindex/Supabase.build/Debug-iphonesimulator/Functions.build/swift-overrides.hmap -emit-const-values -Xfrontend -const-gather-protocols-file -Xfrontend /Users/runner/work/Album-Prag/Album-Prag/DerivedData/Build/Intermediates.noindex/Supabase.build/Debug-iphonesimulator/Functions.build/Objects-normal/arm64/Functions_const_extract_protocols.json -Xcc -I/Users/runner/work/Album-Prag/Album-Prag/DerivedData/Build/Products/Debug-iphonesimulator/include -Xcc -I/Users/runner/work/Album-Prag/Album-Prag/DerivedData/Build/Intermediates.noindex/Supabase.build/Debug-iphonesimulator/Functions.build/DerivedSources-normal/arm64 -Xcc -I/Users/runner/work/Album-Prag/Album-Prag/DerivedData/Build/Intermediates.noindex/Supabase.build/Debug-iphonesimulator/Functions.build/DerivedSources/arm64 -Xcc -I/Users/runner/work/Album-Prag/Album-Prag/DerivedData/Build/Intermediates.noindex/Supabase.build/Debug-iphonesimulator/Functions.build/DerivedSources -Xcc -DSWIFT_PACKAGE -Xcc -DDEBUG\=1 -emit-objc-header -emit-objc-header-path /Users/runner/work/Album-Prag/Album-Prag/DerivedData/Build/Intermediates.noindex/Supabase.build/Debug-iphonesimulator/Functions.build/Objects-normal/arm64/Functions-Swift.h -working-directory /Users/runner/work/Album-Prag/Album-Prag/Album.xcodeproj -experimental-emit-module-separately -disable-cmo

SwiftExplicitDependencyGeneratePcm arm64 /Users/runner/work/Album-Prag/Album-Prag/DerivedData/ModuleCache.noindex/Darwin-6MRL08I42QRTCLL57O4C8XCK9.pcm

SwiftExplicitDependencyGeneratePcm arm64 /Users/runner/work/Album-Prag/Album-Prag/DerivedData/ModuleCache.noindex/simd-7Y33H7WK6JT8JSE52JHT50OHK.pcm

SwiftEmitModule normal arm64 Emitting\ module\ for\ Functions (in target 'Functions' from project 'Supabase')

EmitSwiftModule normal arm64 (in target 'Functions' from project 'Supabase')
    cd /Users/runner/work/Album-Prag/Album-Prag/Album.xcodeproj
    

SwiftCompile normal arm64 Compiling\ Types.swift /Users/runner/work/Album-Prag/Album-Prag/DerivedData/SourcePackages/checkouts/supabase-swift/Sources/Functions/Types.swift (in target 'Functions' from project 'Supabase')
SwiftCompile normal arm64 /Users/runner/work/Album-Prag/Album-Prag/DerivedData/SourcePackages/checkouts/supabase-swift/Sources/Functions/Types.swift (in target 'Functions' from project 'Supabase')
    cd /Users/runner/work/Album-Prag/Album-Prag/Album.xcodeproj
    

SwiftExplicitDependencyGeneratePcm arm64 /Users/runner/work/Album-Prag/Album-Prag/DerivedData/ModuleCache.noindex/MachO-5G84ILWRTD5UYVVAZASNP7RL0.pcm

SwiftDriverJobDiscovery normal arm64 Emitting module for Functions (in target 'Functions' from project 'Supabase')

SwiftDriver\ Compilation\ Requirements Functions normal arm64 com.apple.xcode.tools.swift.compiler (in target 'Functions' from project 'Supabase')
    cd /Users/runner/work/Album-Prag/Album-Prag/Album.xcodeproj
    builtin-Swift-Compilation-Requirements -- /Applications/Xcode_26.6.app/Contents/Developer/Toolchains/XcodeDefault.xctoolchain/usr/bin/swiftc -module-name Functions -Onone @/Users/runner/work/Album-Prag/Album-Prag/DerivedData/Build/Intermediates.noindex/Supabase.build/Debug-iphonesimulator/Functions.build/Objects-normal/arm64/Functions.SwiftFileList -DSWIFT_PACKAGE -DDEBUG -DSWIFT_MODULE_RESOURCE_BUNDLE_UNAVAILABLE -DXcode -enable-upcoming-feature ExistentialAny -enable-upcoming-feature ImmutableWeakCaptures -enable-upcoming-feature InferIsolatedConformances -enable-upcoming-feature InternalImportsByDefault -enable-upcoming-feature MemberImportVisibility -plugin-path /Applications/Xcode_26.6.app/Contents/Developer/Toolchains/XcodeDefault.xctoolchain/usr/lib/swift/host/plugins/testing -enable-experimental-feature DebugDescriptionMacro -sdk /Applications/Xcode_26.6.app/Contents/Developer/Platforms/iPhoneSimulator.platform/Developer/SDKs/iPhoneSimulator26.5.sdk -target arm64-apple-ios16.0-simulator -g -module-cache-path /Users/runner/work/Album-Prag/Album-Prag/DerivedData/ModuleCache.noindex -Xfrontend -serialize-debugging-options -enable-testing -suppress-warnings -index-store-path /Users/runner/work/Album-Prag/Album-Prag/DerivedData/Index.noindex/DataStore -Xcc -D_LIBCPP_HARDENING_MODE\=_LIBCPP_HARDENING_MODE_DEBUG -swift-version 6 -I /Users/runner/work/Album-Prag/Album-Prag/DerivedData/Build/Products/Debug-iphonesimulator -Isystem /Applications/Xcode_26.6.app/Contents/Developer/Platforms/iPhoneSimulator.platform/Developer/usr/lib -F /Users/runner/work/Album-Prag/Album-Prag/DerivedData/Build/Products/Debug-iphonesimulator/PackageFrameworks -F /Users/runner/work/Album-Prag/Album-Prag/DerivedData/Build/Products/Debug-iphonesimulator/PackageFrameworks -F /Users/runner/work/Album-Prag/Album-Prag/DerivedData/Build/Products/Debug-iphonesimulator/PackageFrameworks -F /Users/runner/work/Album-Prag/Album-Prag/DerivedData/Build/Products/Debug-iphonesimulator/PackageFrameworks -F /Users/runner/work/Album-Prag/Album-Prag/DerivedData/Build/Products/Debug-iphonesimulator/PackageFrameworks -F /Users/runner/work/Album-Prag/Album-Prag/DerivedData/Build/Products/Debug-iphonesimulator/PackageFrameworks -F /Users/runner/work/Album-Prag/Album-Prag/DerivedData/Build/Products/Debug-iphonesimulator -F /Applications/Xcode_26.6.app/Contents/Developer/Platforms/iPhoneSimulator.platform/Developer/Library/Frameworks -F /Applications/Xcode_26.6.app/Contents/Developer/Platforms/iPhoneSimulator.platform/Developer/SDKs/iPhoneSimulator26.5.sdk/Developer/Library/Frameworks -c -j3 -enable-batch-mode -incremental -Xcc -ivfsstatcache -Xcc /Users/runner/work/Album-Prag/Album-Prag/DerivedData/SDKStatCaches.noindex/iphonesimulator26.5-23F81a-688ef53f1462e2c8f657fdc38a81448ff45c64a1807a658693f2a61704f17a36.sdkstatcache -output-file-map /Users/runner/work/Album-Prag/Album-Prag/DerivedData/Build/Intermediates.noindex/Supabase.build/Debug-iphonesimulator/Functions.build/Objects-normal/arm64/Functions-OutputFileMap.json -use-frontend-parseable-output -save-temps -no-color-diagnostics -explicit-module-build -module-cache-path /Users/runner/work/Album-Prag/Album-Prag/DerivedData/Build/Intermediates.noindex/SwiftExplicitPrecompiledModules -clang-scanner-module-cache-path /Users/runner/work/Album-Prag/Album-Prag/DerivedData/ModuleCache.noindex -sdk-module-cache-path /Users/runner/work/Album-Prag/Album-Prag/DerivedData/ModuleCache.noindex -serialize-diagnostics -emit-dependencies -emit-module -emit-module-path /Users/runner/work/Album-Prag/Album-Prag/DerivedData/Build/Intermediates.noindex/Supabase.build/Debug-iphonesimulator/Functions.build/Objects-normal/arm64/Functions.swiftmodule -user-module-version 2.55.2 -validate-clang-modules-once -clang-build-session-file /Users/runner/work/Album-Prag/Album-Prag/DerivedData/ModuleCache.noindex/Session.modulevalidation -package-name supabase_swift -Xcc -I/Users/runner/work/Album-Prag/Album-Prag/DerivedData/Build/Intermediates.noindex/Supabase.build/Debug-iphonesimulator/Functions.build/swift-overrides.hmap -emit-const-values -Xfrontend -const-gather-protocols-file -Xfrontend /Users/runner/work/Album-Prag/Album-Prag/DerivedData/Build/Intermediates.noindex/Supabase.build/Debug-iphonesimulator/Functions.build/Objects-normal/arm64/Functions_const_extract_protocols.json -Xcc -I/Users/runner/work/Album-Prag/Album-Prag/DerivedData/Build/Products/Debug-iphonesimulator/include -Xcc -I/Users/runner/work/Album-Prag/Album-Prag/DerivedData/Build/Intermediates.noindex/Supabase.build/Debug-iphonesimulator/Functions.build/DerivedSources-normal/arm64 -Xcc -I/Users/runner/work/Album-Prag/Album-Prag/DerivedData/Build/Intermediates.noindex/Supabase.build/Debug-iphonesimulator/Functions.build/DerivedSources/arm64 -Xcc -I/Users/runner/work/Album-Prag/Album-Prag/DerivedData/Build/Intermediates.noindex/Supabase.build/Debug-iphonesimulator/Functions.build/DerivedSources -Xcc -DSWIFT_PACKAGE -Xcc -DDEBUG\=1 -emit-objc-header -emit-objc-header-path /Users/runner/work/Album-Prag/Album-Prag/DerivedData/Build/Intermediates.noindex/Supabase.build/Debug-iphonesimulator/Functions.build/Objects-normal/arm64/Functions-Swift.h -working-directory /Users/runner/work/Album-Prag/Album-Prag/Album.xcodeproj -experimental-emit-module-separately -disable-cmo

SwiftExplicitDependencyGeneratePcm arm64 /Users/runner/work/Album-Prag/Album-Prag/DerivedData/ModuleCache.noindex/ObjectiveC-5QNIP82VU4FJTEFCSB2855MS0.pcm

SwiftMergeGeneratedHeaders /Users/runner/work/Album-Prag/Album-Prag/DerivedData/Build/Intermediates.noindex/GeneratedModuleMaps-iphonesimulator/Functions-Swift.h /Users/runner/work/Album-Prag/Album-Prag/DerivedData/Build/Intermediates.noindex/Supabase.build/Debug-iphonesimulator/Functions.build/Objects-normal/arm64/Functions-Swift.h (in target 'Functions' from project 'Supabase')
    cd /Users/runner/work/Album-Prag/Album-Prag/DerivedData/SourcePackages/checkouts/supabase-swift
    builtin-swiftHeaderTool -arch arm64 /Users/runner/work/Album-Prag/Album-Prag/DerivedData/Build/Intermediates.noindex/Supabase.build/Debug-iphonesimulator/Functions.build/Objects-normal/arm64/Functions-Swift.h -o /Users/runner/work/Album-Prag/Album-Prag/DerivedData/Build/Intermediates.noindex/GeneratedModuleMaps-iphonesimulator/Functions-Swift.h

Copy /Users/runner/work/Album-Prag/Album-Prag/DerivedData/Build/Products/Debug-iphonesimulator/Functions.swiftmodule/arm64-apple-ios-simulator.swiftmodule /Users/runner/work/Album-Prag/Album-Prag/DerivedData/Build/Intermediates.noindex/Supabase.build/Debug-iphonesimulator/Functions.build/Objects-normal/arm64/Functions.swiftmodule (in target 'Functions' from project 'Supabase')
    cd /Users/runner/work/Album-Prag/Album-Prag/DerivedData/SourcePackages/checkouts/supabase-swift
    builtin-copy -exclude .DS_Store -exclude CVS -exclude .svn -exclude .git -exclude .hg -resolve-src-symlinks -rename /Users/runner/work/Album-Prag/Album-Prag/DerivedData/Build/Intermediates.noindex/Supabase.build/Debug-iphonesimulator/Functions.build/Objects-normal/arm64/Functions.swiftmodule /Users/runner/work/Album-Prag/Album-Prag/DerivedData/Build/Products/Debug-iphonesimulator/Functions.swiftmodule/arm64-apple-ios-simulator.swiftmodule

Copy /Users/runner/work/Album-Prag/Album-Prag/DerivedData/Build/Products/Debug-iphonesimulator/Functions.swiftmodule/arm64-apple-ios-simulator.swiftdoc /Users/runner/work/Album-Prag/Album-Prag/DerivedData/Build/Intermediates.noindex/Supabase.build/Debug-iphonesimulator/Functions.build/Objects-normal/arm64/Functions.swiftdoc (in target 'Functions' from project 'Supabase')
    cd /Users/runner/work/Album-Prag/Album-Prag/DerivedData/SourcePackages/checkouts/supabase-swift
    builtin-copy -exclude .DS_Store -exclude CVS -exclude .svn -exclude .git -exclude .hg -resolve-src-symlinks -rename /Users/runner/work/Album-Prag/Album-Prag/DerivedData/Build/Intermediates.noindex/Supabase.build/Debug-iphonesimulator/Functions.build/Objects-normal/arm64/Functions.swiftdoc /Users/runner/work/Album-Prag/Album-Prag/DerivedData/Build/Products/Debug-iphonesimulator/Functions.swiftmodule/arm64-apple-ios-simulator.swiftdoc

Copy /Users/runner/work/Album-Prag/Album-Prag/DerivedData/Build/Products/Debug-iphonesimulator/Functions.swiftmodule/arm64-apple-ios-simulator.abi.json /Users/runner/work/Album-Prag/Album-Prag/DerivedData/Build/Intermediates.noindex/Supabase.build/Debug-iphonesimulator/Functions.build/Objects-normal/arm64/Functions.abi.json (in target 'Functions' from project 'Supabase')
    cd /Users/runner/work/Album-Prag/Album-Prag/DerivedData/SourcePackages/checkouts/supabase-swift
    builtin-copy -exclude .DS_Store -exclude CVS -exclude .svn -exclude .git -exclude .hg -resolve-src-symlinks -rename /Users/runner/work/Album-Prag/Album-Prag/DerivedData/Build/Intermediates.noindex/Supabase.build/Debug-iphonesimulator/Functions.build/Objects-normal/arm64/Functions.abi.json /Users/runner/work/Album-Prag/Album-Prag/DerivedData/Build/Products/Debug-iphonesimulator/Functions.swiftmodule/arm64-apple-ios-simulator.abi.json

Copy /Users/runner/work/Album-Prag/Album-Prag/DerivedData/Build/Products/Debug-iphonesimulator/Functions.swiftmodule/Project/arm64-apple-ios-simulator.swiftsourceinfo /Users/runner/work/Album-Prag/Album-Prag/DerivedData/Build/Intermediates.noindex/Supabase.build/Debug-iphonesimulator/Functions.build/Objects-normal/arm64/Functions.swiftsourceinfo (in target 'Functions' from project 'Supabase')
    cd /Users/runner/work/Album-Prag/Album-Prag/DerivedData/SourcePackages/checkouts/supabase-swift
    builtin-copy -exclude .DS_Store -exclude CVS -exclude .svn -exclude .git -exclude .hg -resolve-src-symlinks -rename /Users/runner/work/Album-Prag/Album-Prag/DerivedData/Build/Intermediates.noindex/Supabase.build/Debug-iphonesimulator/Functions.build/Objects-normal/arm64/Functions.swiftsourceinfo /Users/runner/work/Album-Prag/Album-Prag/DerivedData/Build/Products/Debug-iphonesimulator/Functions.swiftmodule/Project/arm64-apple-ios-simulator.swiftsourceinfo

SwiftExplicitDependencyGeneratePcm arm64 /Users/runner/work/Album-Prag/Album-Prag/DerivedData/ModuleCache.noindex/Spatial-CXO7BOTSVQ0IPCHKZ44BX5L1D.pcm

SwiftDriverJobDiscovery normal arm64 Compiling Types.swift (in target 'Functions' from project 'Supabase')

SwiftCompile normal arm64 Compiling\ Exports.swift /Users/runner/work/Album-Prag/Album-Prag/DerivedData/SourcePackages/checkouts/supabase-swift/Sources/Functions/Exports.swift (in target 'Functions' from project 'Supabase')

SwiftCompile normal arm64 /Users/runner/work/Album-Prag/Album-Prag/DerivedData/SourcePackages/checkouts/supabase-swift/Sources/Functions/Exports.swift (in target 'Functions' from project 'Supabase')
    cd /Users/runner/work/Album-Prag/Album-Prag/Album.xcodeproj
    

SwiftCompile normal arm64 Compiling\ FunctionsClient.swift /Users/runner/work/Album-Prag/Album-Prag/DerivedData/SourcePackages/checkouts/supabase-swift/Sources/Functions/FunctionsClient.swift (in target 'Functions' from project 'Supabase')
SwiftCompile normal arm64 /Users/runner/work/Album-Prag/Album-Prag/DerivedData/SourcePackages/checkouts/supabase-swift/Sources/Functions/FunctionsClient.swift (in target 'Functions' from project 'Supabase')
    cd /Users/runner/work/Album-Prag/Album-Prag/Album.xcodeproj
    

SwiftExplicitDependencyGeneratePcm arm64 /Users/runner/work/Album-Prag/Album-Prag/DerivedData/ModuleCache.noindex/os_object-73RTCM9QINT11KKSYAEQAKEFY.pcm

SwiftDriverJobDiscovery normal arm64 Compiling Exports.swift (in target 'Functions' from project 'Supabase')

SwiftExplicitDependencyGeneratePcm arm64 /Users/runner/work/Album-Prag/Album-Prag/DerivedData/ModuleCache.noindex/os_workgroup-92L9YYJY0B8ODT7SJL75QRD3W.pcm

SwiftDriver Auth normal arm64 com.apple.xcode.tools.swift.compiler (in target 'Auth' from project 'Supabase')
    cd /Users/runner/work/Album-Prag/Album-Prag/Album.xcodeproj
    builtin-SwiftDriver -- /Applications/Xcode_26.6.app/Contents/Developer/Toolchains/XcodeDefault.xctoolchain/usr/bin/swiftc -module-name Auth -Onone @/Users/runner/work/Album-Prag/Album-Prag/DerivedData/Build/Intermediates.noindex/Supabase.build/Debug-iphonesimulator/Auth.build/Objects-normal/arm64/Auth.SwiftFileList -DSWIFT_PACKAGE -DDEBUG -DSWIFT_MODULE_RESOURCE_BUNDLE_UNAVAILABLE -DXcode -enable-upcoming-feature ExistentialAny -enable-upcoming-feature ImmutableWeakCaptures -enable-upcoming-feature InferIsolatedConformances -enable-upcoming-feature InternalImportsByDefault -enable-upcoming-feature MemberImportVisibility -plugin-path /Applications/Xcode_26.6.app/Contents/Developer/Toolchains/XcodeDefault.xctoolchain/usr/lib/swift/host/plugins/testing -enable-experimental-feature DebugDescriptionMacro -sdk /Applications/Xcode_26.6.app/Contents/Developer/Platforms/iPhoneSimulator.platform/Developer/SDKs/iPhoneSimulator26.5.sdk -target arm64-apple-ios16.0-simulator -g -module-cache-path /Users/runner/work/Album-Prag/Album-Prag/DerivedData/ModuleCache.noindex -Xfrontend -serialize-debugging-options -enable-testing -suppress-warnings -index-store-path /Users/runner/work/Album-Prag/Album-Prag/DerivedData/Index.noindex/DataStore -Xcc -D_LIBCPP_HARDENING_MODE\=_LIBCPP_HARDENING_MODE_DEBUG -swift-version 6 -I /Users/runner/work/Album-Prag/Album-Prag/DerivedData/Build/Products/Debug-iphonesimulator -Isystem /Applications/Xcode_26.6.app/Contents/Developer/Platforms/iPhoneSimulator.platform/Developer/usr/lib -F /Users/runner/work/Album-Prag/Album-Prag/DerivedData/Build/Products/Debug-iphonesimulator/PackageFrameworks -F /Users/runner/work/Album-Prag/Album-Prag/DerivedData/Build/Products/Debug-iphonesimulator/PackageFrameworks -F /Users/runner/work/Album-Prag/Album-Prag/DerivedData/Build/Products/Debug-iphonesimulator/PackageFrameworks -F /Users/runner/work/Album-Prag/Album-Prag/DerivedData/Build/Products/Debug-iphonesimulator/PackageFrameworks -F /Users/runner/work/Album-Prag/Album-Prag/DerivedData/Build/Products/Debug-iphonesimulator/PackageFrameworks -F /Users/runner/work/Album-Prag/Album-Prag/DerivedData/Build/Products/Debug-iphonesimulator/PackageFrameworks -F /Users/runner/work/Album-Prag/Album-Prag/DerivedData/Build/Products/Debug-iphonesimulator/PackageFrameworks -F /Users/runner/work/Album-Prag/Album-Prag/DerivedData/Build/Products/Debug-iphonesimulator -F /Applications/Xcode_26.6.app/Contents/Developer/Platforms/iPhoneSimulator.platform/Developer/Library/Frameworks -F /Applications/Xcode_26.6.app/Contents/Developer/Platforms/iPhoneSimulator.platform/Developer/SDKs/iPhoneSimulator26.5.sdk/Developer/Library/Frameworks -c -j3 -enable-batch-mode -incremental -Xcc -ivfsstatcache -Xcc /Users/runner/work/Album-Prag/Album-Prag/DerivedData/SDKStatCaches.noindex/iphonesimulator26.5-23F81a-688ef53f1462e2c8f657fdc38a81448ff45c64a1807a658693f2a61704f17a36.sdkstatcache -output-file-map /Users/runner/work/Album-Prag/Album-Prag/DerivedData/Build/Intermediates.noindex/Supabase.build/Debug-iphonesimulator/Auth.build/Objects-normal/arm64/Auth-OutputFileMap.json -use-frontend-parseable-output -save-temps -no-color-diagnostics -explicit-module-build -module-cache-path /Users/runner/work/Album-Prag/Album-Prag/DerivedData/Build/Intermediates.noindex/SwiftExplicitPrecompiledModules -clang-scanner-module-cache-path /Users/runner/work/Album-Prag/Album-Prag/DerivedData/ModuleCache.noindex -sdk-module-cache-path /Users/runner/work/Album-Prag/Album-Prag/DerivedData/ModuleCache.noindex -serialize-diagnostics -emit-dependencies -emit-module -emit-module-path /Users/runner/work/Album-Prag/Album-Prag/DerivedData/Build/Intermediates.noindex/Supabase.build/Debug-iphonesimulator/Auth.build/Objects-normal/arm64/Auth.swiftmodule -user-module-version 2.55.2 -validate-clang-modules-once -clang-build-session-file /Users/runner/work/Album-Prag/Album-Prag/DerivedData/ModuleCache.noindex/Session.modulevalidation -package-name supabase_swift -Xcc -I/Users/runner/work/Album-Prag/Album-Prag/DerivedData/Build/Intermediates.noindex/Supabase.build/Debug-iphonesimulator/Auth.build/swift-overrides.hmap -emit-const-values -Xfrontend -const-gather-protocols-file -Xfrontend /Users/runner/work/Album-Prag/Album-Prag/DerivedData/Build/Intermediates.noindex/Supabase.build/Debug-iphonesimulator/Auth.build/Objects-normal/arm64/Auth_const_extract_protocols.json -Xcc -I/Users/runner/work/Album-Prag/Album-Prag/DerivedData/Build/Products/Debug-iphonesimulator/include -Xcc -I/Users/runner/work/Album-Prag/Album-Prag/DerivedData/Build/Intermediates.noindex/Supabase.build/Debug-iphonesimulator/Auth.build/DerivedSources-normal/arm64 -Xcc -I/Users/runner/work/Album-Prag/Album-Prag/DerivedData/Build/Intermediates.noindex/Supabase.build/Debug-iphonesimulator/Auth.build/DerivedSources/arm64 -Xcc -I/Users/runner/work/Album-Prag/Album-Prag/DerivedData/Build/Intermediates.noindex/Supabase.build/Debug-iphonesimulator/Auth.build/DerivedSources -Xcc -DSWIFT_PACKAGE -Xcc -DDEBUG\=1 -emit-objc-header -emit-objc-header-path /Users/runner/work/Album-Prag/Album-Prag/DerivedData/Build/Intermediates.noindex/Supabase.build/Debug-iphonesimulator/Auth.build/Objects-normal/arm64/Auth-Swift.h -working-directory /Users/runner/work/Album-Prag/Album-Prag/Album.xcodeproj -experimental-emit-module-separately -disable-cmo

RegisterExecutionPolicyException /Users/runner/work/Album-Prag/Album-Prag/DerivedData/Build/Products/Debug-iphonesimulator/Clocks.o (in target 'Clocks' from project 'swift-clocks')
    cd /Users/runner/work/Album-Prag/Album-Prag/DerivedData/SourcePackages/checkouts/swift-clocks
    builtin-RegisterExecutionPolicyException /Users/runner/work/Album-Prag/Album-Prag/DerivedData/Build/Products/Debug-iphonesimulator/Clocks.o

SwiftExplicitDependencyGeneratePcm arm64 /Users/runner/work/Album-Prag/Album-Prag/DerivedData/ModuleCache.noindex/Dispatch-6PP5UADNVV7NH6C1IXJ5MVKOX.pcm

SwiftExplicitDependencyGeneratePcm arm64 /Users/runner/work/Album-Prag/Album-Prag/DerivedData/ModuleCache.noindex/CoreFoundation-2PX6U010QEXPOL4DMIY21EPVB.pcm

SwiftExplicitDependencyGeneratePcm arm64 /Users/runner/work/Album-Prag/Album-Prag/DerivedData/ModuleCache.noindex/XPC-EWL8I8DVAJKGTCLX678POJ9QU.pcm

SwiftDriverJobDiscovery normal arm64 Compiling FunctionsClient.swift (in target 'Functions' from project 'Supabase')

SwiftDriver\ Compilation Functions normal arm64 com.apple.xcode.tools.swift.compiler (in target 'Functions' from project 'Supabase')
    cd /Users/runner/work/Album-Prag/Album-Prag/Album.xcodeproj
    builtin-Swift-Compilation -- /Applications/Xcode_26.6.app/Contents/Developer/Toolchains/XcodeDefault.xctoolchain/usr/bin/swiftc -module-name Functions -Onone @/Users/runner/work/Album-Prag/Album-Prag/DerivedData/Build/Intermediates.noindex/Supabase.build/Debug-iphonesimulator/Functions.build/Objects-normal/arm64/Functions.SwiftFileList -DSWIFT_PACKAGE -DDEBUG -DSWIFT_MODULE_RESOURCE_BUNDLE_UNAVAILABLE -DXcode -enable-upcoming-feature ExistentialAny -enable-upcoming-feature ImmutableWeakCaptures -enable-upcoming-feature InferIsolatedConformances -enable-upcoming-feature InternalImportsByDefault -enable-upcoming-feature MemberImportVisibility -plugin-path /Applications/Xcode_26.6.app/Contents/Developer/Toolchains/XcodeDefault.xctoolchain/usr/lib/swift/host/plugins/testing -enable-experimental-feature DebugDescriptionMacro -sdk /Applications/Xcode_26.6.app/Contents/Developer/Platforms/iPhoneSimulator.platform/Developer/SDKs/iPhoneSimulator26.5.sdk -target arm64-apple-ios16.0-simulator -g -module-cache-path /Users/runner/work/Album-Prag/Album-Prag/DerivedData/ModuleCache.noindex -Xfrontend -serialize-debugging-options -enable-testing -suppress-warnings -index-store-path /Users/runner/work/Album-Prag/Album-Prag/DerivedData/Index.noindex/DataStore -Xcc -D_LIBCPP_HARDENING_MODE\=_LIBCPP_HARDENING_MODE_DEBUG -swift-version 6 -I /Users/runner/work/Album-Prag/Album-Prag/DerivedData/Build/Products/Debug-iphonesimulator -Isystem /Applications/Xcode_26.6.app/Contents/Developer/Platforms/iPhoneSimulator.platform/Developer/usr/lib -F /Users/runner/work/Album-Prag/Album-Prag/DerivedData/Build/Products/Debug-iphonesimulator/PackageFrameworks -F /Users/runner/work/Album-Prag/Album-Prag/DerivedData/Build/Products/Debug-iphonesimulator/PackageFrameworks -F /Users/runner/work/Album-Prag/Album-Prag/DerivedData/Build/Products/Debug-iphonesimulator/PackageFrameworks -F /Users/runner/work/Album-Prag/Album-Prag/DerivedData/Build/Products/Debug-iphonesimulator/PackageFrameworks -F /Users/runner/work/Album-Prag/Album-Prag/DerivedData/Build/Products/Debug-iphonesimulator/PackageFrameworks -F /Users/runner/work/Album-Prag/Album-Prag/DerivedData/Build/Products/Debug-iphonesimulator/PackageFrameworks -F /Users/runner/work/Album-Prag/Album-Prag/DerivedData/Build/Products/Debug-iphonesimulator -F /Applications/Xcode_26.6.app/Contents/Developer/Platforms/iPhoneSimulator.platform/Developer/Library/Frameworks -F /Applications/Xcode_26.6.app/Contents/Developer/Platforms/iPhoneSimulator.platform/Developer/SDKs/iPhoneSimulator26.5.sdk/Developer/Library/Frameworks -c -j3 -enable-batch-mode -incremental -Xcc -ivfsstatcache -Xcc /Users/runner/work/Album-Prag/Album-Prag/DerivedData/SDKStatCaches.noindex/iphonesimulator26.5-23F81a-688ef53f1462e2c8f657fdc38a81448ff45c64a1807a658693f2a61704f17a36.sdkstatcache -output-file-map /Users/runner/work/Album-Prag/Album-Prag/DerivedData/Build/Intermediates.noindex/Supabase.build/Debug-iphonesimulator/Functions.build/Objects-normal/arm64/Functions-OutputFileMap.json -use-frontend-parseable-output -save-temps -no-color-diagnostics -explicit-module-build -module-cache-path /Users/runner/work/Album-Prag/Album-Prag/DerivedData/Build/Intermediates.noindex/SwiftExplicitPrecompiledModules -clang-scanner-module-cache-path /Users/runner/work/Album-Prag/Album-Prag/DerivedData/ModuleCache.noindex -sdk-module-cache-path /Users/runner/work/Album-Prag/Album-Prag/DerivedData/ModuleCache.noindex -serialize-diagnostics -emit-dependencies -emit-module -emit-module-path /Users/runner/work/Album-Prag/Album-Prag/DerivedData/Build/Intermediates.noindex/Supabase.build/Debug-iphonesimulator/Functions.build/Objects-normal/arm64/Functions.swiftmodule -user-module-version 2.55.2 -validate-clang-modules-once -clang-build-session-file /Users/runner/work/Album-Prag/Album-Prag/DerivedData/ModuleCache.noindex/Session.modulevalidation -package-name supabase_swift -Xcc -I/Users/runner/work/Album-Prag/Album-Prag/DerivedData/Build/Intermediates.noindex/Supabase.build/Debug-iphonesimulator/Functions.build/swift-overrides.hmap -emit-const-values -Xfrontend -const-gather-protocols-file -Xfrontend /Users/runner/work/Album-Prag/Album-Prag/DerivedData/Build/Intermediates.noindex/Supabase.build/Debug-iphonesimulator/Functions.build/Objects-normal/arm64/Functions_const_extract_protocols.json -Xcc -I/Users/runner/work/Album-Prag/Album-Prag/DerivedData/Build/Products/Debug-iphonesimulator/include -Xcc -I/Users/runner/work/Album-Prag/Album-Prag/DerivedData/Build/Intermediates.noindex/Supabase.build/Debug-iphonesimulator/Functions.build/DerivedSources-normal/arm64 -Xcc -I/Users/runner/work/Album-Prag/Album-Prag/DerivedData/Build/Intermediates.noindex/Supabase.build/Debug-iphonesimulator/Functions.build/DerivedSources/arm64 -Xcc -I/Users/runner/work/Album-Prag/Album-Prag/DerivedData/Build/Intermediates.noindex/Supabase.build/Debug-iphonesimulator/Functions.build/DerivedSources -Xcc -DSWIFT_PACKAGE -Xcc -DDEBUG\=1 -emit-objc-header -emit-objc-header-path /Users/runner/work/Album-Prag/Album-Prag/DerivedData/Build/Intermediates.noindex/Supabase.build/Debug-iphonesimulator/Functions.build/Objects-normal/arm64/Functions-Swift.h -working-directory /Users/runner/work/Album-Prag/Album-Prag/Album.xcodeproj -experimental-emit-module-separately -disable-cmo

SwiftExplicitDependencyGeneratePcm arm64 /Users/runner/work/Album-Prag/Album-Prag/DerivedData/ModuleCache.noindex/os-4OTNJ5M6KBAYU9Z8AUICYRUBE.pcm

SwiftExplicitDependencyGeneratePcm arm64 /Users/runner/work/Album-Prag/Album-Prag/DerivedData/ModuleCache.noindex/Security-C34N95SAXKLG5A4LRNMCAXV7F.pcm

SwiftExplicitDependencyGeneratePcm arm64 /Users/runner/work/Album-Prag/Album-Prag/DerivedData/ModuleCache.noindex/CFNetwork-ZC84FNQAYUPJ78DJE60CESE0.pcm

SwiftExplicitDependencyGeneratePcm arm64 /Users/runner/work/Album-Prag/Album-Prag/DerivedData/ModuleCache.noindex/CoreGraphics-8YI1R52Y5TEWQM37XK5MS898G.pcm

SwiftExplicitDependencyGeneratePcm arm64 /Users/runner/work/Album-Prag/Album-Prag/DerivedData/ModuleCache.noindex/Foundation-EEXR63TA49QO4MIZ4XA2KW5WJ.pcm

SwiftExplicitDependencyGeneratePcm arm64 /Users/runner/work/Album-Prag/Album-Prag/DerivedData/ModuleCache.noindex/CoreText-14FVVJYH268V64RZEK2QBP0RE.pcm

SwiftExplicitDependencyGeneratePcm arm64 /Users/runner/work/Album-Prag/Album-Prag/DerivedData/ModuleCache.noindex/ImageIO-BWIBOZX56ELWMBU99VQI9FKZK.pcm

Ld /Users/runner/work/Album-Prag/Album-Prag/DerivedData/Build/Products/Debug-iphonesimulator/Helpers.o normal (in target 'Helpers' from project 'Supabase')
    cd /Users/runner/work/Album-Prag/Album-Prag/DerivedData/SourcePackages/checkouts/supabase-swift
    /Applications/Xcode_26.6.app/Contents/Developer/Toolchains/XcodeDefault.xctoolchain/usr/bin/clang -Xlinker -reproducible -target arm64-apple-ios16.0-simulator -r -isysroot /Applications/Xcode_26.6.app/Contents/Developer/Platforms/iPhoneSimulator.platform/Developer/SDKs/iPhoneSimulator26.5.sdk -O0 -w -F/Users/runner/work/Album-Prag/Album-Prag/DerivedData/Build/Intermediates.noindex/EagerLinkingTBDs/Debug-iphonesimulator -F/Users/runner/work/Album-Prag/Album-Prag/DerivedData/Build/Products/Debug-iphonesimulator/PackageFrameworks -F/Users/runner/work/Album-Prag/Album-Prag/DerivedData/Build/Products/Debug-iphonesimulator/PackageFrameworks -F/Users/runner/work/Album-Prag/Album-Prag/DerivedData/Build/Products/Debug-iphonesimulator/PackageFrameworks -F/Users/runner/work/Album-Prag/Album-Prag/DerivedData/Build/Products/Debug-iphonesimulator/PackageFrameworks -F/Users/runner/work/Album-Prag/Album-Prag/DerivedData/Build/Products/Debug-iphonesimulator/PackageFrameworks -F/Users/runner/work/Album-Prag/Album-Prag/DerivedData/Build/Products/Debug-iphonesimulator -iframework /Applications/Xcode_26.6.app/Contents/Developer/Platforms/iPhoneSimulator.platform/Developer/Library/Frameworks -iframework /Applications/Xcode_26.6.app/Contents/Developer/Platforms/iPhoneSimulator.platform/Developer/SDKs/iPhoneSimulator26.5.sdk/Developer/Library/Frameworks -filelist /Users/runner/work/Album-Prag/Album-Prag/DerivedData/Build/Intermediates.noindex/Supabase.build/Debug-iphonesimulator/Helpers.build/Objects-normal/arm64/Helpers.LinkFileList -nostdlib -Xlinker -object_path_lto -Xlinker /Users/runner/work/Album-Prag/Album-Prag/DerivedData/Build/Intermediates.noindex/Supabase.build/Debug-iphonesimulator/Helpers.build/Objects-normal/arm64/Helpers_lto.o -Xlinker -no_deduplicate -Xlinker -objc_abi_version -Xlinker 2 -Xlinker -dependency_info -Xlinker /Users/runner/work/Album-Prag/Album-Prag/DerivedData/Build/Intermediates.noindex/Supabase.build/Debug-iphonesimulator/Helpers.build/Objects-normal/arm64/Helpers_dependency_info.dat -fobjc-link-runtime -L/Applications/Xcode_26.6.app/Contents/Developer/Toolchains/XcodeDefault.xctoolchain/usr/lib/swift/iphonesimulator -L/usr/lib/swift -Xlinker -add_ast_path -Xlinker /Users/runner/work/Album-Prag/Album-Prag/DerivedData/Build/Intermediates.noindex/Supabase.build/Debug-iphonesimulator/Helpers.build/Objects-normal/arm64/Helpers.swiftmodule @/Users/runner/work/Album-Prag/Album-Prag/DerivedData/Build/Intermediates.noindex/Supabase.build/Debug-iphonesimulator/Helpers.build/Objects-normal/arm64/Helpers-linker-args.resp -o /Users/runner/work/Album-Prag/Album-Prag/DerivedData/Build/Products/Debug-iphonesimulator/Helpers.o

ExtractAppIntentsMetadata (in target 'Helpers' from project 'Supabase')
    cd /Users/runner/work/Album-Prag/Album-Prag/DerivedData/SourcePackages/checkouts/supabase-swift
    /Applications/Xcode_26.6.app/Contents/Developer/Toolchains/XcodeDefault.xctoolchain/usr/bin/appintentsmetadataprocessor --toolchain-dir /var/run/com.apple.security.cryptexd/mnt/com.apple.MobileAsset.MetalToolchain-v17.6.109.0.3IcKNH/Metal.xctoolchain --module-name Helpers --sdk-root /Applications/Xcode_26.6.app/Contents/Developer/Platforms/iPhoneSimulator.platform/Developer/SDKs/iPhoneSimulator26.5.sdk --xcode-version 17F113 --platform-family iOS --deployment-target 16.0 --bundle-identifier supabase-swift.Helpers --output /Users/runner/work/Album-Prag/Album-Prag/DerivedData/Build/Products/Debug-iphonesimulator/Helpers.appintents --target-triple arm64-apple-ios16.0-simulator --binary-file /Users/runner/work/Album-Prag/Album-Prag/DerivedData/Build/Products/Debug-iphonesimulator/Helpers.o --dependency-file /Users/runner/work/Album-Prag/Album-Prag/DerivedData/Build/Intermediates.noindex/Supabase.build/Debug-iphonesimulator/Helpers.build/Objects-normal/arm64/Helpers_dependency_info.dat --stringsdata-file /Users/runner/work/Album-Prag/Album-Prag/DerivedData/Build/Intermediates.noindex/Supabase.build/Debug-iphonesimulator/Helpers.build/Objects-normal/arm64/ExtractedAppShortcutsMetadata.stringsdata --source-file-list /Users/runner/work/Album-Prag/Album-Prag/DerivedData/Build/Intermediates.noindex/Supabase.build/Debug-iphonesimulator/Helpers.build/Objects-normal/arm64/Helpers.SwiftFileList --metadata-file-list /Users/runner/work/Album-Prag/Album-Prag/DerivedData/Build/Intermediates.noindex/Supabase.build/Debug-iphonesimulator/Helpers.build/Helpers.DependencyMetadataFileList --static-metadata-file-list /Users/runner/work/Album-Prag/Album-Prag/DerivedData/Build/Intermediates.noindex/Supabase.build/Debug-iphonesimulator/Helpers.build/Helpers.DependencyStaticMetadataFileList --swift-const-vals-list /Users/runner/work/Album-Prag/Album-Prag/DerivedData/Build/Intermediates.noindex/Supabase.build/Debug-iphonesimulator/Helpers.build/Objects-normal/arm64/Helpers.SwiftConstValuesFileList --force --compile-time-extraction --deployment-aware-processing --validate-assistant-intents --no-app-shortcuts-localization
2026-10-05 12:41:19.241 appintentsmetadataprocessor[6664:30255] Starting appintentsmetadataprocessor export
2026-10-05 12:41:19.256 appintentsmetadataprocessor[6664:30255] Extracted no relevant App Intents symbols, skipping writing output

SwiftExplicitDependencyGeneratePcm arm64 /Users/runner/work/Album-Prag/Album-Prag/DerivedData/ModuleCache.noindex/UniformTypeIdentifiers-55PG6WAATLPYY3QXUNE2R2TK6.pcm

SwiftExplicitDependencyGeneratePcm arm64 /Users/runner/work/Album-Prag/Album-Prag/DerivedData/ModuleCache.noindex/UserNotifications-82EYLW35WGKZW631G54UTKDKU.pcm

SwiftExplicitDependencyGeneratePcm arm64 /Users/runner/work/Album-Prag/Album-Prag/DerivedData/ModuleCache.noindex/AuthenticationServices-EM5QNIVJLAAJACDO01Q834FB5.pcm

SwiftExplicitDependencyGeneratePcm arm64 /Users/runner/work/Album-Prag/Album-Prag/DerivedData/ModuleCache.noindex/Symbols-4A0VZSL82KZN184M6ZUP16YIU.pcm

SwiftExplicitDependencyGeneratePcm arm64 /Users/runner/work/Album-Prag/Album-Prag/DerivedData/ModuleCache.noindex/CoreTransferable-6IDI64M4YN5QO16O8SA9R41OS.pcm

SwiftExplicitDependencyGeneratePcm arm64 /Users/runner/work/Album-Prag/Album-Prag/DerivedData/ModuleCache.noindex/UIUtilities-B7ZGYKSPAY6K776C63R8BZHZM.pcm

SwiftExplicitDependencyGeneratePcm arm64 /Users/runner/work/Album-Prag/Album-Prag/DerivedData/ModuleCache.noindex/OSLog-DA33AUQNVWPYJ5N37SKLI1E2Y.pcm

SwiftExplicitDependencyGeneratePcm arm64 /Users/runner/work/Album-Prag/Album-Prag/DerivedData/ModuleCache.noindex/FileProvider-8H3BMTD7BMQY2DDTMOKX9JY94.pcm

SwiftEmitModule normal arm64 Emitting\ module\ for\ Auth (in target 'Auth' from project 'Supabase')

EmitSwiftModule normal arm64 (in target 'Auth' from project 'Supabase')
    cd /Users/runner/work/Album-Prag/Album-Prag/Album.xcodeproj
    

SwiftExplicitDependencyGeneratePcm arm64 /Users/runner/work/Album-Prag/Album-Prag/DerivedData/ModuleCache.noindex/OpenGLES-88LHMP4N34K2HJ2MC7K4D0VAA.pcm

SwiftExplicitDependencyGeneratePcm arm64 /Users/runner/work/Album-Prag/Album-Prag/DerivedData/ModuleCache.noindex/Accessibility-8PJ9NU209JMIB15IL7JDEKU4G.pcm

SwiftExplicitDependencyGeneratePcm arm64 /Users/runner/work/Album-Prag/Album-Prag/DerivedData/ModuleCache.noindex/DataDetection-3BHARZ4QEF2PDKJ8WYQ7VFF0W.pcm

SwiftExplicitDependencyGeneratePcm arm64 /Users/runner/work/Album-Prag/Album-Prag/DerivedData/ModuleCache.noindex/IOSurface-9TH00032ODF08IA5F8TL3BE03.pcm

SwiftCompile normal arm64 Compiling\ AuthAdmin.swift,\ AuthAdminOAuth.swift,\ AuthClient.swift,\ AuthClientConfiguration.swift,\ AuthError.swift,\ AuthMFA.swift,\ AuthOAuthServer.swift,\ AuthStateChangeListener.swift,\ Defaults.swift,\ Deprecated.swift,\ Exports.swift,\ APIClient.swift /Users/runner/work/Album-Prag/Album-Prag/DerivedData/SourcePackages/checkouts/supabase-swift/Sources/Auth/AuthAdmin.swift /Users/runner/work/Album-Prag/Album-Prag/DerivedData/SourcePackages/checkouts/supabase-swift/Sources/Auth/AuthAdminOAuth.swift /Users/runner/work/Album-Prag/Album-Prag/DerivedData/SourcePackages/checkouts/supabase-swift/Sources/Auth/AuthClient.swift /Users/runner/work/Album-Prag/Album-Prag/DerivedData/SourcePackages/checkouts/supabase-swift/Sources/Auth/AuthClientConfiguration.swift /Users/runner/work/Album-Prag/Album-Prag/DerivedData/SourcePackages/checkouts/supabase-swift/Sources/Auth/AuthError.swift /Users/runner/work/Album-Prag/Album-Prag/DerivedData/SourcePackages/checkouts/supabase-swift/Sources/Auth/AuthMFA.swift /Users/runner/work/Album-Prag/Album-Prag/DerivedData/SourcePackages/checkouts/supabase-swift/Sources/Auth/AuthOAuthServer.swift /Users/runner/work/Album-Prag/Album-Prag/DerivedData/SourcePackages/checkouts/supabase-swift/Sources/Auth/AuthStateChangeListener.swift /Users/runner/work/Album-Prag/Album-Prag/DerivedData/SourcePackages/checkouts/supabase-swift/Sources/Auth/Defaults.swift /Users/runner/work/Album-Prag/Album-Prag/DerivedData/SourcePackages/checkouts/supabase-swift/Sources/Auth/Deprecated.swift /Users/runner/work/Album-Prag/Album-Prag/DerivedData/SourcePackages/checkouts/supabase-swift/Sources/Auth/Exports.swift /Users/runner/work/Album-Prag/Album-Prag/DerivedData/SourcePackages/checkouts/supabase-swift/Sources/Auth/Internal/APIClient.swift (in target 'Auth' from project 'Supabase')
SwiftCompile normal arm64 /Users/runner/work/Album-Prag/Album-Prag/DerivedData/SourcePackages/checkouts/supabase-swift/Sources/Auth/AuthAdmin.swift (in target 'Auth' from project 'Supabase')
    cd /Users/runner/work/Album-Prag/Album-Prag/Album.xcodeproj
    

SwiftCompile normal arm64 /Users/runner/work/Album-Prag/Album-Prag/DerivedData/SourcePackages/checkouts/supabase-swift/Sources/Auth/AuthAdminOAuth.swift (in target 'Auth' from project 'Supabase')
    cd /Users/runner/work/Album-Prag/Album-Prag/Album.xcodeproj
    

SwiftCompile normal arm64 /Users/runner/work/Album-Prag/Album-Prag/DerivedData/SourcePackages/checkouts/supabase-swift/Sources/Auth/AuthClient.swift (in target 'Auth' from project 'Supabase')
    cd /Users/runner/work/Album-Prag/Album-Prag/Album.xcodeproj
    

SwiftCompile normal arm64 /Users/runner/work/Album-Prag/Album-Prag/DerivedData/SourcePackages/checkouts/supabase-swift/Sources/Auth/AuthClientConfiguration.swift (in target 'Auth' from project 'Supabase')
    cd /Users/runner/work/Album-Prag/Album-Prag/Album.xcodeproj
    

SwiftCompile normal arm64 /Users/runner/work/Album-Prag/Album-Prag/DerivedData/SourcePackages/checkouts/supabase-swift/Sources/Auth/AuthError.swift (in target 'Auth' from project 'Supabase')
    cd /Users/runner/work/Album-Prag/Album-Prag/Album.xcodeproj
    

SwiftCompile normal arm64 /Users/runner/work/Album-Prag/Album-Prag/DerivedData/SourcePackages/checkouts/supabase-swift/Sources/Auth/AuthMFA.swift (in target 'Auth' from project 'Supabase')
    cd /Users/runner/work/Album-Prag/Album-Prag/Album.xcodeproj
    

SwiftCompile normal arm64 /Users/runner/work/Album-Prag/Album-Prag/DerivedData/SourcePackages/checkouts/supabase-swift/Sources/Auth/AuthOAuthServer.swift (in target 'Auth' from project 'Supabase')
    cd /Users/runner/work/Album-Prag/Album-Prag/Album.xcodeproj
    

SwiftCompile normal arm64 /Users/runner/work/Album-Prag/Album-Prag/DerivedData/SourcePackages/checkouts/supabase-swift/Sources/Auth/AuthStateChangeListener.swift (in target 'Auth' from project 'Supabase')
    cd /Users/runner/work/Album-Prag/Album-Prag/Album.xcodeproj
    

SwiftCompile normal arm64 /Users/runner/work/Album-Prag/Album-Prag/DerivedData/SourcePackages/checkouts/supabase-swift/Sources/Auth/Defaults.swift (in target 'Auth' from project 'Supabase')
    cd /Users/runner/work/Album-Prag/Album-Prag/Album.xcodeproj
    

SwiftCompile normal arm64 /Users/runner/work/Album-Prag/Album-Prag/DerivedData/SourcePackages/checkouts/supabase-swift/Sources/Auth/Deprecated.swift (in target 'Auth' from project 'Supabase')
    cd /Users/runner/work/Album-Prag/Album-Prag/Album.xcodeproj
    

SwiftCompile normal arm64 /Users/runner/work/Album-Prag/Album-Prag/DerivedData/SourcePackages/checkouts/supabase-swift/Sources/Auth/Exports.swift (in target 'Auth' from project 'Supabase')
    cd /Users/runner/work/Album-Prag/Album-Prag/Album.xcodeproj
    

SwiftCompile normal arm64 /Users/runner/work/Album-Prag/Album-Prag/DerivedData/SourcePackages/checkouts/supabase-swift/Sources/Auth/Internal/APIClient.swift (in target 'Auth' from project 'Supabase')
    cd /Users/runner/work/Album-Prag/Album-Prag/Album.xcodeproj
    

SwiftCompile normal arm64 Compiling\ SessionStorage.swift,\ URLOpener.swift,\ AuthLocalStorage.swift,\ KeychainLocalStorage.swift,\ WinCredLocalStorage.swift,\ Types.swift,\ AuthAdmin+Passkey.swift,\ AuthClient+Passkey.swift,\ AuthMFA+WebAuthn.swift,\ WebAuthnAuthenticator.swift,\ WebAuthnTypes.swift /Users/runner/work/Album-Prag/Album-Prag/DerivedData/SourcePackages/checkouts/supabase-swift/Sources/Auth/Internal/SessionStorage.swift /Users/runner/work/Album-Prag/Album-Prag/DerivedData/SourcePackages/checkouts/supabase-swift/Sources/Auth/Internal/URLOpener.swift /Users/runner/work/Album-Prag/Album-Prag/DerivedData/SourcePackages/checkouts/supabase-swift/Sources/Auth/Storage/AuthLocalStorage.swift /Users/runner/work/Album-Prag/Album-Prag/DerivedData/SourcePackages/checkouts/supabase-swift/Sources/Auth/Storage/KeychainLocalStorage.swift /Users/runner/work/Album-Prag/Album-Prag/DerivedData/SourcePackages/checkouts/supabase-swift/Sources/Auth/Storage/WinCredLocalStorage.swift /Users/runner/work/Album-Prag/Album-Prag/DerivedData/SourcePackages/checkouts/supabase-swift/Sources/Auth/Types.swift /Users/runner/work/Album-Prag/Album-Prag/DerivedData/SourcePackages/checkouts/supabase-swift/Sources/Auth/WebAuthn/AuthAdmin+Passkey.swift /Users/runner/work/Album-Prag/Album-Prag/DerivedData/SourcePackages/checkouts/supabase-swift/Sources/Auth/WebAuthn/AuthClient+Passkey.swift /Users/runner/work/Album-Prag/Album-Prag/DerivedData/SourcePackages/checkouts/supabase-swift/Sources/Auth/WebAuthn/AuthMFA+WebAuthn.swift /Users/runner/work/Album-Prag/Album-Prag/DerivedData/SourcePackages/checkouts/supabase-swift/Sources/Auth/WebAuthn/WebAuthnAuthenticator.swift /Users/runner/work/Album-Prag/Album-Prag/DerivedData/SourcePackages/checkouts/supabase-swift/Sources/Auth/WebAuthn/WebAuthnTypes.swift (in target 'Auth' from project 'Supabase')
SwiftCompile normal arm64 /Users/runner/work/Album-Prag/Album-Prag/DerivedData/SourcePackages/checkouts/supabase-swift/Sources/Auth/Internal/SessionStorage.swift (in target 'Auth' from project 'Supabase')
    cd /Users/runner/work/Album-Prag/Album-Prag/Album.xcodeproj
    

SwiftCompile normal arm64 /Users/runner/work/Album-Prag/Album-Prag/DerivedData/SourcePackages/checkouts/supabase-swift/Sources/Auth/Internal/URLOpener.swift (in target 'Auth' from project 'Supabase')
    cd /Users/runner/work/Album-Prag/Album-Prag/Album.xcodeproj
    

SwiftCompile normal arm64 /Users/runner/work/Album-Prag/Album-Prag/DerivedData/SourcePackages/checkouts/supabase-swift/Sources/Auth/Storage/AuthLocalStorage.swift (in target 'Auth' from project 'Supabase')
    cd /Users/runner/work/Album-Prag/Album-Prag/Album.xcodeproj
    

SwiftCompile normal arm64 /Users/runner/work/Album-Prag/Album-Prag/DerivedData/SourcePackages/checkouts/supabase-swift/Sources/Auth/Storage/KeychainLocalStorage.swift (in target 'Auth' from project 'Supabase')
    cd /Users/runner/work/Album-Prag/Album-Prag/Album.xcodeproj
    

SwiftCompile normal arm64 /Users/runner/work/Album-Prag/Album-Prag/DerivedData/SourcePackages/checkouts/supabase-swift/Sources/Auth/Storage/WinCredLocalStorage.swift (in target 'Auth' from project 'Supabase')
    cd /Users/runner/work/Album-Prag/Album-Prag/Album.xcodeproj
    

SwiftCompile normal arm64 /Users/runner/work/Album-Prag/Album-Prag/DerivedData/SourcePackages/checkouts/supabase-swift/Sources/Auth/Types.swift (in target 'Auth' from project 'Supabase')
    cd /Users/runner/work/Album-Prag/Album-Prag/Album.xcodeproj
    

SwiftCompile normal arm64 /Users/runner/work/Album-Prag/Album-Prag/DerivedData/SourcePackages/checkouts/supabase-swift/Sources/Auth/WebAuthn/AuthAdmin+Passkey.swift (in target 'Auth' from project 'Supabase')
    cd /Users/runner/work/Album-Prag/Album-Prag/Album.xcodeproj
    

SwiftCompile normal arm64 /Users/runner/work/Album-Prag/Album-Prag/DerivedData/SourcePackages/checkouts/supabase-swift/Sources/Auth/WebAuthn/AuthClient+Passkey.swift (in target 'Auth' from project 'Supabase')
    cd /Users/runner/work/Album-Prag/Album-Prag/Album.xcodeproj
    

SwiftCompile normal arm64 /Users/runner/work/Album-Prag/Album-Prag/DerivedData/SourcePackages/checkouts/supabase-swift/Sources/Auth/WebAuthn/AuthMFA+WebAuthn.swift (in target 'Auth' from project 'Supabase')
    cd /Users/runner/work/Album-Prag/Album-Prag/Album.xcodeproj
    

SwiftCompile normal arm64 /Users/runner/work/Album-Prag/Album-Prag/DerivedData/SourcePackages/checkouts/supabase-swift/Sources/Auth/WebAuthn/WebAuthnAuthenticator.swift (in target 'Auth' from project 'Supabase')
    cd /Users/runner/work/Album-Prag/Album-Prag/Album.xcodeproj
    

SwiftCompile normal arm64 /Users/runner/work/Album-Prag/Album-Prag/DerivedData/SourcePackages/checkouts/supabase-swift/Sources/Auth/WebAuthn/WebAuthnTypes.swift (in target 'Auth' from project 'Supabase')
    cd /Users/runner/work/Album-Prag/Album-Prag/Album.xcodeproj
    

SwiftExplicitDependencyGeneratePcm arm64 /Users/runner/work/Album-Prag/Album-Prag/DerivedData/ModuleCache.noindex/Metal-3O5U5B6TJU5R8VZOM6YZK477K.pcm

SwiftDriverJobDiscovery normal arm64 Emitting module for Auth (in target 'Auth' from project 'Supabase')

SwiftDriver\ Compilation\ Requirements Auth normal arm64 com.apple.xcode.tools.swift.compiler (in target 'Auth' from project 'Supabase')
    cd /Users/runner/work/Album-Prag/Album-Prag/Album.xcodeproj
    builtin-Swift-Compilation-Requirements -- /Applications/Xcode_26.6.app/Contents/Developer/Toolchains/XcodeDefault.xctoolchain/usr/bin/swiftc -module-name Auth -Onone @/Users/runner/work/Album-Prag/Album-Prag/DerivedData/Build/Intermediates.noindex/Supabase.build/Debug-iphonesimulator/Auth.build/Objects-normal/arm64/Auth.SwiftFileList -DSWIFT_PACKAGE -DDEBUG -DSWIFT_MODULE_RESOURCE_BUNDLE_UNAVAILABLE -DXcode -enable-upcoming-feature ExistentialAny -enable-upcoming-feature ImmutableWeakCaptures -enable-upcoming-feature InferIsolatedConformances -enable-upcoming-feature InternalImportsByDefault -enable-upcoming-feature MemberImportVisibility -plugin-path /Applications/Xcode_26.6.app/Contents/Developer/Toolchains/XcodeDefault.xctoolchain/usr/lib/swift/host/plugins/testing -enable-experimental-feature DebugDescriptionMacro -sdk /Applications/Xcode_26.6.app/Contents/Developer/Platforms/iPhoneSimulator.platform/Developer/SDKs/iPhoneSimulator26.5.sdk -target arm64-apple-ios16.0-simulator -g -module-cache-path /Users/runner/work/Album-Prag/Album-Prag/DerivedData/ModuleCache.noindex -Xfrontend -serialize-debugging-options -enable-testing -suppress-warnings -index-store-path /Users/runner/work/Album-Prag/Album-Prag/DerivedData/Index.noindex/DataStore -Xcc -D_LIBCPP_HARDENING_MODE\=_LIBCPP_HARDENING_MODE_DEBUG -swift-version 6 -I /Users/runner/work/Album-Prag/Album-Prag/DerivedData/Build/Products/Debug-iphonesimulator -Isystem /Applications/Xcode_26.6.app/Contents/Developer/Platforms/iPhoneSimulator.platform/Developer/usr/lib -F /Users/runner/work/Album-Prag/Album-Prag/DerivedData/Build/Products/Debug-iphonesimulator/PackageFrameworks -F /Users/runner/work/Album-Prag/Album-Prag/DerivedData/Build/Products/Debug-iphonesimulator/PackageFrameworks -F /Users/runner/work/Album-Prag/Album-Prag/DerivedData/Build/Products/Debug-iphonesimulator/PackageFrameworks -F /Users/runner/work/Album-Prag/Album-Prag/DerivedData/Build/Products/Debug-iphonesimulator/PackageFrameworks -F /Users/runner/work/Album-Prag/Album-Prag/DerivedData/Build/Products/Debug-iphonesimulator/PackageFrameworks -F /Users/runner/work/Album-Prag/Album-Prag/DerivedData/Build/Products/Debug-iphonesimulator/PackageFrameworks -F /Users/runner/work/Album-Prag/Album-Prag/DerivedData/Build/Products/Debug-iphonesimulator/PackageFrameworks -F /Users/runner/work/Album-Prag/Album-Prag/DerivedData/Build/Products/Debug-iphonesimulator -F /Applications/Xcode_26.6.app/Contents/Developer/Platforms/iPhoneSimulator.platform/Developer/Library/Frameworks -F /Applications/Xcode_26.6.app/Contents/Developer/Platforms/iPhoneSimulator.platform/Developer/SDKs/iPhoneSimulator26.5.sdk/Developer/Library/Frameworks -c -j3 -enable-batch-mode -incremental -Xcc -ivfsstatcache -Xcc /Users/runner/work/Album-Prag/Album-Prag/DerivedData/SDKStatCaches.noindex/iphonesimulator26.5-23F81a-688ef53f1462e2c8f657fdc38a81448ff45c64a1807a658693f2a61704f17a36.sdkstatcache -output-file-map /Users/runner/work/Album-Prag/Album-Prag/DerivedData/Build/Intermediates.noindex/Supabase.build/Debug-iphonesimulator/Auth.build/Objects-normal/arm64/Auth-OutputFileMap.json -use-frontend-parseable-output -save-temps -no-color-diagnostics -explicit-module-build -module-cache-path /Users/runner/work/Album-Prag/Album-Prag/DerivedData/Build/Intermediates.noindex/SwiftExplicitPrecompiledModules -clang-scanner-module-cache-path /Users/runner/work/Album-Prag/Album-Prag/DerivedData/ModuleCache.noindex -sdk-module-cache-path /Users/runner/work/Album-Prag/Album-Prag/DerivedData/ModuleCache.noindex -serialize-diagnostics -emit-dependencies -emit-module -emit-module-path /Users/runner/work/Album-Prag/Album-Prag/DerivedData/Build/Intermediates.noindex/Supabase.build/Debug-iphonesimulator/Auth.build/Objects-normal/arm64/Auth.swiftmodule -user-module-version 2.55.2 -validate-clang-modules-once -clang-build-session-file /Users/runner/work/Album-Prag/Album-Prag/DerivedData/ModuleCache.noindex/Session.modulevalidation -package-name supabase_swift -Xcc -I/Users/runner/work/Album-Prag/Album-Prag/DerivedData/Build/Intermediates.noindex/Supabase.build/Debug-iphonesimulator/Auth.build/swift-overrides.hmap -emit-const-values -Xfrontend -const-gather-protocols-file -Xfrontend /Users/runner/work/Album-Prag/Album-Prag/DerivedData/Build/Intermediates.noindex/Supabase.build/Debug-iphonesimulator/Auth.build/Objects-normal/arm64/Auth_const_extract_protocols.json -Xcc -I/Users/runner/work/Album-Prag/Album-Prag/DerivedData/Build/Products/Debug-iphonesimulator/include -Xcc -I/Users/runner/work/Album-Prag/Album-Prag/DerivedData/Build/Intermediates.noindex/Supabase.build/Debug-iphonesimulator/Auth.build/DerivedSources-normal/arm64 -Xcc -I/Users/runner/work/Album-Prag/Album-Prag/DerivedData/Build/Intermediates.noindex/Supabase.build/Debug-iphonesimulator/Auth.build/DerivedSources/arm64 -Xcc -I/Users/runner/work/Album-Prag/Album-Prag/DerivedData/Build/Intermediates.noindex/Supabase.build/Debug-iphonesimulator/Auth.build/DerivedSources -Xcc -DSWIFT_PACKAGE -Xcc -DDEBUG\=1 -emit-objc-header -emit-objc-header-path /Users/runner/work/Album-Prag/Album-Prag/DerivedData/Build/Intermediates.noindex/Supabase.build/Debug-iphonesimulator/Auth.build/Objects-normal/arm64/Auth-Swift.h -working-directory /Users/runner/work/Album-Prag/Album-Prag/Album.xcodeproj -experimental-emit-module-separately -disable-cmo

SwiftExplicitDependencyGeneratePcm arm64 /Users/runner/work/Album-Prag/Album-Prag/DerivedData/ModuleCache.noindex/CoreVideo-5YAC9O123BDK1F27WMZE4LT80.pcm

SwiftMergeGeneratedHeaders /Users/runner/work/Album-Prag/Album-Prag/DerivedData/Build/Intermediates.noindex/GeneratedModuleMaps-iphonesimulator/Auth-Swift.h /Users/runner/work/Album-Prag/Album-Prag/DerivedData/Build/Intermediates.noindex/Supabase.build/Debug-iphonesimulator/Auth.build/Objects-normal/arm64/Auth-Swift.h (in target 'Auth' from project 'Supabase')
    cd /Users/runner/work/Album-Prag/Album-Prag/DerivedData/SourcePackages/checkouts/supabase-swift
    builtin-swiftHeaderTool -arch arm64 /Users/runner/work/Album-Prag/Album-Prag/DerivedData/Build/Intermediates.noindex/Supabase.build/Debug-iphonesimulator/Auth.build/Objects-normal/arm64/Auth-Swift.h -o /Users/runner/work/Album-Prag/Album-Prag/DerivedData/Build/Intermediates.noindex/GeneratedModuleMaps-iphonesimulator/Auth-Swift.h

Copy /Users/runner/work/Album-Prag/Album-Prag/DerivedData/Build/Products/Debug-iphonesimulator/Auth.swiftmodule/arm64-apple-ios-simulator.swiftmodule /Users/runner/work/Album-Prag/Album-Prag/DerivedData/Build/Intermediates.noindex/Supabase.build/Debug-iphonesimulator/Auth.build/Objects-normal/arm64/Auth.swiftmodule (in target 'Auth' from project 'Supabase')
    cd /Users/runner/work/Album-Prag/Album-Prag/DerivedData/SourcePackages/checkouts/supabase-swift
    builtin-copy -exclude .DS_Store -exclude CVS -exclude .svn -exclude .git -exclude .hg -resolve-src-symlinks -rename /Users/runner/work/Album-Prag/Album-Prag/DerivedData/Build/Intermediates.noindex/Supabase.build/Debug-iphonesimulator/Auth.build/Objects-normal/arm64/Auth.swiftmodule /Users/runner/work/Album-Prag/Album-Prag/DerivedData/Build/Products/Debug-iphonesimulator/Auth.swiftmodule/arm64-apple-ios-simulator.swiftmodule

Copy /Users/runner/work/Album-Prag/Album-Prag/DerivedData/Build/Products/Debug-iphonesimulator/Auth.swiftmodule/arm64-apple-ios-simulator.swiftdoc /Users/runner/work/Album-Prag/Album-Prag/DerivedData/Build/Intermediates.noindex/Supabase.build/Debug-iphonesimulator/Auth.build/Objects-normal/arm64/Auth.swiftdoc (in target 'Auth' from project 'Supabase')
    cd /Users/runner/work/Album-Prag/Album-Prag/DerivedData/SourcePackages/checkouts/supabase-swift
    builtin-copy -exclude .DS_Store -exclude CVS -exclude .svn -exclude .git -exclude .hg -resolve-src-symlinks -rename /Users/runner/work/Album-Prag/Album-Prag/DerivedData/Build/Intermediates.noindex/Supabase.build/Debug-iphonesimulator/Auth.build/Objects-normal/arm64/Auth.swiftdoc /Users/runner/work/Album-Prag/Album-Prag/DerivedData/Build/Products/Debug-iphonesimulator/Auth.swiftmodule/arm64-apple-ios-simulator.swiftdoc

Copy /Users/runner/work/Album-Prag/Album-Prag/DerivedData/Build/Products/Debug-iphonesimulator/Auth.swiftmodule/arm64-apple-ios-simulator.abi.json /Users/runner/work/Album-Prag/Album-Prag/DerivedData/Build/Intermediates.noindex/Supabase.build/Debug-iphonesimulator/Auth.build/Objects-normal/arm64/Auth.abi.json (in target 'Auth' from project 'Supabase')
    cd /Users/runner/work/Album-Prag/Album-Prag/DerivedData/SourcePackages/checkouts/supabase-swift
    builtin-copy -exclude .DS_Store -exclude CVS -exclude .svn -exclude .git -exclude .hg -resolve-src-symlinks -rename /Users/runner/work/Album-Prag/Album-Prag/DerivedData/Build/Intermediates.noindex/Supabase.build/Debug-iphonesimulator/Auth.build/Objects-normal/arm64/Auth.abi.json /Users/runner/work/Album-Prag/Album-Prag/DerivedData/Build/Products/Debug-iphonesimulator/Auth.swiftmodule/arm64-apple-ios-simulator.abi.json

Copy /Users/runner/work/Album-Prag/Album-Prag/DerivedData/Build/Products/Debug-iphonesimulator/Auth.swiftmodule/Project/arm64-apple-ios-simulator.swiftsourceinfo /Users/runner/work/Album-Prag/Album-Prag/DerivedData/Build/Intermediates.noindex/Supabase.build/Debug-iphonesimulator/Auth.build/Objects-normal/arm64/Auth.swiftsourceinfo (in target 'Auth' from project 'Supabase')
    cd /Users/runner/work/Album-Prag/Album-Prag/DerivedData/SourcePackages/checkouts/supabase-swift
    builtin-copy -exclude .DS_Store -exclude CVS -exclude .svn -exclude .git -exclude .hg -resolve-src-symlinks -rename /Users/runner/work/Album-Prag/Album-Prag/DerivedData/Build/Intermediates.noindex/Supabase.build/Debug-iphonesimulator/Auth.build/Objects-normal/arm64/Auth.swiftsourceinfo /Users/runner/work/Album-Prag/Album-Prag/DerivedData/Build/Products/Debug-iphonesimulator/Auth.swiftmodule/Project/arm64-apple-ios-simulator.swiftsourceinfo

SwiftExplicitDependencyGeneratePcm arm64 /Users/runner/work/Album-Prag/Album-Prag/DerivedData/ModuleCache.noindex/QuartzCore-549RBVLQYM2WGKLGH03V16V4R.pcm

SwiftExplicitDependencyGeneratePcm arm64 /Users/runner/work/Album-Prag/Album-Prag/DerivedData/ModuleCache.noindex/CoreImage-E0ZE2QCE0E1NOIJS0YDQ1CK0P.pcm

SwiftExplicitDependencyGeneratePcm arm64 /Users/runner/work/Album-Prag/Album-Prag/DerivedData/ModuleCache.noindex/SwiftUICore-C6IMLV6L0WI0NO51MCLHL42OT.pcm

SwiftExplicitDependencyGeneratePcm arm64 /Users/runner/work/Album-Prag/Album-Prag/DerivedData/ModuleCache.noindex/UIKit-94FS7ATCXOFA50DQXVI1C4R9K.pcm

SwiftCompile normal arm64 Compiling\ CodeVerifierStorage.swift,\ Constants.swift,\ Dependencies.swift,\ EventEmitter.swift,\ FixedWidthInteger+Random.swift,\ Helpers.swift,\ JWK+RSA.swift,\ JWTAlgorithm.swift,\ Keychain.swift,\ PKCE.swift,\ SessionManager.swift /Users/runner/work/Album-Prag/Album-Prag/DerivedData/SourcePackages/checkouts/supabase-swift/Sources/Auth/Internal/CodeVerifierStorage.swift /Users/runner/work/Album-Prag/Album-Prag/DerivedData/SourcePackages/checkouts/supabase-swift/Sources/Auth/Internal/Constants.swift /Users/runner/work/Album-Prag/Album-Prag/DerivedData/SourcePackages/checkouts/supabase-swift/Sources/Auth/Internal/Dependencies.swift /Users/runner/work/Album-Prag/Album-Prag/DerivedData/SourcePackages/checkouts/supabase-swift/Sources/Auth/Internal/EventEmitter.swift /Users/runner/work/Album-Prag/Album-Prag/DerivedData/SourcePackages/checkouts/supabase-swift/Sources/Auth/Internal/FixedWidthInteger+Random.swift /Users/runner/work/Album-Prag/Album-Prag/DerivedData/SourcePackages/checkouts/supabase-swift/Sources/Auth/Internal/Helpers.swift /Users/runner/work/Album-Prag/Album-Prag/DerivedData/SourcePackages/checkouts/supabase-swift/Sources/Auth/Internal/JWK+RSA.swift /Users/runner/work/Album-Prag/Album-Prag/DerivedData/SourcePackages/checkouts/supabase-swift/Sources/Auth/Internal/JWTAlgorithm.swift /Users/runner/work/Album-Prag/Album-Prag/DerivedData/SourcePackages/checkouts/supabase-swift/Sources/Auth/Internal/Keychain.swift /Users/runner/work/Album-Prag/Album-Prag/DerivedData/SourcePackages/checkouts/supabase-swift/Sources/Auth/Internal/PKCE.swift /Users/runner/work/Album-Prag/Album-Prag/DerivedData/SourcePackages/checkouts/supabase-swift/Sources/Auth/Internal/SessionManager.swift (in target 'Auth' from project 'Supabase')

SwiftCompile normal arm64 /Users/runner/work/Album-Prag/Album-Prag/DerivedData/SourcePackages/checkouts/supabase-swift/Sources/Auth/Internal/CodeVerifierStorage.swift (in target 'Auth' from project 'Supabase')
    cd /Users/runner/work/Album-Prag/Album-Prag/Album.xcodeproj
    

SwiftCompile normal arm64 /Users/runner/work/Album-Prag/Album-Prag/DerivedData/SourcePackages/checkouts/supabase-swift/Sources/Auth/Internal/Constants.swift (in target 'Auth' from project 'Supabase')
    cd /Users/runner/work/Album-Prag/Album-Prag/Album.xcodeproj
    

SwiftCompile normal arm64 /Users/runner/work/Album-Prag/Album-Prag/DerivedData/SourcePackages/checkouts/supabase-swift/Sources/Auth/Internal/Dependencies.swift (in target 'Auth' from project 'Supabase')
    cd /Users/runner/work/Album-Prag/Album-Prag/Album.xcodeproj
    

SwiftCompile normal arm64 /Users/runner/work/Album-Prag/Album-Prag/DerivedData/SourcePackages/checkouts/supabase-swift/Sources/Auth/Internal/EventEmitter.swift (in target 'Auth' from project 'Supabase')
    cd /Users/runner/work/Album-Prag/Album-Prag/Album.xcodeproj
    

SwiftCompile normal arm64 /Users/runner/work/Album-Prag/Album-Prag/DerivedData/SourcePackages/checkouts/supabase-swift/Sources/Auth/Internal/FixedWidthInteger+Random.swift (in target 'Auth' from project 'Supabase')
    cd /Users/runner/work/Album-Prag/Album-Prag/Album.xcodeproj
    

SwiftCompile normal arm64 /Users/runner/work/Album-Prag/Album-Prag/DerivedData/SourcePackages/checkouts/supabase-swift/Sources/Auth/Internal/Helpers.swift (in target 'Auth' from project 'Supabase')
    cd /Users/runner/work/Album-Prag/Album-Prag/Album.xcodeproj
    

SwiftCompile normal arm64 /Users/runner/work/Album-Prag/Album-Prag/DerivedData/SourcePackages/checkouts/supabase-swift/Sources/Auth/Internal/JWK+RSA.swift (in target 'Auth' from project 'Supabase')
    cd /Users/runner/work/Album-Prag/Album-Prag/Album.xcodeproj
    

SwiftCompile normal arm64 /Users/runner/work/Album-Prag/Album-Prag/DerivedData/SourcePackages/checkouts/supabase-swift/Sources/Auth/Internal/JWTAlgorithm.swift (in target 'Auth' from project 'Supabase')
    cd /Users/runner/work/Album-Prag/Album-Prag/Album.xcodeproj
    

SwiftCompile normal arm64 /Users/runner/work/Album-Prag/Album-Prag/DerivedData/SourcePackages/checkouts/supabase-swift/Sources/Auth/Internal/Keychain.swift (in target 'Auth' from project 'Supabase')
    cd /Users/runner/work/Album-Prag/Album-Prag/Album.xcodeproj
    

SwiftCompile normal arm64 /Users/runner/work/Album-Prag/Album-Prag/DerivedData/SourcePackages/checkouts/supabase-swift/Sources/Auth/Internal/PKCE.swift (in target 'Auth' from project 'Supabase')
    cd /Users/runner/work/Album-Prag/Album-Prag/Album.xcodeproj
    

SwiftCompile normal arm64 /Users/runner/work/Album-Prag/Album-Prag/DerivedData/SourcePackages/checkouts/supabase-swift/Sources/Auth/Internal/SessionManager.swift (in target 'Auth' from project 'Supabase')
    cd /Users/runner/work/Album-Prag/Album-Prag/Album.xcodeproj
    

SwiftEmitModule normal arm64 Emitting\ module\ for\ Realtime (in target 'Realtime' from project 'Supabase')

EmitSwiftModule normal arm64 (in target 'Realtime' from project 'Supabase')
    cd /Users/runner/work/Album-Prag/Album-Prag/Album.xcodeproj
    

SwiftDriverJobDiscovery normal arm64 Compiling AuthAdmin.swift, AuthAdminOAuth.swift, AuthClient.swift, AuthClientConfiguration.swift, AuthError.swift, AuthMFA.swift, AuthOAuthServer.swift, AuthStateChangeListener.swift, Defaults.swift, Deprecated.swift, Exports.swift, APIClient.swift (in target 'Auth' from project 'Supabase')

SwiftCompile normal arm64 Compiling\ PhoenixTransport.swift,\ Presence.swift,\ Push.swift,\ RealtimeChannel.swift /Users/runner/work/Album-Prag/Album-Prag/DerivedData/SourcePackages/checkouts/supabase-swift/Sources/Realtime/Deprecated/PhoenixTransport.swift /Users/runner/work/Album-Prag/Album-Prag/DerivedData/SourcePackages/checkouts/supabase-swift/Sources/Realtime/Deprecated/Presence.swift /Users/runner/work/Album-Prag/Album-Prag/DerivedData/SourcePackages/checkouts/supabase-swift/Sources/Realtime/Deprecated/Push.swift /Users/runner/work/Album-Prag/Album-Prag/DerivedData/SourcePackages/checkouts/supabase-swift/Sources/Realtime/Deprecated/RealtimeChannel.swift (in target 'Realtime' from project 'Supabase')

SwiftCompile normal arm64 /Users/runner/work/Album-Prag/Album-Prag/DerivedData/SourcePackages/checkouts/supabase-swift/Sources/Realtime/Deprecated/PhoenixTransport.swift (in target 'Realtime' from project 'Supabase')
    cd /Users/runner/work/Album-Prag/Album-Prag/Album.xcodeproj
    

SwiftCompile normal arm64 /Users/runner/work/Album-Prag/Album-Prag/DerivedData/SourcePackages/checkouts/supabase-swift/Sources/Realtime/Deprecated/Presence.swift (in target 'Realtime' from project 'Supabase')
    cd /Users/runner/work/Album-Prag/Album-Prag/Album.xcodeproj
    

SwiftCompile normal arm64 /Users/runner/work/Album-Prag/Album-Prag/DerivedData/SourcePackages/checkouts/supabase-swift/Sources/Realtime/Deprecated/Push.swift (in target 'Realtime' from project 'Supabase')
    cd /Users/runner/work/Album-Prag/Album-Prag/Album.xcodeproj
    

SwiftCompile normal arm64 /Users/runner/work/Album-Prag/Album-Prag/DerivedData/SourcePackages/checkouts/supabase-swift/Sources/Realtime/Deprecated/RealtimeChannel.swift (in target 'Realtime' from project 'Supabase')
    cd /Users/runner/work/Album-Prag/Album-Prag/Album.xcodeproj
    

SwiftDriverJobDiscovery normal arm64 Emitting module for Realtime (in target 'Realtime' from project 'Supabase')

SwiftDriver\ Compilation\ Requirements Realtime normal arm64 com.apple.xcode.tools.swift.compiler (in target 'Realtime' from project 'Supabase')
    cd /Users/runner/work/Album-Prag/Album-Prag/Album.xcodeproj
    builtin-Swift-Compilation-Requirements -- /Applications/Xcode_26.6.app/Contents/Developer/Toolchains/XcodeDefault.xctoolchain/usr/bin/swiftc -module-name Realtime -Onone @/Users/runner/work/Album-Prag/Album-Prag/DerivedData/Build/Intermediates.noindex/Supabase.build/Debug-iphonesimulator/Realtime.build/Objects-normal/arm64/Realtime.SwiftFileList -DSWIFT_PACKAGE -DDEBUG -DSWIFT_MODULE_RESOURCE_BUNDLE_UNAVAILABLE -DXcode -enable-upcoming-feature ExistentialAny -enable-upcoming-feature ImmutableWeakCaptures -enable-upcoming-feature InferIsolatedConformances -enable-upcoming-feature InternalImportsByDefault -enable-upcoming-feature MemberImportVisibility -plugin-path /Applications/Xcode_26.6.app/Contents/Developer/Toolchains/XcodeDefault.xctoolchain/usr/lib/swift/host/plugins/testing -enable-experimental-feature DebugDescriptionMacro -sdk /Applications/Xcode_26.6.app/Contents/Developer/Platforms/iPhoneSimulator.platform/Developer/SDKs/iPhoneSimulator26.5.sdk -target arm64-apple-ios16.0-simulator -g -module-cache-path /Users/runner/work/Album-Prag/Album-Prag/DerivedData/ModuleCache.noindex -Xfrontend -serialize-debugging-options -enable-testing -suppress-warnings -index-store-path /Users/runner/work/Album-Prag/Album-Prag/DerivedData/Index.noindex/DataStore -Xcc -D_LIBCPP_HARDENING_MODE\=_LIBCPP_HARDENING_MODE_DEBUG -swift-version 5 -I /Users/runner/work/Album-Prag/Album-Prag/DerivedData/Build/Products/Debug-iphonesimulator -Isystem /Applications/Xcode_26.6.app/Contents/Developer/Platforms/iPhoneSimulator.platform/Developer/usr/lib -F /Users/runner/work/Album-Prag/Album-Prag/DerivedData/Build/Products/Debug-iphonesimulator/PackageFrameworks -F /Users/runner/work/Album-Prag/Album-Prag/DerivedData/Build/Products/Debug-iphonesimulator/PackageFrameworks -F /Users/runner/work/Album-Prag/Album-Prag/DerivedData/Build/Products/Debug-iphonesimulator/PackageFrameworks -F /Users/runner/work/Album-Prag/Album-Prag/DerivedData/Build/Products/Debug-iphonesimulator/PackageFrameworks -F /Users/runner/work/Album-Prag/Album-Prag/DerivedData/Build/Products/Debug-iphonesimulator/PackageFrameworks -F /Users/runner/work/Album-Prag/Album-Prag/DerivedData/Build/Products/Debug-iphonesimulator/PackageFrameworks -F /Users/runner/work/Album-Prag/Album-Prag/DerivedData/Build/Products/Debug-iphonesimulator/PackageFrameworks -F /Users/runner/work/Album-Prag/Album-Prag/DerivedData/Build/Products/Debug-iphonesimulator -F /Applications/Xcode_26.6.app/Contents/Developer/Platforms/iPhoneSimulator.platform/Developer/Library/Frameworks -F /Applications/Xcode_26.6.app/Contents/Developer/Platforms/iPhoneSimulator.platform/Developer/SDKs/iPhoneSimulator26.5.sdk/Developer/Library/Frameworks -c -j3 -enable-batch-mode -incremental -Xcc -ivfsstatcache -Xcc /Users/runner/work/Album-Prag/Album-Prag/DerivedData/SDKStatCaches.noindex/iphonesimulator26.5-23F81a-688ef53f1462e2c8f657fdc38a81448ff45c64a1807a658693f2a61704f17a36.sdkstatcache -output-file-map /Users/runner/work/Album-Prag/Album-Prag/DerivedData/Build/Intermediates.noindex/Supabase.build/Debug-iphonesimulator/Realtime.build/Objects-normal/arm64/Realtime-OutputFileMap.json -use-frontend-parseable-output -save-temps -no-color-diagnostics -explicit-module-build -module-cache-path /Users/runner/work/Album-Prag/Album-Prag/DerivedData/Build/Intermediates.noindex/SwiftExplicitPrecompiledModules -clang-scanner-module-cache-path /Users/runner/work/Album-Prag/Album-Prag/DerivedData/ModuleCache.noindex -sdk-module-cache-path /Users/runner/work/Album-Prag/Album-Prag/DerivedData/ModuleCache.noindex -serialize-diagnostics -emit-dependencies -emit-module -emit-module-path /Users/runner/work/Album-Prag/Album-Prag/DerivedData/Build/Intermediates.noindex/Supabase.build/Debug-iphonesimulator/Realtime.build/Objects-normal/arm64/Realtime.swiftmodule -user-module-version 2.55.2 -validate-clang-modules-once -clang-build-session-file /Users/runner/work/Album-Prag/Album-Prag/DerivedData/ModuleCache.noindex/Session.modulevalidation -package-name supabase_swift -Xcc -I/Users/runner/work/Album-Prag/Album-Prag/DerivedData/Build/Intermediates.noindex/Supabase.build/Debug-iphonesimulator/Realtime.build/swift-overrides.hmap -emit-const-values -Xfrontend -const-gather-protocols-file -Xfrontend /Users/runner/work/Album-Prag/Album-Prag/DerivedData/Build/Intermediates.noindex/Supabase.build/Debug-iphonesimulator/Realtime.build/Objects-normal/arm64/Realtime_const_extract_protocols.json -Xcc -I/Users/runner/work/Album-Prag/Album-Prag/DerivedData/Build/Products/Debug-iphonesimulator/include -Xcc -I/Users/runner/work/Album-Prag/Album-Prag/DerivedData/Build/Intermediates.noindex/Supabase.build/Debug-iphonesimulator/Realtime.build/DerivedSources-normal/arm64 -Xcc -I/Users/runner/work/Album-Prag/Album-Prag/DerivedData/Build/Intermediates.noindex/Supabase.build/Debug-iphonesimulator/Realtime.build/DerivedSources/arm64 -Xcc -I/Users/runner/work/Album-Prag/Album-Prag/DerivedData/Build/Intermediates.noindex/Supabase.build/Debug-iphonesimulator/Realtime.build/DerivedSources -Xcc -DSWIFT_PACKAGE -Xcc -DDEBUG\=1 -emit-objc-header -emit-objc-header-path /Users/runner/work/Album-Prag/Album-Prag/DerivedData/Build/Intermediates.noindex/Supabase.build/Debug-iphonesimulator/Realtime.build/Objects-normal/arm64/Realtime-Swift.h -working-directory /Users/runner/work/Album-Prag/Album-Prag/Album.xcodeproj -experimental-emit-module-separately -disable-cmo

SwiftDriverJobDiscovery normal arm64 Compiling CodeVerifierStorage.swift, Constants.swift, Dependencies.swift, EventEmitter.swift, FixedWidthInteger+Random.swift, Helpers.swift, JWK+RSA.swift, JWTAlgorithm.swift, Keychain.swift, PKCE.swift, SessionManager.swift (in target 'Auth' from project 'Supabase')

SwiftCompile normal arm64 Compiling\ Defaults.swift,\ Delegated.swift,\ Deprecated.swift,\ HeartbeatTimer.swift /Users/runner/work/Album-Prag/Album-Prag/DerivedData/SourcePackages/checkouts/supabase-swift/Sources/Realtime/Deprecated/Defaults.swift /Users/runner/work/Album-Prag/Album-Prag/DerivedData/SourcePackages/checkouts/supabase-swift/Sources/Realtime/Deprecated/Delegated.swift /Users/runner/work/Album-Prag/Album-Prag/DerivedData/SourcePackages/checkouts/supabase-swift/Sources/Realtime/Deprecated/Deprecated.swift /Users/runner/work/Album-Prag/Album-Prag/DerivedData/SourcePackages/checkouts/supabase-swift/Sources/Realtime/Deprecated/HeartbeatTimer.swift (in target 'Realtime' from project 'Supabase')

SwiftCompile normal arm64 /Users/runner/work/Album-Prag/Album-Prag/DerivedData/SourcePackages/checkouts/supabase-swift/Sources/Realtime/Deprecated/Defaults.swift (in target 'Realtime' from project 'Supabase')
    cd /Users/runner/work/Album-Prag/Album-Prag/Album.xcodeproj
    

SwiftCompile normal arm64 /Users/runner/work/Album-Prag/Album-Prag/DerivedData/SourcePackages/checkouts/supabase-swift/Sources/Realtime/Deprecated/Delegated.swift (in target 'Realtime' from project 'Supabase')
    cd /Users/runner/work/Album-Prag/Album-Prag/Album.xcodeproj
    

SwiftCompile normal arm64 /Users/runner/work/Album-Prag/Album-Prag/DerivedData/SourcePackages/checkouts/supabase-swift/Sources/Realtime/Deprecated/Deprecated.swift (in target 'Realtime' from project 'Supabase')
    cd /Users/runner/work/Album-Prag/Album-Prag/Album.xcodeproj
    

SwiftCompile normal arm64 /Users/runner/work/Album-Prag/Album-Prag/DerivedData/SourcePackages/checkouts/supabase-swift/Sources/Realtime/Deprecated/HeartbeatTimer.swift (in target 'Realtime' from project 'Supabase')
    cd /Users/runner/work/Album-Prag/Album-Prag/Album.xcodeproj
    

SwiftMergeGeneratedHeaders /Users/runner/work/Album-Prag/Album-Prag/DerivedData/Build/Intermediates.noindex/GeneratedModuleMaps-iphonesimulator/Realtime-Swift.h /Users/runner/work/Album-Prag/Album-Prag/DerivedData/Build/Intermediates.noindex/Supabase.build/Debug-iphonesimulator/Realtime.build/Objects-normal/arm64/Realtime-Swift.h (in target 'Realtime' from project 'Supabase')
    cd /Users/runner/work/Album-Prag/Album-Prag/DerivedData/SourcePackages/checkouts/supabase-swift
    builtin-swiftHeaderTool -arch arm64 /Users/runner/work/Album-Prag/Album-Prag/DerivedData/Build/Intermediates.noindex/Supabase.build/Debug-iphonesimulator/Realtime.build/Objects-normal/arm64/Realtime-Swift.h -o /Users/runner/work/Album-Prag/Album-Prag/DerivedData/Build/Intermediates.noindex/GeneratedModuleMaps-iphonesimulator/Realtime-Swift.h

SwiftDriverJobDiscovery normal arm64 Compiling Defaults.swift, Delegated.swift, Deprecated.swift, HeartbeatTimer.swift (in target 'Realtime' from project 'Supabase')

Copy /Users/runner/work/Album-Prag/Album-Prag/DerivedData/Build/Products/Debug-iphonesimulator/Realtime.swiftmodule/arm64-apple-ios-simulator.swiftmodule /Users/runner/work/Album-Prag/Album-Prag/DerivedData/Build/Intermediates.noindex/Supabase.build/Debug-iphonesimulator/Realtime.build/Objects-normal/arm64/Realtime.swiftmodule (in target 'Realtime' from project 'Supabase')
    cd /Users/runner/work/Album-Prag/Album-Prag/DerivedData/SourcePackages/checkouts/supabase-swift
    builtin-copy -exclude .DS_Store -exclude CVS -exclude .svn -exclude .git -exclude .hg -resolve-src-symlinks -rename /Users/runner/work/Album-Prag/Album-Prag/DerivedData/Build/Intermediates.noindex/Supabase.build/Debug-iphonesimulator/Realtime.build/Objects-normal/arm64/Realtime.swiftmodule /Users/runner/work/Album-Prag/Album-Prag/DerivedData/Build/Products/Debug-iphonesimulator/Realtime.swiftmodule/arm64-apple-ios-simulator.swiftmodule

Copy /Users/runner/work/Album-Prag/Album-Prag/DerivedData/Build/Products/Debug-iphonesimulator/Realtime.swiftmodule/arm64-apple-ios-simulator.swiftdoc /Users/runner/work/Album-Prag/Album-Prag/DerivedData/Build/Intermediates.noindex/Supabase.build/Debug-iphonesimulator/Realtime.build/Objects-normal/arm64/Realtime.swiftdoc (in target 'Realtime' from project 'Supabase')
    cd /Users/runner/work/Album-Prag/Album-Prag/DerivedData/SourcePackages/checkouts/supabase-swift
    builtin-copy -exclude .DS_Store -exclude CVS -exclude .svn -exclude .git -exclude .hg -resolve-src-symlinks -rename /Users/runner/work/Album-Prag/Album-Prag/DerivedData/Build/Intermediates.noindex/Supabase.build/Debug-iphonesimulator/Realtime.build/Objects-normal/arm64/Realtime.swiftdoc /Users/runner/work/Album-Prag/Album-Prag/DerivedData/Build/Products/Debug-iphonesimulator/Realtime.swiftmodule/arm64-apple-ios-simulator.swiftdoc

Copy /Users/runner/work/Album-Prag/Album-Prag/DerivedData/Build/Products/Debug-iphonesimulator/Realtime.swiftmodule/arm64-apple-ios-simulator.abi.json /Users/runner/work/Album-Prag/Album-Prag/DerivedData/Build/Intermediates.noindex/Supabase.build/Debug-iphonesimulator/Realtime.build/Objects-normal/arm64/Realtime.abi.json (in target 'Realtime' from project 'Supabase')
    cd /Users/runner/work/Album-Prag/Album-Prag/DerivedData/SourcePackages/checkouts/supabase-swift
    builtin-copy -exclude .DS_Store -exclude CVS -exclude .svn -exclude .git -exclude .hg -resolve-src-symlinks -rename /Users/runner/work/Album-Prag/Album-Prag/DerivedData/Build/Intermediates.noindex/Supabase.build/Debug-iphonesimulator/Realtime.build/Objects-normal/arm64/Realtime.abi.json /Users/runner/work/Album-Prag/Album-Prag/DerivedData/Build/Products/Debug-iphonesimulator/Realtime.swiftmodule/arm64-apple-ios-simulator.abi.json

Copy /Users/runner/work/Album-Prag/Album-Prag/DerivedData/Build/Products/Debug-iphonesimulator/Realtime.swiftmodule/Project/arm64-apple-ios-simulator.swiftsourceinfo /Users/runner/work/Album-Prag/Album-Prag/DerivedData/Build/Intermediates.noindex/Supabase.build/Debug-iphonesimulator/Realtime.build/Objects-normal/arm64/Realtime.swiftsourceinfo (in target 'Realtime' from project 'Supabase')
    cd /Users/runner/work/Album-Prag/Album-Prag/DerivedData/SourcePackages/checkouts/supabase-swift
    builtin-copy -exclude .DS_Store -exclude CVS -exclude .svn -exclude .git -exclude .hg -resolve-src-symlinks -rename /Users/runner/work/Album-Prag/Album-Prag/DerivedData/Build/Intermediates.noindex/Supabase.build/Debug-iphonesimulator/Realtime.build/Objects-normal/arm64/Realtime.swiftsourceinfo /Users/runner/work/Album-Prag/Album-Prag/DerivedData/Build/Products/Debug-iphonesimulator/Realtime.swiftmodule/Project/arm64-apple-ios-simulator.swiftsourceinfo

SwiftCompile normal arm64 Compiling\ RealtimeClient.swift,\ RealtimeMessage.swift,\ TimeoutTimer.swift,\ Exports.swift /Users/runner/work/Album-Prag/Album-Prag/DerivedData/SourcePackages/checkouts/supabase-swift/Sources/Realtime/Deprecated/RealtimeClient.swift /Users/runner/work/Album-Prag/Album-Prag/DerivedData/SourcePackages/checkouts/supabase-swift/Sources/Realtime/Deprecated/RealtimeMessage.swift /Users/runner/work/Album-Prag/Album-Prag/DerivedData/SourcePackages/checkouts/supabase-swift/Sources/Realtime/Deprecated/TimeoutTimer.swift /Users/runner/work/Album-Prag/Album-Prag/DerivedData/SourcePackages/checkouts/supabase-swift/Sources/Realtime/Exports.swift (in target 'Realtime' from project 'Supabase')
SwiftCompile normal arm64 /Users/runner/work/Album-Prag/Album-Prag/DerivedData/SourcePackages/checkouts/supabase-swift/Sources/Realtime/Deprecated/RealtimeClient.swift (in target 'Realtime' from project 'Supabase')
    cd /Users/runner/work/Album-Prag/Album-Prag/Album.xcodeproj
    

SwiftCompile normal arm64 /Users/runner/work/Album-Prag/Album-Prag/DerivedData/SourcePackages/checkouts/supabase-swift/Sources/Realtime/Deprecated/RealtimeMessage.swift (in target 'Realtime' from project 'Supabase')
    cd /Users/runner/work/Album-Prag/Album-Prag/Album.xcodeproj
    

SwiftCompile normal arm64 /Users/runner/work/Album-Prag/Album-Prag/DerivedData/SourcePackages/checkouts/supabase-swift/Sources/Realtime/Deprecated/TimeoutTimer.swift (in target 'Realtime' from project 'Supabase')
    cd /Users/runner/work/Album-Prag/Album-Prag/Album.xcodeproj
    

SwiftCompile normal arm64 /Users/runner/work/Album-Prag/Album-Prag/DerivedData/SourcePackages/checkouts/supabase-swift/Sources/Realtime/Exports.swift (in target 'Realtime' from project 'Supabase')
    cd /Users/runner/work/Album-Prag/Album-Prag/Album.xcodeproj
    

SwiftDriverJobDiscovery normal arm64 Compiling PhoenixTransport.swift, Presence.swift, Push.swift, RealtimeChannel.swift (in target 'Realtime' from project 'Supabase')

SwiftDriver Supabase normal arm64 com.apple.xcode.tools.swift.compiler (in target 'Supabase' from project 'Supabase')
    cd /Users/runner/work/Album-Prag/Album-Prag/Album.xcodeproj
    builtin-SwiftDriver -- /Applications/Xcode_26.6.app/Contents/Developer/Toolchains/XcodeDefault.xctoolchain/usr/bin/swiftc -module-name Supabase -Onone @/Users/runner/work/Album-Prag/Album-Prag/DerivedData/Build/Intermediates.noindex/Supabase.build/Debug-iphonesimulator/Supabase.build/Objects-normal/arm64/Supabase.SwiftFileList -DSWIFT_PACKAGE -DDEBUG -DSWIFT_MODULE_RESOURCE_BUNDLE_UNAVAILABLE -DXcode -enable-upcoming-feature ExistentialAny -enable-upcoming-feature ImmutableWeakCaptures -enable-upcoming-feature InferIsolatedConformances -enable-upcoming-feature InternalImportsByDefault -enable-upcoming-feature MemberImportVisibility -plugin-path /Applications/Xcode_26.6.app/Contents/Developer/Toolchains/XcodeDefault.xctoolchain/usr/lib/swift/host/plugins/testing -enable-experimental-feature DebugDescriptionMacro -sdk /Applications/Xcode_26.6.app/Contents/Developer/Platforms/iPhoneSimulator.platform/Developer/SDKs/iPhoneSimulator26.5.sdk -target arm64-apple-ios16.0-simulator -g -module-cache-path /Users/runner/work/Album-Prag/Album-Prag/DerivedData/ModuleCache.noindex -Xfrontend -serialize-debugging-options -enable-testing -suppress-warnings -index-store-path /Users/runner/work/Album-Prag/Album-Prag/DerivedData/Index.noindex/DataStore -Xcc -D_LIBCPP_HARDENING_MODE\=_LIBCPP_HARDENING_MODE_DEBUG -swift-version 6 -I /Users/runner/work/Album-Prag/Album-Prag/DerivedData/Build/Products/Debug-iphonesimulator -Isystem /Applications/Xcode_26.6.app/Contents/Developer/Platforms/iPhoneSimulator.platform/Developer/usr/lib -F /Users/runner/work/Album-Prag/Album-Prag/DerivedData/Build/Products/Debug-iphonesimulator/PackageFrameworks -F /Users/runner/work/Album-Prag/Album-Prag/DerivedData/Build/Products/Debug-iphonesimulator/PackageFrameworks -F /Users/runner/work/Album-Prag/Album-Prag/DerivedData/Build/Products/Debug-iphonesimulator/PackageFrameworks -F /Users/runner/work/Album-Prag/Album-Prag/DerivedData/Build/Products/Debug-iphonesimulator/PackageFrameworks -F /Users/runner/work/Album-Prag/Album-Prag/DerivedData/Build/Products/Debug-iphonesimulator/PackageFrameworks -F /Users/runner/work/Album-Prag/Album-Prag/DerivedData/Build/Products/Debug-iphonesimulator/PackageFrameworks -F /Users/runner/work/Album-Prag/Album-Prag/DerivedData/Build/Products/Debug-iphonesimulator/PackageFrameworks -F /Users/runner/work/Album-Prag/Album-Prag/DerivedData/Build/Products/Debug-iphonesimulator/PackageFrameworks -F /Users/runner/work/Album-Prag/Album-Prag/DerivedData/Build/Products/Debug-iphonesimulator/PackageFrameworks -F /Users/runner/work/Album-Prag/Album-Prag/DerivedData/Build/Products/Debug-iphonesimulator/PackageFrameworks -F /Users/runner/work/Album-Prag/Album-Prag/DerivedData/Build/Products/Debug-iphonesimulator/PackageFrameworks -F /Users/runner/work/Album-Prag/Album-Prag/DerivedData/Build/Products/Debug-iphonesimulator/PackageFrameworks -F /Users/runner/work/Album-Prag/Album-Prag/DerivedData/Build/Products/Debug-iphonesimulator/PackageFrameworks -F /Users/runner/work/Album-Prag/Album-Prag/DerivedData/Build/Products/Debug-iphonesimulator -F /Applications/Xcode_26.6.app/Contents/Developer/Platforms/iPhoneSimulator.platform/Developer/Library/Frameworks -F /Applications/Xcode_26.6.app/Contents/Developer/Platforms/iPhoneSimulator.platform/Developer/SDKs/iPhoneSimulator26.5.sdk/Developer/Library/Frameworks -c -j3 -enable-batch-mode -incremental -Xcc -ivfsstatcache -Xcc /Users/runner/work/Album-Prag/Album-Prag/DerivedData/SDKStatCaches.noindex/iphonesimulator26.5-23F81a-688ef53f1462e2c8f657fdc38a81448ff45c64a1807a658693f2a61704f17a36.sdkstatcache -output-file-map /Users/runner/work/Album-Prag/Album-Prag/DerivedData/Build/Intermediates.noindex/Supabase.build/Debug-iphonesimulator/Supabase.build/Objects-normal/arm64/Supabase-OutputFileMap.json -use-frontend-parseable-output -save-temps -no-color-diagnostics -explicit-module-build -module-cache-path /Users/runner/work/Album-Prag/Album-Prag/DerivedData/Build/Intermediates.noindex/SwiftExplicitPrecompiledModules -clang-scanner-module-cache-path /Users/runner/work/Album-Prag/Album-Prag/DerivedData/ModuleCache.noindex -sdk-module-cache-path /Users/runner/work/Album-Prag/Album-Prag/DerivedData/ModuleCache.noindex -serialize-diagnostics -emit-dependencies -emit-module -emit-module-path /Users/runner/work/Album-Prag/Album-Prag/DerivedData/Build/Intermediates.noindex/Supabase.build/Debug-iphonesimulator/Supabase.build/Objects-normal/arm64/Supabase.swiftmodule -user-module-version 2.55.2 -validate-clang-modules-once -clang-build-session-file /Users/runner/work/Album-Prag/Album-Prag/DerivedData/ModuleCache.noindex/Session.modulevalidation -package-name supabase_swift -Xcc -I/Users/runner/work/Album-Prag/Album-Prag/DerivedData/Build/Intermediates.noindex/Supabase.build/Debug-iphonesimulator/Supabase.build/swift-overrides.hmap -emit-const-values -Xfrontend -const-gather-protocols-file -Xfrontend /Users/runner/work/Album-Prag/Album-Prag/DerivedData/Build/Intermediates.noindex/Supabase.build/Debug-iphonesimulator/Supabase.build/Objects-normal/arm64/Supabase_const_extract_protocols.json -Xcc -I/Users/runner/work/Album-Prag/Album-Prag/DerivedData/Build/Products/Debug-iphonesimulator/include -Xcc -I/Users/runner/work/Album-Prag/Album-Prag/DerivedData/Build/Intermediates.noindex/Supabase.build/Debug-iphonesimulator/Supabase.build/DerivedSources-normal/arm64 -Xcc -I/Users/runner/work/Album-Prag/Album-Prag/DerivedData/Build/Intermediates.noindex/Supabase.build/Debug-iphonesimulator/Supabase.build/DerivedSources/arm64 -Xcc -I/Users/runner/work/Album-Prag/Album-Prag/DerivedData/Build/Intermediates.noindex/Supabase.build/Debug-iphonesimulator/Supabase.build/DerivedSources -Xcc -DSWIFT_PACKAGE -Xcc -DDEBUG\=1 -emit-objc-header -emit-objc-header-path /Users/runner/work/Album-Prag/Album-Prag/DerivedData/Build/Intermediates.noindex/Supabase.build/Debug-iphonesimulator/Supabase.build/Objects-normal/arm64/Supabase-Swift.h -working-directory /Users/runner/work/Album-Prag/Album-Prag/Album.xcodeproj -experimental-emit-module-separately -disable-cmo

SwiftDriverJobDiscovery normal arm64 Compiling SessionStorage.swift, URLOpener.swift, AuthLocalStorage.swift, KeychainLocalStorage.swift, WinCredLocalStorage.swift, Types.swift, AuthAdmin+Passkey.swift, AuthClient+Passkey.swift, AuthMFA+WebAuthn.swift, WebAuthnAuthenticator.swift, WebAuthnTypes.swift (in target 'Auth' from project 'Supabase')

SwiftDriver\ Compilation Auth normal arm64 com.apple.xcode.tools.swift.compiler (in target 'Auth' from project 'Supabase')
    cd /Users/runner/work/Album-Prag/Album-Prag/Album.xcodeproj
    builtin-Swift-Compilation -- /Applications/Xcode_26.6.app/Contents/Developer/Toolchains/XcodeDefault.xctoolchain/usr/bin/swiftc -module-name Auth -Onone @/Users/runner/work/Album-Prag/Album-Prag/DerivedData/Build/Intermediates.noindex/Supabase.build/Debug-iphonesimulator/Auth.build/Objects-normal/arm64/Auth.SwiftFileList -DSWIFT_PACKAGE -DDEBUG -DSWIFT_MODULE_RESOURCE_BUNDLE_UNAVAILABLE -DXcode -enable-upcoming-feature ExistentialAny -enable-upcoming-feature ImmutableWeakCaptures -enable-upcoming-feature InferIsolatedConformances -enable-upcoming-feature InternalImportsByDefault -enable-upcoming-feature MemberImportVisibility -plugin-path /Applications/Xcode_26.6.app/Contents/Developer/Toolchains/XcodeDefault.xctoolchain/usr/lib/swift/host/plugins/testing -enable-experimental-feature DebugDescriptionMacro -sdk /Applications/Xcode_26.6.app/Contents/Developer/Platforms/iPhoneSimulator.platform/Developer/SDKs/iPhoneSimulator26.5.sdk -target arm64-apple-ios16.0-simulator -g -module-cache-path /Users/runner/work/Album-Prag/Album-Prag/DerivedData/ModuleCache.noindex -Xfrontend -serialize-debugging-options -enable-testing -suppress-warnings -index-store-path /Users/runner/work/Album-Prag/Album-Prag/DerivedData/Index.noindex/DataStore -Xcc -D_LIBCPP_HARDENING_MODE\=_LIBCPP_HARDENING_MODE_DEBUG -swift-version 6 -I /Users/runner/work/Album-Prag/Album-Prag/DerivedData/Build/Products/Debug-iphonesimulator -Isystem /Applications/Xcode_26.6.app/Contents/Developer/Platforms/iPhoneSimulator.platform/Developer/usr/lib -F /Users/runner/work/Album-Prag/Album-Prag/DerivedData/Build/Products/Debug-iphonesimulator/PackageFrameworks -F /Users/runner/work/Album-Prag/Album-Prag/DerivedData/Build/Products/Debug-iphonesimulator/PackageFrameworks -F /Users/runner/work/Album-Prag/Album-Prag/DerivedData/Build/Products/Debug-iphonesimulator/PackageFrameworks -F /Users/runner/work/Album-Prag/Album-Prag/DerivedData/Build/Products/Debug-iphonesimulator/PackageFrameworks -F /Users/runner/work/Album-Prag/Album-Prag/DerivedData/Build/Products/Debug-iphonesimulator/PackageFrameworks -F /Users/runner/work/Album-Prag/Album-Prag/DerivedData/Build/Products/Debug-iphonesimulator/PackageFrameworks -F /Users/runner/work/Album-Prag/Album-Prag/DerivedData/Build/Products/Debug-iphonesimulator/PackageFrameworks -F /Users/runner/work/Album-Prag/Album-Prag/DerivedData/Build/Products/Debug-iphonesimulator -F /Applications/Xcode_26.6.app/Contents/Developer/Platforms/iPhoneSimulator.platform/Developer/Library/Frameworks -F /Applications/Xcode_26.6.app/Contents/Developer/Platforms/iPhoneSimulator.platform/Developer/SDKs/iPhoneSimulator26.5.sdk/Developer/Library/Frameworks -c -j3 -enable-batch-mode -incremental -Xcc -ivfsstatcache -Xcc /Users/runner/work/Album-Prag/Album-Prag/DerivedData/SDKStatCaches.noindex/iphonesimulator26.5-23F81a-688ef53f1462e2c8f657fdc38a81448ff45c64a1807a658693f2a61704f17a36.sdkstatcache -output-file-map /Users/runner/work/Album-Prag/Album-Prag/DerivedData/Build/Intermediates.noindex/Supabase.build/Debug-iphonesimulator/Auth.build/Objects-normal/arm64/Auth-OutputFileMap.json -use-frontend-parseable-output -save-temps -no-color-diagnostics -explicit-module-build -module-cache-path /Users/runner/work/Album-Prag/Album-Prag/DerivedData/Build/Intermediates.noindex/SwiftExplicitPrecompiledModules -clang-scanner-module-cache-path /Users/runner/work/Album-Prag/Album-Prag/DerivedData/ModuleCache.noindex -sdk-module-cache-path /Users/runner/work/Album-Prag/Album-Prag/DerivedData/ModuleCache.noindex -serialize-diagnostics -emit-dependencies -emit-module -emit-module-path /Users/runner/work/Album-Prag/Album-Prag/DerivedData/Build/Intermediates.noindex/Supabase.build/Debug-iphonesimulator/Auth.build/Objects-normal/arm64/Auth.swiftmodule -user-module-version 2.55.2 -validate-clang-modules-once -clang-build-session-file /Users/runner/work/Album-Prag/Album-Prag/DerivedData/ModuleCache.noindex/Session.modulevalidation -package-name supabase_swift -Xcc -I/Users/runner/work/Album-Prag/Album-Prag/DerivedData/Build/Intermediates.noindex/Supabase.build/Debug-iphonesimulator/Auth.build/swift-overrides.hmap -emit-const-values -Xfrontend -const-gather-protocols-file -Xfrontend /Users/runner/work/Album-Prag/Album-Prag/DerivedData/Build/Intermediates.noindex/Supabase.build/Debug-iphonesimulator/Auth.build/Objects-normal/arm64/Auth_const_extract_protocols.json -Xcc -I/Users/runner/work/Album-Prag/Album-Prag/DerivedData/Build/Products/Debug-iphonesimulator/include -Xcc -I/Users/runner/work/Album-Prag/Album-Prag/DerivedData/Build/Intermediates.noindex/Supabase.build/Debug-iphonesimulator/Auth.build/DerivedSources-normal/arm64 -Xcc -I/Users/runner/work/Album-Prag/Album-Prag/DerivedData/Build/Intermediates.noindex/Supabase.build/Debug-iphonesimulator/Auth.build/DerivedSources/arm64 -Xcc -I/Users/runner/work/Album-Prag/Album-Prag/DerivedData/Build/Intermediates.noindex/Supabase.build/Debug-iphonesimulator/Auth.build/DerivedSources -Xcc -DSWIFT_PACKAGE -Xcc -DDEBUG\=1 -emit-objc-header -emit-objc-header-path /Users/runner/work/Album-Prag/Album-Prag/DerivedData/Build/Intermediates.noindex/Supabase.build/Debug-iphonesimulator/Auth.build/Objects-normal/arm64/Auth-Swift.h -working-directory /Users/runner/work/Album-Prag/Album-Prag/Album.xcodeproj -experimental-emit-module-separately -disable-cmo

RegisterExecutionPolicyException /Users/runner/work/Album-Prag/Album-Prag/DerivedData/Build/Products/Debug-iphonesimulator/Helpers.o (in target 'Helpers' from project 'Supabase')
    cd /Users/runner/work/Album-Prag/Album-Prag/DerivedData/SourcePackages/checkouts/supabase-swift
    builtin-RegisterExecutionPolicyException /Users/runner/work/Album-Prag/Album-Prag/DerivedData/Build/Products/Debug-iphonesimulator/Helpers.o

Ld /Users/runner/work/Album-Prag/Album-Prag/DerivedData/Build/Products/Debug-iphonesimulator/Storage.o normal (in target 'Storage' from project 'Supabase')
    cd /Users/runner/work/Album-Prag/Album-Prag/DerivedData/SourcePackages/checkouts/supabase-swift
    /Applications/Xcode_26.6.app/Contents/Developer/Toolchains/XcodeDefault.xctoolchain/usr/bin/clang -Xlinker -reproducible -target arm64-apple-ios16.0-simulator -r -isysroot /Applications/Xcode_26.6.app/Contents/Developer/Platforms/iPhoneSimulator.platform/Developer/SDKs/iPhoneSimulator26.5.sdk -O0 -w -F/Users/runner/work/Album-Prag/Album-Prag/DerivedData/Build/Intermediates.noindex/EagerLinkingTBDs/Debug-iphonesimulator -F/Users/runner/work/Album-Prag/Album-Prag/DerivedData/Build/Products/Debug-iphonesimulator/PackageFrameworks -F/Users/runner/work/Album-Prag/Album-Prag/DerivedData/Build/Products/Debug-iphonesimulator/PackageFrameworks -F/Users/runner/work/Album-Prag/Album-Prag/DerivedData/Build/Products/Debug-iphonesimulator/PackageFrameworks -F/Users/runner/work/Album-Prag/Album-Prag/DerivedData/Build/Products/Debug-iphonesimulator/PackageFrameworks -F/Users/runner/work/Album-Prag/Album-Prag/DerivedData/Build/Products/Debug-iphonesimulator/PackageFrameworks -F/Users/runner/work/Album-Prag/Album-Prag/DerivedData/Build/Products/Debug-iphonesimulator/PackageFrameworks -F/Users/runner/work/Album-Prag/Album-Prag/DerivedData/Build/Products/Debug-iphonesimulator -iframework /Applications/Xcode_26.6.app/Contents/Developer/Platforms/iPhoneSimulator.platform/Developer/Library/Frameworks -iframework /Applications/Xcode_26.6.app/Contents/Developer/Platforms/iPhoneSimulator.platform/Developer/SDKs/iPhoneSimulator26.5.sdk/Developer/Library/Frameworks -filelist /Users/runner/work/Album-Prag/Album-Prag/DerivedData/Build/Intermediates.noindex/Supabase.build/Debug-iphonesimulator/Storage.build/Objects-normal/arm64/Storage.LinkFileList -nostdlib -Xlinker -object_path_lto -Xlinker /Users/runner/work/Album-Prag/Album-Prag/DerivedData/Build/Intermediates.noindex/Supabase.build/Debug-iphonesimulator/Storage.build/Objects-normal/arm64/Storage_lto.o -Xlinker -no_deduplicate -Xlinker -objc_abi_version -Xlinker 2 -Xlinker -dependency_info -Xlinker /Users/runner/work/Album-Prag/Album-Prag/DerivedData/Build/Intermediates.noindex/Supabase.build/Debug-iphonesimulator/Storage.build/Objects-normal/arm64/Storage_dependency_info.dat -fobjc-link-runtime -L/Applications/Xcode_26.6.app/Contents/Developer/Toolchains/XcodeDefault.xctoolchain/usr/lib/swift/iphonesimulator -L/usr/lib/swift -Xlinker -add_ast_path -Xlinker /Users/runner/work/Album-Prag/Album-Prag/DerivedData/Build/Intermediates.noindex/Supabase.build/Debug-iphonesimulator/Storage.build/Objects-normal/arm64/Storage.swiftmodule @/Users/runner/work/Album-Prag/Album-Prag/DerivedData/Build/Intermediates.noindex/Supabase.build/Debug-iphonesimulator/Storage.build/Objects-normal/arm64/Storage-linker-args.resp -o /Users/runner/work/Album-Prag/Album-Prag/DerivedData/Build/Products/Debug-iphonesimulator/Storage.o

Ld /Users/runner/work/Album-Prag/Album-Prag/DerivedData/Build/Products/Debug-iphonesimulator/RealtimeV2.o normal (in target 'RealtimeV2' from project 'Supabase')
    cd /Users/runner/work/Album-Prag/Album-Prag/DerivedData/SourcePackages/checkouts/supabase-swift
    /Applications/Xcode_26.6.app/Contents/Developer/Toolchains/XcodeDefault.xctoolchain/usr/bin/clang -Xlinker -reproducible -target arm64-apple-ios16.0-simulator -r -isysroot /Applications/Xcode_26.6.app/Contents/Developer/Platforms/iPhoneSimulator.platform/Developer/SDKs/iPhoneSimulator26.5.sdk -O0 -w -F/Users/runner/work/Album-Prag/Album-Prag/DerivedData/Build/Intermediates.noindex/EagerLinkingTBDs/Debug-iphonesimulator -F/Users/runner/work/Album-Prag/Album-Prag/DerivedData/Build/Products/Debug-iphonesimulator/PackageFrameworks -F/Users/runner/work/Album-Prag/Album-Prag/DerivedData/Build/Products/Debug-iphonesimulator/PackageFrameworks -F/Users/runner/work/Album-Prag/Album-Prag/DerivedData/Build/Products/Debug-iphonesimulator/PackageFrameworks -F/Users/runner/work/Album-Prag/Album-Prag/DerivedData/Build/Products/Debug-iphonesimulator/PackageFrameworks -F/Users/runner/work/Album-Prag/Album-Prag/DerivedData/Build/Products/Debug-iphonesimulator/PackageFrameworks -F/Users/runner/work/Album-Prag/Album-Prag/DerivedData/Build/Products/Debug-iphonesimulator/PackageFrameworks -F/Users/runner/work/Album-Prag/Album-Prag/DerivedData/Build/Products/Debug-iphonesimulator -iframework /Applications/Xcode_26.6.app/Contents/Developer/Platforms/iPhoneSimulator.platform/Developer/Library/Frameworks -iframework /Applications/Xcode_26.6.app/Contents/Developer/Platforms/iPhoneSimulator.platform/Developer/SDKs/iPhoneSimulator26.5.sdk/Developer/Library/Frameworks -filelist /Users/runner/work/Album-Prag/Album-Prag/DerivedData/Build/Intermediates.noindex/Supabase.build/Debug-iphonesimulator/RealtimeV2.build/Objects-normal/arm64/RealtimeV2.LinkFileList -nostdlib -Xlinker -object_path_lto -Xlinker /Users/runner/work/Album-Prag/Album-Prag/DerivedData/Build/Intermediates.noindex/Supabase.build/Debug-iphonesimulator/RealtimeV2.build/Objects-normal/arm64/RealtimeV2_lto.o -Xlinker -no_deduplicate -Xlinker -objc_abi_version -Xlinker 2 -Xlinker -dependency_info -Xlinker /Users/runner/work/Album-Prag/Album-Prag/DerivedData/Build/Intermediates.noindex/Supabase.build/Debug-iphonesimulator/RealtimeV2.build/Objects-normal/arm64/RealtimeV2_dependency_info.dat -fobjc-link-runtime -L/Applications/Xcode_26.6.app/Contents/Developer/Toolchains/XcodeDefault.xctoolchain/usr/lib/swift/iphonesimulator -L/usr/lib/swift -Xlinker -add_ast_path -Xlinker /Users/runner/work/Album-Prag/Album-Prag/DerivedData/Build/Intermediates.noindex/Supabase.build/Debug-iphonesimulator/RealtimeV2.build/Objects-normal/arm64/RealtimeV2.swiftmodule @/Users/runner/work/Album-Prag/Album-Prag/DerivedData/Build/Intermediates.noindex/Supabase.build/Debug-iphonesimulator/RealtimeV2.build/Objects-normal/arm64/RealtimeV2-linker-args.resp -o /Users/runner/work/Album-Prag/Album-Prag/DerivedData/Build/Products/Debug-iphonesimulator/RealtimeV2.o

SwiftDriverJobDiscovery normal arm64 Compiling RealtimeClient.swift, RealtimeMessage.swift, TimeoutTimer.swift, Exports.swift (in target 'Realtime' from project 'Supabase')

SwiftDriver\ Compilation Realtime normal arm64 com.apple.xcode.tools.swift.compiler (in target 'Realtime' from project 'Supabase')
    cd /Users/runner/work/Album-Prag/Album-Prag/Album.xcodeproj
    builtin-Swift-Compilation -- /Applications/Xcode_26.6.app/Contents/Developer/Toolchains/XcodeDefault.xctoolchain/usr/bin/swiftc -module-name Realtime -Onone @/Users/runner/work/Album-Prag/Album-Prag/DerivedData/Build/Intermediates.noindex/Supabase.build/Debug-iphonesimulator/Realtime.build/Objects-normal/arm64/Realtime.SwiftFileList -DSWIFT_PACKAGE -DDEBUG -DSWIFT_MODULE_RESOURCE_BUNDLE_UNAVAILABLE -DXcode -enable-upcoming-feature ExistentialAny -enable-upcoming-feature ImmutableWeakCaptures -enable-upcoming-feature InferIsolatedConformances -enable-upcoming-feature InternalImportsByDefault -enable-upcoming-feature MemberImportVisibility -plugin-path /Applications/Xcode_26.6.app/Contents/Developer/Toolchains/XcodeDefault.xctoolchain/usr/lib/swift/host/plugins/testing -enable-experimental-feature DebugDescriptionMacro -sdk /Applications/Xcode_26.6.app/Contents/Developer/Platforms/iPhoneSimulator.platform/Developer/SDKs/iPhoneSimulator26.5.sdk -target arm64-apple-ios16.0-simulator -g -module-cache-path /Users/runner/work/Album-Prag/Album-Prag/DerivedData/ModuleCache.noindex -Xfrontend -serialize-debugging-options -enable-testing -suppress-warnings -index-store-path /Users/runner/work/Album-Prag/Album-Prag/DerivedData/Index.noindex/DataStore -Xcc -D_LIBCPP_HARDENING_MODE\=_LIBCPP_HARDENING_MODE_DEBUG -swift-version 5 -I /Users/runner/work/Album-Prag/Album-Prag/DerivedData/Build/Products/Debug-iphonesimulator -Isystem /Applications/Xcode_26.6.app/Contents/Developer/Platforms/iPhoneSimulator.platform/Developer/usr/lib -F /Users/runner/work/Album-Prag/Album-Prag/DerivedData/Build/Products/Debug-iphonesimulator/PackageFrameworks -F /Users/runner/work/Album-Prag/Album-Prag/DerivedData/Build/Products/Debug-iphonesimulator/PackageFrameworks -F /Users/runner/work/Album-Prag/Album-Prag/DerivedData/Build/Products/Debug-iphonesimulator/PackageFrameworks -F /Users/runner/work/Album-Prag/Album-Prag/DerivedData/Build/Products/Debug-iphonesimulator/PackageFrameworks -F /Users/runner/work/Album-Prag/Album-Prag/DerivedData/Build/Products/Debug-iphonesimulator/PackageFrameworks -F /Users/runner/work/Album-Prag/Album-Prag/DerivedData/Build/Products/Debug-iphonesimulator/PackageFrameworks -F /Users/runner/work/Album-Prag/Album-Prag/DerivedData/Build/Products/Debug-iphonesimulator/PackageFrameworks -F /Users/runner/work/Album-Prag/Album-Prag/DerivedData/Build/Products/Debug-iphonesimulator -F /Applications/Xcode_26.6.app/Contents/Developer/Platforms/iPhoneSimulator.platform/Developer/Library/Frameworks -F /Applications/Xcode_26.6.app/Contents/Developer/Platforms/iPhoneSimulator.platform/Developer/SDKs/iPhoneSimulator26.5.sdk/Developer/Library/Frameworks -c -j3 -enable-batch-mode -incremental -Xcc -ivfsstatcache -Xcc /Users/runner/work/Album-Prag/Album-Prag/DerivedData/SDKStatCaches.noindex/iphonesimulator26.5-23F81a-688ef53f1462e2c8f657fdc38a81448ff45c64a1807a658693f2a61704f17a36.sdkstatcache -output-file-map /Users/runner/work/Album-Prag/Album-Prag/DerivedData/Build/Intermediates.noindex/Supabase.build/Debug-iphonesimulator/Realtime.build/Objects-normal/arm64/Realtime-OutputFileMap.json -use-frontend-parseable-output -save-temps -no-color-diagnostics -explicit-module-build -module-cache-path /Users/runner/work/Album-Prag/Album-Prag/DerivedData/Build/Intermediates.noindex/SwiftExplicitPrecompiledModules -clang-scanner-module-cache-path /Users/runner/work/Album-Prag/Album-Prag/DerivedData/ModuleCache.noindex -sdk-module-cache-path /Users/runner/work/Album-Prag/Album-Prag/DerivedData/ModuleCache.noindex -serialize-diagnostics -emit-dependencies -emit-module -emit-module-path /Users/runner/work/Album-Prag/Album-Prag/DerivedData/Build/Intermediates.noindex/Supabase.build/Debug-iphonesimulator/Realtime.build/Objects-normal/arm64/Realtime.swiftmodule -user-module-version 2.55.2 -validate-clang-modules-once -clang-build-session-file /Users/runner/work/Album-Prag/Album-Prag/DerivedData/ModuleCache.noindex/Session.modulevalidation -package-name supabase_swift -Xcc -I/Users/runner/work/Album-Prag/Album-Prag/DerivedData/Build/Intermediates.noindex/Supabase.build/Debug-iphonesimulator/Realtime.build/swift-overrides.hmap -emit-const-values -Xfrontend -const-gather-protocols-file -Xfrontend /Users/runner/work/Album-Prag/Album-Prag/DerivedData/Build/Intermediates.noindex/Supabase.build/Debug-iphonesimulator/Realtime.build/Objects-normal/arm64/Realtime_const_extract_protocols.json -Xcc -I/Users/runner/work/Album-Prag/Album-Prag/DerivedData/Build/Products/Debug-iphonesimulator/include -Xcc -I/Users/runner/work/Album-Prag/Album-Prag/DerivedData/Build/Intermediates.noindex/Supabase.build/Debug-iphonesimulator/Realtime.build/DerivedSources-normal/arm64 -Xcc -I/Users/runner/work/Album-Prag/Album-Prag/DerivedData/Build/Intermediates.noindex/Supabase.build/Debug-iphonesimulator/Realtime.build/DerivedSources/arm64 -Xcc -I/Users/runner/work/Album-Prag/Album-Prag/DerivedData/Build/Intermediates.noindex/Supabase.build/Debug-iphonesimulator/Realtime.build/DerivedSources -Xcc -DSWIFT_PACKAGE -Xcc -DDEBUG\=1 -emit-objc-header -emit-objc-header-path /Users/runner/work/Album-Prag/Album-Prag/DerivedData/Build/Intermediates.noindex/Supabase.build/Debug-iphonesimulator/Realtime.build/Objects-normal/arm64/Realtime-Swift.h -working-directory /Users/runner/work/Album-Prag/Album-Prag/Album.xcodeproj -experimental-emit-module-separately -disable-cmo

Ld /Users/runner/work/Album-Prag/Album-Prag/DerivedData/Build/Products/Debug-iphonesimulator/PostgREST.o normal (in target 'PostgREST' from project 'Supabase')
    cd /Users/runner/work/Album-Prag/Album-Prag/DerivedData/SourcePackages/checkouts/supabase-swift
    /Applications/Xcode_26.6.app/Contents/Developer/Toolchains/XcodeDefault.xctoolchain/usr/bin/clang -Xlinker -reproducible -target arm64-apple-ios16.0-simulator -r -isysroot /Applications/Xcode_26.6.app/Contents/Developer/Platforms/iPhoneSimulator.platform/Developer/SDKs/iPhoneSimulator26.5.sdk -O0 -w -F/Users/runner/work/Album-Prag/Album-Prag/DerivedData/Build/Intermediates.noindex/EagerLinkingTBDs/Debug-iphonesimulator -F/Users/runner/work/Album-Prag/Album-Prag/DerivedData/Build/Products/Debug-iphonesimulator/PackageFrameworks -F/Users/runner/work/Album-Prag/Album-Prag/DerivedData/Build/Products/Debug-iphonesimulator/PackageFrameworks -F/Users/runner/work/Album-Prag/Album-Prag/DerivedData/Build/Products/Debug-iphonesimulator/PackageFrameworks -F/Users/runner/work/Album-Prag/Album-Prag/DerivedData/Build/Products/Debug-iphonesimulator/PackageFrameworks -F/Users/runner/work/Album-Prag/Album-Prag/DerivedData/Build/Products/Debug-iphonesimulator/PackageFrameworks -F/Users/runner/work/Album-Prag/Album-Prag/DerivedData/Build/Products/Debug-iphonesimulator/PackageFrameworks -F/Users/runner/work/Album-Prag/Album-Prag/DerivedData/Build/Products/Debug-iphonesimulator -iframework /Applications/Xcode_26.6.app/Contents/Developer/Platforms/iPhoneSimulator.platform/Developer/Library/Frameworks -iframework /Applications/Xcode_26.6.app/Contents/Developer/Platforms/iPhoneSimulator.platform/Developer/SDKs/iPhoneSimulator26.5.sdk/Developer/Library/Frameworks -filelist /Users/runner/work/Album-Prag/Album-Prag/DerivedData/Build/Intermediates.noindex/Supabase.build/Debug-iphonesimulator/PostgREST.build/Objects-normal/arm64/PostgREST.LinkFileList -nostdlib -Xlinker -object_path_lto -Xlinker /Users/runner/work/Album-Prag/Album-Prag/DerivedData/Build/Intermediates.noindex/Supabase.build/Debug-iphonesimulator/PostgREST.build/Objects-normal/arm64/PostgREST_lto.o -Xlinker -no_deduplicate -Xlinker -objc_abi_version -Xlinker 2 -Xlinker -dependency_info -Xlinker /Users/runner/work/Album-Prag/Album-Prag/DerivedData/Build/Intermediates.noindex/Supabase.build/Debug-iphonesimulator/PostgREST.build/Objects-normal/arm64/PostgREST_dependency_info.dat -fobjc-link-runtime -L/Applications/Xcode_26.6.app/Contents/Developer/Toolchains/XcodeDefault.xctoolchain/usr/lib/swift/iphonesimulator -L/usr/lib/swift -Xlinker -add_ast_path -Xlinker /Users/runner/work/Album-Prag/Album-Prag/DerivedData/Build/Intermediates.noindex/Supabase.build/Debug-iphonesimulator/PostgREST.build/Objects-normal/arm64/PostgREST.swiftmodule @/Users/runner/work/Album-Prag/Album-Prag/DerivedData/Build/Intermediates.noindex/Supabase.build/Debug-iphonesimulator/PostgREST.build/Objects-normal/arm64/PostgREST-linker-args.resp -o /Users/runner/work/Album-Prag/Album-Prag/DerivedData/Build/Products/Debug-iphonesimulator/PostgREST.o

Ld /Users/runner/work/Album-Prag/Album-Prag/DerivedData/Build/Products/Debug-iphonesimulator/Functions.o normal (in target 'Functions' from project 'Supabase')
    cd /Users/runner/work/Album-Prag/Album-Prag/DerivedData/SourcePackages/checkouts/supabase-swift
    /Applications/Xcode_26.6.app/Contents/Developer/Toolchains/XcodeDefault.xctoolchain/usr/bin/clang -Xlinker -reproducible -target arm64-apple-ios16.0-simulator -r -isysroot /Applications/Xcode_26.6.app/Contents/Developer/Platforms/iPhoneSimulator.platform/Developer/SDKs/iPhoneSimulator26.5.sdk -O0 -w -F/Users/runner/work/Album-Prag/Album-Prag/DerivedData/Build/Intermediates.noindex/EagerLinkingTBDs/Debug-iphonesimulator -F/Users/runner/work/Album-Prag/Album-Prag/DerivedData/Build/Products/Debug-iphonesimulator/PackageFrameworks -F/Users/runner/work/Album-Prag/Album-Prag/DerivedData/Build/Products/Debug-iphonesimulator/PackageFrameworks -F/Users/runner/work/Album-Prag/Album-Prag/DerivedData/Build/Products/Debug-iphonesimulator/PackageFrameworks -F/Users/runner/work/Album-Prag/Album-Prag/DerivedData/Build/Products/Debug-iphonesimulator/PackageFrameworks -F/Users/runner/work/Album-Prag/Album-Prag/DerivedData/Build/Products/Debug-iphonesimulator/PackageFrameworks -F/Users/runner/work/Album-Prag/Album-Prag/DerivedData/Build/Products/Debug-iphonesimulator/PackageFrameworks -F/Users/runner/work/Album-Prag/Album-Prag/DerivedData/Build/Products/Debug-iphonesimulator -iframework /Applications/Xcode_26.6.app/Contents/Developer/Platforms/iPhoneSimulator.platform/Developer/Library/Frameworks -iframework /Applications/Xcode_26.6.app/Contents/Developer/Platforms/iPhoneSimulator.platform/Developer/SDKs/iPhoneSimulator26.5.sdk/Developer/Library/Frameworks -filelist /Users/runner/work/Album-Prag/Album-Prag/DerivedData/Build/Intermediates.noindex/Supabase.build/Debug-iphonesimulator/Functions.build/Objects-normal/arm64/Functions.LinkFileList -nostdlib -Xlinker -object_path_lto -Xlinker /Users/runner/work/Album-Prag/Album-Prag/DerivedData/Build/Intermediates.noindex/Supabase.build/Debug-iphonesimulator/Functions.build/Objects-normal/arm64/Functions_lto.o -Xlinker -no_deduplicate -Xlinker -objc_abi_version -Xlinker 2 -Xlinker -dependency_info -Xlinker /Users/runner/work/Album-Prag/Album-Prag/DerivedData/Build/Intermediates.noindex/Supabase.build/Debug-iphonesimulator/Functions.build/Objects-normal/arm64/Functions_dependency_info.dat -fobjc-link-runtime -L/Applications/Xcode_26.6.app/Contents/Developer/Toolchains/XcodeDefault.xctoolchain/usr/lib/swift/iphonesimulator -L/usr/lib/swift -Xlinker -add_ast_path -Xlinker /Users/runner/work/Album-Prag/Album-Prag/DerivedData/Build/Intermediates.noindex/Supabase.build/Debug-iphonesimulator/Functions.build/Objects-normal/arm64/Functions.swiftmodule @/Users/runner/work/Album-Prag/Album-Prag/DerivedData/Build/Intermediates.noindex/Supabase.build/Debug-iphonesimulator/Functions.build/Objects-normal/arm64/Functions-linker-args.resp -o /Users/runner/work/Album-Prag/Album-Prag/DerivedData/Build/Products/Debug-iphonesimulator/Functions.o

Ld /Users/runner/work/Album-Prag/Album-Prag/DerivedData/Build/Products/Debug-iphonesimulator/Auth.o normal (in target 'Auth' from project 'Supabase')
    cd /Users/runner/work/Album-Prag/Album-Prag/DerivedData/SourcePackages/checkouts/supabase-swift
    /Applications/Xcode_26.6.app/Contents/Developer/Toolchains/XcodeDefault.xctoolchain/usr/bin/clang -Xlinker -reproducible -target arm64-apple-ios16.0-simulator -r -isysroot /Applications/Xcode_26.6.app/Contents/Developer/Platforms/iPhoneSimulator.platform/Developer/SDKs/iPhoneSimulator26.5.sdk -O0 -w -F/Users/runner/work/Album-Prag/Album-Prag/DerivedData/Build/Intermediates.noindex/EagerLinkingTBDs/Debug-iphonesimulator -F/Users/runner/work/Album-Prag/Album-Prag/DerivedData/Build/Products/Debug-iphonesimulator/PackageFrameworks -F/Users/runner/work/Album-Prag/Album-Prag/DerivedData/Build/Products/Debug-iphonesimulator/PackageFrameworks -F/Users/runner/work/Album-Prag/Album-Prag/DerivedData/Build/Products/Debug-iphonesimulator/PackageFrameworks -F/Users/runner/work/Album-Prag/Album-Prag/DerivedData/Build/Products/Debug-iphonesimulator/PackageFrameworks -F/Users/runner/work/Album-Prag/Album-Prag/DerivedData/Build/Products/Debug-iphonesimulator/PackageFrameworks -F/Users/runner/work/Album-Prag/Album-Prag/DerivedData/Build/Products/Debug-iphonesimulator/PackageFrameworks -F/Users/runner/work/Album-Prag/Album-Prag/DerivedData/Build/Products/Debug-iphonesimulator/PackageFrameworks -F/Users/runner/work/Album-Prag/Album-Prag/DerivedData/Build/Products/Debug-iphonesimulator -iframework /Applications/Xcode_26.6.app/Contents/Developer/Platforms/iPhoneSimulator.platform/Developer/Library/Frameworks -iframework /Applications/Xcode_26.6.app/Contents/Developer/Platforms/iPhoneSimulator.platform/Developer/SDKs/iPhoneSimulator26.5.sdk/Developer/Library/Frameworks -filelist /Users/runner/work/Album-Prag/Album-Prag/DerivedData/Build/Intermediates.noindex/Supabase.build/Debug-iphonesimulator/Auth.build/Objects-normal/arm64/Auth.LinkFileList -nostdlib -Xlinker -object_path_lto -Xlinker /Users/runner/work/Album-Prag/Album-Prag/DerivedData/Build/Intermediates.noindex/Supabase.build/Debug-iphonesimulator/Auth.build/Objects-normal/arm64/Auth_lto.o -Xlinker -no_deduplicate -Xlinker -objc_abi_version -Xlinker 2 -Xlinker -dependency_info -Xlinker /Users/runner/work/Album-Prag/Album-Prag/DerivedData/Build/Intermediates.noindex/Supabase.build/Debug-iphonesimulator/Auth.build/Objects-normal/arm64/Auth_dependency_info.dat -fobjc-link-runtime -L/Applications/Xcode_26.6.app/Contents/Developer/Toolchains/XcodeDefault.xctoolchain/usr/lib/swift/iphonesimulator -L/usr/lib/swift -Xlinker -add_ast_path -Xlinker /Users/runner/work/Album-Prag/Album-Prag/DerivedData/Build/Intermediates.noindex/Supabase.build/Debug-iphonesimulator/Auth.build/Objects-normal/arm64/Auth.swiftmodule @/Users/runner/work/Album-Prag/Album-Prag/DerivedData/Build/Intermediates.noindex/Supabase.build/Debug-iphonesimulator/Auth.build/Objects-normal/arm64/Auth-linker-args.resp -o /Users/runner/work/Album-Prag/Album-Prag/DerivedData/Build/Products/Debug-iphonesimulator/Auth.o

ExtractAppIntentsMetadata (in target 'Storage' from project 'Supabase')
    cd /Users/runner/work/Album-Prag/Album-Prag/DerivedData/SourcePackages/checkouts/supabase-swift
    /Applications/Xcode_26.6.app/Contents/Developer/Toolchains/XcodeDefault.xctoolchain/usr/bin/appintentsmetadataprocessor --toolchain-dir /var/run/com.apple.security.cryptexd/mnt/com.apple.MobileAsset.MetalToolchain-v17.6.109.0.3IcKNH/Metal.xctoolchain --module-name Storage --sdk-root /Applications/Xcode_26.6.app/Contents/Developer/Platforms/iPhoneSimulator.platform/Developer/SDKs/iPhoneSimulator26.5.sdk --xcode-version 17F113 --platform-family iOS --deployment-target 16.0 --bundle-identifier supabase-swift.Storage --output /Users/runner/work/Album-Prag/Album-Prag/DerivedData/Build/Products/Debug-iphonesimulator/Storage.appintents --target-triple arm64-apple-ios16.0-simulator --binary-file /Users/runner/work/Album-Prag/Album-Prag/DerivedData/Build/Products/Debug-iphonesimulator/Storage.o --dependency-file /Users/runner/work/Album-Prag/Album-Prag/DerivedData/Build/Intermediates.noindex/Supabase.build/Debug-iphonesimulator/Storage.build/Objects-normal/arm64/Storage_dependency_info.dat --stringsdata-file /Users/runner/work/Album-Prag/Album-Prag/DerivedData/Build/Intermediates.noindex/Supabase.build/Debug-iphonesimulator/Storage.build/Objects-normal/arm64/ExtractedAppShortcutsMetadata.stringsdata --source-file-list /Users/runner/work/Album-Prag/Album-Prag/DerivedData/Build/Intermediates.noindex/Supabase.build/Debug-iphonesimulator/Storage.build/Objects-normal/arm64/Storage.SwiftFileList --metadata-file-list /Users/runner/work/Album-Prag/Album-Prag/DerivedData/Build/Intermediates.noindex/Supabase.build/Debug-iphonesimulator/Storage.build/Storage.DependencyMetadataFileList --static-metadata-file-list /Users/runner/work/Album-Prag/Album-Prag/DerivedData/Build/Intermediates.noindex/Supabase.build/Debug-iphonesimulator/Storage.build/Storage.DependencyStaticMetadataFileList --swift-const-vals-list /Users/runner/work/Album-Prag/Album-Prag/DerivedData/Build/Intermediates.noindex/Supabase.build/Debug-iphonesimulator/Storage.build/Objects-normal/arm64/Storage.SwiftConstValuesFileList --force --compile-time-extraction --deployment-aware-processing --validate-assistant-intents --no-app-shortcuts-localization
2026-10-05 12:41:24.763 appintentsmetadataprocessor[6705:30447] Starting appintentsmetadataprocessor export
2026-10-05 12:41:24.774 appintentsmetadataprocessor[6705:30447] Extracted no relevant App Intents symbols, skipping writing output

ExtractAppIntentsMetadata (in target 'RealtimeV2' from project 'Supabase')
    cd /Users/runner/work/Album-Prag/Album-Prag/DerivedData/SourcePackages/checkouts/supabase-swift
    /Applications/Xcode_26.6.app/Contents/Developer/Toolchains/XcodeDefault.xctoolchain/usr/bin/appintentsmetadataprocessor --toolchain-dir /var/run/com.apple.security.cryptexd/mnt/com.apple.MobileAsset.MetalToolchain-v17.6.109.0.3IcKNH/Metal.xctoolchain --module-name RealtimeV2 --sdk-root /Applications/Xcode_26.6.app/Contents/Developer/Platforms/iPhoneSimulator.platform/Developer/SDKs/iPhoneSimulator26.5.sdk --xcode-version 17F113 --platform-family iOS --deployment-target 16.0 --bundle-identifier supabase-swift.RealtimeV2 --output /Users/runner/work/Album-Prag/Album-Prag/DerivedData/Build/Products/Debug-iphonesimulator/RealtimeV2.appintents --target-triple arm64-apple-ios16.0-simulator --binary-file /Users/runner/work/Album-Prag/Album-Prag/DerivedData/Build/Products/Debug-iphonesimulator/RealtimeV2.o --dependency-file /Users/runner/work/Album-Prag/Album-Prag/DerivedData/Build/Intermediates.noindex/Supabase.build/Debug-iphonesimulator/RealtimeV2.build/Objects-normal/arm64/RealtimeV2_dependency_info.dat --stringsdata-file /Users/runner/work/Album-Prag/Album-Prag/DerivedData/Build/Intermediates.noindex/Supabase.build/Debug-iphonesimulator/RealtimeV2.build/Objects-normal/arm64/ExtractedAppShortcutsMetadata.stringsdata --source-file-list /Users/runner/work/Album-Prag/Album-Prag/DerivedData/Build/Intermediates.noindex/Supabase.build/Debug-iphonesimulator/RealtimeV2.build/Objects-normal/arm64/RealtimeV2.SwiftFileList --metadata-file-list /Users/runner/work/Album-Prag/Album-Prag/DerivedData/Build/Intermediates.noindex/Supabase.build/Debug-iphonesimulator/RealtimeV2.build/RealtimeV2.DependencyMetadataFileList --static-metadata-file-list /Users/runner/work/Album-Prag/Album-Prag/DerivedData/Build/Intermediates.noindex/Supabase.build/Debug-iphonesimulator/RealtimeV2.build/RealtimeV2.DependencyStaticMetadataFileList --swift-const-vals-list /Users/runner/work/Album-Prag/Album-Prag/DerivedData/Build/Intermediates.noindex/Supabase.build/Debug-iphonesimulator/RealtimeV2.build/Objects-normal/arm64/RealtimeV2.SwiftConstValuesFileList --force --compile-time-extraction --deployment-aware-processing --validate-assistant-intents --no-app-shortcuts-localization
2026-10-05 12:41:24.807 appintentsmetadataprocessor[6707:30455] Starting appintentsmetadataprocessor export
2026-10-05 12:41:24.821 appintentsmetadataprocessor[6707:30455] Extracted no relevant App Intents symbols, skipping writing output

ExtractAppIntentsMetadata (in target 'PostgREST' from project 'Supabase')
    cd /Users/runner/work/Album-Prag/Album-Prag/DerivedData/SourcePackages/checkouts/supabase-swift
    /Applications/Xcode_26.6.app/Contents/Developer/Toolchains/XcodeDefault.xctoolchain/usr/bin/appintentsmetadataprocessor --toolchain-dir /var/run/com.apple.security.cryptexd/mnt/com.apple.MobileAsset.MetalToolchain-v17.6.109.0.3IcKNH/Metal.xctoolchain --module-name PostgREST --sdk-root /Applications/Xcode_26.6.app/Contents/Developer/Platforms/iPhoneSimulator.platform/Developer/SDKs/iPhoneSimulator26.5.sdk --xcode-version 17F113 --platform-family iOS --deployment-target 16.0 --bundle-identifier supabase-swift.PostgREST --output /Users/runner/work/Album-Prag/Album-Prag/DerivedData/Build/Products/Debug-iphonesimulator/PostgREST.appintents --target-triple arm64-apple-ios16.0-simulator --binary-file /Users/runner/work/Album-Prag/Album-Prag/DerivedData/Build/Products/Debug-iphonesimulator/PostgREST.o --dependency-file /Users/runner/work/Album-Prag/Album-Prag/DerivedData/Build/Intermediates.noindex/Supabase.build/Debug-iphonesimulator/PostgREST.build/Objects-normal/arm64/PostgREST_dependency_info.dat --stringsdata-file /Users/runner/work/Album-Prag/Album-Prag/DerivedData/Build/Intermediates.noindex/Supabase.build/Debug-iphonesimulator/PostgREST.build/Objects-normal/arm64/ExtractedAppShortcutsMetadata.stringsdata --source-file-list /Users/runner/work/Album-Prag/Album-Prag/DerivedData/Build/Intermediates.noindex/Supabase.build/Debug-iphonesimulator/PostgREST.build/Objects-normal/arm64/PostgREST.SwiftFileList --metadata-file-list /Users/runner/work/Album-Prag/Album-Prag/DerivedData/Build/Intermediates.noindex/Supabase.build/Debug-iphonesimulator/PostgREST.build/PostgREST.DependencyMetadataFileList --static-metadata-file-list /Users/runner/work/Album-Prag/Album-Prag/DerivedData/Build/Intermediates.noindex/Supabase.build/Debug-iphonesimulator/PostgREST.build/PostgREST.DependencyStaticMetadataFileList --swift-const-vals-list /Users/runner/work/Album-Prag/Album-Prag/DerivedData/Build/Intermediates.noindex/Supabase.build/Debug-iphonesimulator/PostgREST.build/Objects-normal/arm64/PostgREST.SwiftConstValuesFileList --force --compile-time-extraction --deployment-aware-processing --validate-assistant-intents --no-app-shortcuts-localization
2026-10-05 12:41:24.830 appintentsmetadataprocessor[6708:30459] Starting appintentsmetadataprocessor export
2026-10-05 12:41:24.847 appintentsmetadataprocessor[6708:30459] Extracted no relevant App Intents symbols, skipping writing output

ExtractAppIntentsMetadata (in target 'Functions' from project 'Supabase')
    cd /Users/runner/work/Album-Prag/Album-Prag/DerivedData/SourcePackages/checkouts/supabase-swift
    /Applications/Xcode_26.6.app/Contents/Developer/Toolchains/XcodeDefault.xctoolchain/usr/bin/appintentsmetadataprocessor --toolchain-dir /var/run/com.apple.security.cryptexd/mnt/com.apple.MobileAsset.MetalToolchain-v17.6.109.0.3IcKNH/Metal.xctoolchain --module-name Functions --sdk-root /Applications/Xcode_26.6.app/Contents/Developer/Platforms/iPhoneSimulator.platform/Developer/SDKs/iPhoneSimulator26.5.sdk --xcode-version 17F113 --platform-family iOS --deployment-target 16.0 --bundle-identifier supabase-swift.Functions --output /Users/runner/work/Album-Prag/Album-Prag/DerivedData/Build/Products/Debug-iphonesimulator/Functions.appintents --target-triple arm64-apple-ios16.0-simulator --binary-file /Users/runner/work/Album-Prag/Album-Prag/DerivedData/Build/Products/Debug-iphonesimulator/Functions.o --dependency-file /Users/runner/work/Album-Prag/Album-Prag/DerivedData/Build/Intermediates.noindex/Supabase.build/Debug-iphonesimulator/Functions.build/Objects-normal/arm64/Functions_dependency_info.dat --stringsdata-file /Users/runner/work/Album-Prag/Album-Prag/DerivedData/Build/Intermediates.noindex/Supabase.build/Debug-iphonesimulator/Functions.build/Objects-normal/arm64/ExtractedAppShortcutsMetadata.stringsdata --source-file-list /Users/runner/work/Album-Prag/Album-Prag/DerivedData/Build/Intermediates.noindex/Supabase.build/Debug-iphonesimulator/Functions.build/Objects-normal/arm64/Functions.SwiftFileList --metadata-file-list /Users/runner/work/Album-Prag/Album-Prag/DerivedData/Build/Intermediates.noindex/Supabase.build/Debug-iphonesimulator/Functions.build/Functions.DependencyMetadataFileList --static-metadata-file-list /Users/runner/work/Album-Prag/Album-Prag/DerivedData/Build/Intermediates.noindex/Supabase.build/Debug-iphonesimulator/Functions.build/Functions.DependencyStaticMetadataFileList --swift-const-vals-list /Users/runner/work/Album-Prag/Album-Prag/DerivedData/Build/Intermediates.noindex/Supabase.build/Debug-iphonesimulator/Functions.build/Objects-normal/arm64/Functions.SwiftConstValuesFileList --force --compile-time-extraction --deployment-aware-processing --validate-assistant-intents --no-app-shortcuts-localization
2026-10-05 12:41:24.842 appintentsmetadataprocessor[6709:30465] Starting appintentsmetadataprocessor export
2026-10-05 12:41:24.857 appintentsmetadataprocessor[6709:30465] Extracted no relevant App Intents symbols, skipping writing output

ExtractAppIntentsMetadata (in target 'Auth' from project 'Supabase')
    cd /Users/runner/work/Album-Prag/Album-Prag/DerivedData/SourcePackages/checkouts/supabase-swift
    /Applications/Xcode_26.6.app/Contents/Developer/Toolchains/XcodeDefault.xctoolchain/usr/bin/appintentsmetadataprocessor --toolchain-dir /var/run/com.apple.security.cryptexd/mnt/com.apple.MobileAsset.MetalToolchain-v17.6.109.0.3IcKNH/Metal.xctoolchain --module-name Auth --sdk-root /Applications/Xcode_26.6.app/Contents/Developer/Platforms/iPhoneSimulator.platform/Developer/SDKs/iPhoneSimulator26.5.sdk --xcode-version 17F113 --platform-family iOS --deployment-target 16.0 --bundle-identifier supabase-swift.Auth --output /Users/runner/work/Album-Prag/Album-Prag/DerivedData/Build/Products/Debug-iphonesimulator/Auth.appintents --target-triple arm64-apple-ios16.0-simulator --binary-file /Users/runner/work/Album-Prag/Album-Prag/DerivedData/Build/Products/Debug-iphonesimulator/Auth.o --dependency-file /Users/runner/work/Album-Prag/Album-Prag/DerivedData/Build/Intermediates.noindex/Supabase.build/Debug-iphonesimulator/Auth.build/Objects-normal/arm64/Auth_dependency_info.dat --stringsdata-file /Users/runner/work/Album-Prag/Album-Prag/DerivedData/Build/Intermediates.noindex/Supabase.build/Debug-iphonesimulator/Auth.build/Objects-normal/arm64/ExtractedAppShortcutsMetadata.stringsdata --source-file-list /Users/runner/work/Album-Prag/Album-Prag/DerivedData/Build/Intermediates.noindex/Supabase.build/Debug-iphonesimulator/Auth.build/Objects-normal/arm64/Auth.SwiftFileList --metadata-file-list /Users/runner/work/Album-Prag/Album-Prag/DerivedData/Build/Intermediates.noindex/Supabase.build/Debug-iphonesimulator/Auth.build/Auth.DependencyMetadataFileList --static-metadata-file-list /Users/runner/work/Album-Prag/Album-Prag/DerivedData/Build/Intermediates.noindex/Supabase.build/Debug-iphonesimulator/Auth.build/Auth.DependencyStaticMetadataFileList --swift-const-vals-list /Users/runner/work/Album-Prag/Album-Prag/DerivedData/Build/Intermediates.noindex/Supabase.build/Debug-iphonesimulator/Auth.build/Objects-normal/arm64/Auth.SwiftConstValuesFileList --force --compile-time-extraction --deployment-aware-processing --validate-assistant-intents --no-app-shortcuts-localization
2026-10-05 12:41:24.877 appintentsmetadataprocessor[6710:30472] Starting appintentsmetadataprocessor export
2026-10-05 12:41:24.901 appintentsmetadataprocessor[6710:30472] Extracted no relevant App Intents symbols, skipping writing output

RegisterExecutionPolicyException /Users/runner/work/Album-Prag/Album-Prag/DerivedData/Build/Products/Debug-iphonesimulator/Storage.o (in target 'Storage' from project 'Supabase')
    cd /Users/runner/work/Album-Prag/Album-Prag/DerivedData/SourcePackages/checkouts/supabase-swift
    builtin-RegisterExecutionPolicyException /Users/runner/work/Album-Prag/Album-Prag/DerivedData/Build/Products/Debug-iphonesimulator/Storage.o

RegisterExecutionPolicyException /Users/runner/work/Album-Prag/Album-Prag/DerivedData/Build/Products/Debug-iphonesimulator/RealtimeV2.o (in target 'RealtimeV2' from project 'Supabase')
    cd /Users/runner/work/Album-Prag/Album-Prag/DerivedData/SourcePackages/checkouts/supabase-swift
    builtin-RegisterExecutionPolicyException /Users/runner/work/Album-Prag/Album-Prag/DerivedData/Build/Products/Debug-iphonesimulator/RealtimeV2.o

Ld /Users/runner/work/Album-Prag/Album-Prag/DerivedData/Build/Products/Debug-iphonesimulator/Realtime.o normal (in target 'Realtime' from project 'Supabase')
    cd /Users/runner/work/Album-Prag/Album-Prag/DerivedData/SourcePackages/checkouts/supabase-swift
    /Applications/Xcode_26.6.app/Contents/Developer/Toolchains/XcodeDefault.xctoolchain/usr/bin/clang -Xlinker -reproducible -target arm64-apple-ios16.0-simulator -r -isysroot /Applications/Xcode_26.6.app/Contents/Developer/Platforms/iPhoneSimulator.platform/Developer/SDKs/iPhoneSimulator26.5.sdk -O0 -w -F/Users/runner/work/Album-Prag/Album-Prag/DerivedData/Build/Intermediates.noindex/EagerLinkingTBDs/Debug-iphonesimulator -F/Users/runner/work/Album-Prag/Album-Prag/DerivedData/Build/Products/Debug-iphonesimulator/PackageFrameworks -F/Users/runner/work/Album-Prag/Album-Prag/DerivedData/Build/Products/Debug-iphonesimulator/PackageFrameworks -F/Users/runner/work/Album-Prag/Album-Prag/DerivedData/Build/Products/Debug-iphonesimulator/PackageFrameworks -F/Users/runner/work/Album-Prag/Album-Prag/DerivedData/Build/Products/Debug-iphonesimulator/PackageFrameworks -F/Users/runner/work/Album-Prag/Album-Prag/DerivedData/Build/Products/Debug-iphonesimulator/PackageFrameworks -F/Users/runner/work/Album-Prag/Album-Prag/DerivedData/Build/Products/Debug-iphonesimulator/PackageFrameworks -F/Users/runner/work/Album-Prag/Album-Prag/DerivedData/Build/Products/Debug-iphonesimulator/PackageFrameworks -F/Users/runner/work/Album-Prag/Album-Prag/DerivedData/Build/Products/Debug-iphonesimulator -iframework /Applications/Xcode_26.6.app/Contents/Developer/Platforms/iPhoneSimulator.platform/Developer/Library/Frameworks -iframework /Applications/Xcode_26.6.app/Contents/Developer/Platforms/iPhoneSimulator.platform/Developer/SDKs/iPhoneSimulator26.5.sdk/Developer/Library/Frameworks -filelist /Users/runner/work/Album-Prag/Album-Prag/DerivedData/Build/Intermediates.noindex/Supabase.build/Debug-iphonesimulator/Realtime.build/Objects-normal/arm64/Realtime.LinkFileList -nostdlib -Xlinker -object_path_lto -Xlinker /Users/runner/work/Album-Prag/Album-Prag/DerivedData/Build/Intermediates.noindex/Supabase.build/Debug-iphonesimulator/Realtime.build/Objects-normal/arm64/Realtime_lto.o -Xlinker -no_deduplicate -Xlinker -objc_abi_version -Xlinker 2 -Xlinker -dependency_info -Xlinker /Users/runner/work/Album-Prag/Album-Prag/DerivedData/Build/Intermediates.noindex/Supabase.build/Debug-iphonesimulator/Realtime.build/Objects-normal/arm64/Realtime_dependency_info.dat -fobjc-link-runtime -L/Applications/Xcode_26.6.app/Contents/Developer/Toolchains/XcodeDefault.xctoolchain/usr/lib/swift/iphonesimulator -L/usr/lib/swift -Xlinker -add_ast_path -Xlinker /Users/runner/work/Album-Prag/Album-Prag/DerivedData/Build/Intermediates.noindex/Supabase.build/Debug-iphonesimulator/Realtime.build/Objects-normal/arm64/Realtime.swiftmodule @/Users/runner/work/Album-Prag/Album-Prag/DerivedData/Build/Intermediates.noindex/Supabase.build/Debug-iphonesimulator/Realtime.build/Objects-normal/arm64/Realtime-linker-args.resp -o /Users/runner/work/Album-Prag/Album-Prag/DerivedData/Build/Products/Debug-iphonesimulator/Realtime.o

RegisterExecutionPolicyException /Users/runner/work/Album-Prag/Album-Prag/DerivedData/Build/Products/Debug-iphonesimulator/PostgREST.o (in target 'PostgREST' from project 'Supabase')
    cd /Users/runner/work/Album-Prag/Album-Prag/DerivedData/SourcePackages/checkouts/supabase-swift
    builtin-RegisterExecutionPolicyException /Users/runner/work/Album-Prag/Album-Prag/DerivedData/Build/Products/Debug-iphonesimulator/PostgREST.o

RegisterExecutionPolicyException /Users/runner/work/Album-Prag/Album-Prag/DerivedData/Build/Products/Debug-iphonesimulator/Functions.o (in target 'Functions' from project 'Supabase')
    cd /Users/runner/work/Album-Prag/Album-Prag/DerivedData/SourcePackages/checkouts/supabase-swift
    builtin-RegisterExecutionPolicyException /Users/runner/work/Album-Prag/Album-Prag/DerivedData/Build/Products/Debug-iphonesimulator/Functions.o

RegisterExecutionPolicyException /Users/runner/work/Album-Prag/Album-Prag/DerivedData/Build/Products/Debug-iphonesimulator/Auth.o (in target 'Auth' from project 'Supabase')
    cd /Users/runner/work/Album-Prag/Album-Prag/DerivedData/SourcePackages/checkouts/supabase-swift
    builtin-RegisterExecutionPolicyException /Users/runner/work/Album-Prag/Album-Prag/DerivedData/Build/Products/Debug-iphonesimulator/Auth.o

ExtractAppIntentsMetadata (in target 'Realtime' from project 'Supabase')
    cd /Users/runner/work/Album-Prag/Album-Prag/DerivedData/SourcePackages/checkouts/supabase-swift
    /Applications/Xcode_26.6.app/Contents/Developer/Toolchains/XcodeDefault.xctoolchain/usr/bin/appintentsmetadataprocessor --toolchain-dir /var/run/com.apple.security.cryptexd/mnt/com.apple.MobileAsset.MetalToolchain-v17.6.109.0.3IcKNH/Metal.xctoolchain --module-name Realtime --sdk-root /Applications/Xcode_26.6.app/Contents/Developer/Platforms/iPhoneSimulator.platform/Developer/SDKs/iPhoneSimulator26.5.sdk --xcode-version 17F113 --platform-family iOS --deployment-target 16.0 --bundle-identifier supabase-swift.Realtime --output /Users/runner/work/Album-Prag/Album-Prag/DerivedData/Build/Products/Debug-iphonesimulator/Realtime.appintents --target-triple arm64-apple-ios16.0-simulator --binary-file /Users/runner/work/Album-Prag/Album-Prag/DerivedData/Build/Products/Debug-iphonesimulator/Realtime.o --dependency-file /Users/runner/work/Album-Prag/Album-Prag/DerivedData/Build/Intermediates.noindex/Supabase.build/Debug-iphonesimulator/Realtime.build/Objects-normal/arm64/Realtime_dependency_info.dat --stringsdata-file /Users/runner/work/Album-Prag/Album-Prag/DerivedData/Build/Intermediates.noindex/Supabase.build/Debug-iphonesimulator/Realtime.build/Objects-normal/arm64/ExtractedAppShortcutsMetadata.stringsdata --source-file-list /Users/runner/work/Album-Prag/Album-Prag/DerivedData/Build/Intermediates.noindex/Supabase.build/Debug-iphonesimulator/Realtime.build/Objects-normal/arm64/Realtime.SwiftFileList --metadata-file-list /Users/runner/work/Album-Prag/Album-Prag/DerivedData/Build/Intermediates.noindex/Supabase.build/Debug-iphonesimulator/Realtime.build/Realtime.DependencyMetadataFileList --static-metadata-file-list /Users/runner/work/Album-Prag/Album-Prag/DerivedData/Build/Intermediates.noindex/Supabase.build/Debug-iphonesimulator/Realtime.build/Realtime.DependencyStaticMetadataFileList --swift-const-vals-list /Users/runner/work/Album-Prag/Album-Prag/DerivedData/Build/Intermediates.noindex/Supabase.build/Debug-iphonesimulator/Realtime.build/Objects-normal/arm64/Realtime.SwiftConstValuesFileList --force --compile-time-extraction --deployment-aware-processing --validate-assistant-intents --no-app-shortcuts-localization
2026-10-05 12:41:24.947 appintentsmetadataprocessor[6714:30486] Starting appintentsmetadataprocessor export
2026-10-05 12:41:24.958 appintentsmetadataprocessor[6714:30486] Extracted no relevant App Intents symbols, skipping writing output

RegisterExecutionPolicyException /Users/runner/work/Album-Prag/Album-Prag/DerivedData/Build/Products/Debug-iphonesimulator/Realtime.o (in target 'Realtime' from project 'Supabase')
    cd /Users/runner/work/Album-Prag/Album-Prag/DerivedData/SourcePackages/checkouts/supabase-swift
    builtin-RegisterExecutionPolicyException /Users/runner/work/Album-Prag/Album-Prag/DerivedData/Build/Products/Debug-iphonesimulator/Realtime.o

SwiftEmitModule normal arm64 Emitting\ module\ for\ Supabase (in target 'Supabase' from project 'Supabase')

EmitSwiftModule normal arm64 (in target 'Supabase' from project 'Supabase')
    cd /Users/runner/work/Album-Prag/Album-Prag/Album.xcodeproj
    

SwiftCompile normal arm64 Compiling\ Constants.swift,\ Deprecated.swift /Users/runner/work/Album-Prag/Album-Prag/DerivedData/SourcePackages/checkouts/supabase-swift/Sources/Supabase/Constants.swift /Users/runner/work/Album-Prag/Album-Prag/DerivedData/SourcePackages/checkouts/supabase-swift/Sources/Supabase/Deprecated.swift (in target 'Supabase' from project 'Supabase')
SwiftCompile normal arm64 /Users/runner/work/Album-Prag/Album-Prag/DerivedData/SourcePackages/checkouts/supabase-swift/Sources/Supabase/Constants.swift (in target 'Supabase' from project 'Supabase')
    cd /Users/runner/work/Album-Prag/Album-Prag/Album.xcodeproj
    

SwiftCompile normal arm64 /Users/runner/work/Album-Prag/Album-Prag/DerivedData/SourcePackages/checkouts/supabase-swift/Sources/Supabase/Deprecated.swift (in target 'Supabase' from project 'Supabase')
    cd /Users/runner/work/Album-Prag/Album-Prag/Album.xcodeproj
    

SwiftCompile normal arm64 Compiling\ Tracing.swift,\ Types.swift /Users/runner/work/Album-Prag/Album-Prag/DerivedData/SourcePackages/checkouts/supabase-swift/Sources/Supabase/Tracing.swift /Users/runner/work/Album-Prag/Album-Prag/DerivedData/SourcePackages/checkouts/supabase-swift/Sources/Supabase/Types.swift (in target 'Supabase' from project 'Supabase')
SwiftCompile normal arm64 /Users/runner/work/Album-Prag/Album-Prag/DerivedData/SourcePackages/checkouts/supabase-swift/Sources/Supabase/Tracing.swift (in target 'Supabase' from project 'Supabase')
    cd /Users/runner/work/Album-Prag/Album-Prag/Album.xcodeproj
    

SwiftCompile normal arm64 /Users/runner/work/Album-Prag/Album-Prag/DerivedData/SourcePackages/checkouts/supabase-swift/Sources/Supabase/Types.swift (in target 'Supabase' from project 'Supabase')
    cd /Users/runner/work/Album-Prag/Album-Prag/Album.xcodeproj
    

SwiftCompile normal arm64 Compiling\ Exports.swift,\ SupabaseClient.swift /Users/runner/work/Album-Prag/Album-Prag/DerivedData/SourcePackages/checkouts/supabase-swift/Sources/Supabase/Exports.swift /Users/runner/work/Album-Prag/Album-Prag/DerivedData/SourcePackages/checkouts/supabase-swift/Sources/Supabase/SupabaseClient.swift (in target 'Supabase' from project 'Supabase')
SwiftCompile normal arm64 /Users/runner/work/Album-Prag/Album-Prag/DerivedData/SourcePackages/checkouts/supabase-swift/Sources/Supabase/Exports.swift (in target 'Supabase' from project 'Supabase')
    cd /Users/runner/work/Album-Prag/Album-Prag/Album.xcodeproj
    

SwiftCompile normal arm64 /Users/runner/work/Album-Prag/Album-Prag/DerivedData/SourcePackages/checkouts/supabase-swift/Sources/Supabase/SupabaseClient.swift (in target 'Supabase' from project 'Supabase')
    cd /Users/runner/work/Album-Prag/Album-Prag/Album.xcodeproj
    

SwiftDriverJobDiscovery normal arm64 Emitting module for Supabase (in target 'Supabase' from project 'Supabase')

SwiftDriver\ Compilation\ Requirements Supabase normal arm64 com.apple.xcode.tools.swift.compiler (in target 'Supabase' from project 'Supabase')
    cd /Users/runner/work/Album-Prag/Album-Prag/Album.xcodeproj
    builtin-Swift-Compilation-Requirements -- /Applications/Xcode_26.6.app/Contents/Developer/Toolchains/XcodeDefault.xctoolchain/usr/bin/swiftc -module-name Supabase -Onone @/Users/runner/work/Album-Prag/Album-Prag/DerivedData/Build/Intermediates.noindex/Supabase.build/Debug-iphonesimulator/Supabase.build/Objects-normal/arm64/Supabase.SwiftFileList -DSWIFT_PACKAGE -DDEBUG -DSWIFT_MODULE_RESOURCE_BUNDLE_UNAVAILABLE -DXcode -enable-upcoming-feature ExistentialAny -enable-upcoming-feature ImmutableWeakCaptures -enable-upcoming-feature InferIsolatedConformances -enable-upcoming-feature InternalImportsByDefault -enable-upcoming-feature MemberImportVisibility -plugin-path /Applications/Xcode_26.6.app/Contents/Developer/Toolchains/XcodeDefault.xctoolchain/usr/lib/swift/host/plugins/testing -enable-experimental-feature DebugDescriptionMacro -sdk /Applications/Xcode_26.6.app/Contents/Developer/Platforms/iPhoneSimulator.platform/Developer/SDKs/iPhoneSimulator26.5.sdk -target arm64-apple-ios16.0-simulator -g -module-cache-path /Users/runner/work/Album-Prag/Album-Prag/DerivedData/ModuleCache.noindex -Xfrontend -serialize-debugging-options -enable-testing -suppress-warnings -index-store-path /Users/runner/work/Album-Prag/Album-Prag/DerivedData/Index.noindex/DataStore -Xcc -D_LIBCPP_HARDENING_MODE\=_LIBCPP_HARDENING_MODE_DEBUG -swift-version 6 -I /Users/runner/work/Album-Prag/Album-Prag/DerivedData/Build/Products/Debug-iphonesimulator -Isystem /Applications/Xcode_26.6.app/Contents/Developer/Platforms/iPhoneSimulator.platform/Developer/usr/lib -F /Users/runner/work/Album-Prag/Album-Prag/DerivedData/Build/Products/Debug-iphonesimulator/PackageFrameworks -F /Users/runner/work/Album-Prag/Album-Prag/DerivedData/Build/Products/Debug-iphonesimulator/PackageFrameworks -F /Users/runner/work/Album-Prag/Album-Prag/DerivedData/Build/Products/Debug-iphonesimulator/PackageFrameworks -F /Users/runner/work/Album-Prag/Album-Prag/DerivedData/Build/Products/Debug-iphonesimulator/PackageFrameworks -F /Users/runner/work/Album-Prag/Album-Prag/DerivedData/Build/Products/Debug-iphonesimulator/PackageFrameworks -F /Users/runner/work/Album-Prag/Album-Prag/DerivedData/Build/Products/Debug-iphonesimulator/PackageFrameworks -F /Users/runner/work/Album-Prag/Album-Prag/DerivedData/Build/Products/Debug-iphonesimulator/PackageFrameworks -F /Users/runner/work/Album-Prag/Album-Prag/DerivedData/Build/Products/Debug-iphonesimulator/PackageFrameworks -F /Users/runner/work/Album-Prag/Album-Prag/DerivedData/Build/Products/Debug-iphonesimulator/PackageFrameworks -F /Users/runner/work/Album-Prag/Album-Prag/DerivedData/Build/Products/Debug-iphonesimulator/PackageFrameworks -F /Users/runner/work/Album-Prag/Album-Prag/DerivedData/Build/Products/Debug-iphonesimulator/PackageFrameworks -F /Users/runner/work/Album-Prag/Album-Prag/DerivedData/Build/Products/Debug-iphonesimulator/PackageFrameworks -F /Users/runner/work/Album-Prag/Album-Prag/DerivedData/Build/Products/Debug-iphonesimulator/PackageFrameworks -F /Users/runner/work/Album-Prag/Album-Prag/DerivedData/Build/Products/Debug-iphonesimulator -F /Applications/Xcode_26.6.app/Contents/Developer/Platforms/iPhoneSimulator.platform/Developer/Library/Frameworks -F /Applications/Xcode_26.6.app/Contents/Developer/Platforms/iPhoneSimulator.platform/Developer/SDKs/iPhoneSimulator26.5.sdk/Developer/Library/Frameworks -c -j3 -enable-batch-mode -incremental -Xcc -ivfsstatcache -Xcc /Users/runner/work/Album-Prag/Album-Prag/DerivedData/SDKStatCaches.noindex/iphonesimulator26.5-23F81a-688ef53f1462e2c8f657fdc38a81448ff45c64a1807a658693f2a61704f17a36.sdkstatcache -output-file-map /Users/runner/work/Album-Prag/Album-Prag/DerivedData/Build/Intermediates.noindex/Supabase.build/Debug-iphonesimulator/Supabase.build/Objects-normal/arm64/Supabase-OutputFileMap.json -use-frontend-parseable-output -save-temps -no-color-diagnostics -explicit-module-build -module-cache-path /Users/runner/work/Album-Prag/Album-Prag/DerivedData/Build/Intermediates.noindex/SwiftExplicitPrecompiledModules -clang-scanner-module-cache-path /Users/runner/work/Album-Prag/Album-Prag/DerivedData/ModuleCache.noindex -sdk-module-cache-path /Users/runner/work/Album-Prag/Album-Prag/DerivedData/ModuleCache.noindex -serialize-diagnostics -emit-dependencies -emit-module -emit-module-path /Users/runner/work/Album-Prag/Album-Prag/DerivedData/Build/Intermediates.noindex/Supabase.build/Debug-iphonesimulator/Supabase.build/Objects-normal/arm64/Supabase.swiftmodule -user-module-version 2.55.2 -validate-clang-modules-once -clang-build-session-file /Users/runner/work/Album-Prag/Album-Prag/DerivedData/ModuleCache.noindex/Session.modulevalidation -package-name supabase_swift -Xcc -I/Users/runner/work/Album-Prag/Album-Prag/DerivedData/Build/Intermediates.noindex/Supabase.build/Debug-iphonesimulator/Supabase.build/swift-overrides.hmap -emit-const-values -Xfrontend -const-gather-protocols-file -Xfrontend /Users/runner/work/Album-Prag/Album-Prag/DerivedData/Build/Intermediates.noindex/Supabase.build/Debug-iphonesimulator/Supabase.build/Objects-normal/arm64/Supabase_const_extract_protocols.json -Xcc -I/Users/runner/work/Album-Prag/Album-Prag/DerivedData/Build/Products/Debug-iphonesimulator/include -Xcc -I/Users/runner/work/Album-Prag/Album-Prag/DerivedData/Build/Intermediates.noindex/Supabase.build/Debug-iphonesimulator/Supabase.build/DerivedSources-normal/arm64 -Xcc -I/Users/runner/work/Album-Prag/Album-Prag/DerivedData/Build/Intermediates.noindex/Supabase.build/Debug-iphonesimulator/Supabase.build/DerivedSources/arm64 -Xcc -I/Users/runner/work/Album-Prag/Album-Prag/DerivedData/Build/Intermediates.noindex/Supabase.build/Debug-iphonesimulator/Supabase.build/DerivedSources -Xcc -DSWIFT_PACKAGE -Xcc -DDEBUG\=1 -emit-objc-header -emit-objc-header-path /Users/runner/work/Album-Prag/Album-Prag/DerivedData/Build/Intermediates.noindex/Supabase.build/Debug-iphonesimulator/Supabase.build/Objects-normal/arm64/Supabase-Swift.h -working-directory /Users/runner/work/Album-Prag/Album-Prag/Album.xcodeproj -experimental-emit-module-separately -disable-cmo

SwiftDriverJobDiscovery normal arm64 Compiling Constants.swift, Deprecated.swift (in target 'Supabase' from project 'Supabase')

SwiftMergeGeneratedHeaders /Users/runner/work/Album-Prag/Album-Prag/DerivedData/Build/Intermediates.noindex/GeneratedModuleMaps-iphonesimulator/Supabase-Swift.h /Users/runner/work/Album-Prag/Album-Prag/DerivedData/Build/Intermediates.noindex/Supabase.build/Debug-iphonesimulator/Supabase.build/Objects-normal/arm64/Supabase-Swift.h (in target 'Supabase' from project 'Supabase')
    cd /Users/runner/work/Album-Prag/Album-Prag/DerivedData/SourcePackages/checkouts/supabase-swift
    builtin-swiftHeaderTool -arch arm64 /Users/runner/work/Album-Prag/Album-Prag/DerivedData/Build/Intermediates.noindex/Supabase.build/Debug-iphonesimulator/Supabase.build/Objects-normal/arm64/Supabase-Swift.h -o /Users/runner/work/Album-Prag/Album-Prag/DerivedData/Build/Intermediates.noindex/GeneratedModuleMaps-iphonesimulator/Supabase-Swift.h

Copy /Users/runner/work/Album-Prag/Album-Prag/DerivedData/Build/Products/Debug-iphonesimulator/Supabase.swiftmodule/arm64-apple-ios-simulator.swiftmodule /Users/runner/work/Album-Prag/Album-Prag/DerivedData/Build/Intermediates.noindex/Supabase.build/Debug-iphonesimulator/Supabase.build/Objects-normal/arm64/Supabase.swiftmodule (in target 'Supabase' from project 'Supabase')
    cd /Users/runner/work/Album-Prag/Album-Prag/DerivedData/SourcePackages/checkouts/supabase-swift
    builtin-copy -exclude .DS_Store -exclude CVS -exclude .svn -exclude .git -exclude .hg -resolve-src-symlinks -rename /Users/runner/work/Album-Prag/Album-Prag/DerivedData/Build/Intermediates.noindex/Supabase.build/Debug-iphonesimulator/Supabase.build/Objects-normal/arm64/Supabase.swiftmodule /Users/runner/work/Album-Prag/Album-Prag/DerivedData/Build/Products/Debug-iphonesimulator/Supabase.swiftmodule/arm64-apple-ios-simulator.swiftmodule

Copy /Users/runner/work/Album-Prag/Album-Prag/DerivedData/Build/Products/Debug-iphonesimulator/Supabase.swiftmodule/arm64-apple-ios-simulator.swiftdoc /Users/runner/work/Album-Prag/Album-Prag/DerivedData/Build/Intermediates.noindex/Supabase.build/Debug-iphonesimulator/Supabase.build/Objects-normal/arm64/Supabase.swiftdoc (in target 'Supabase' from project 'Supabase')
    cd /Users/runner/work/Album-Prag/Album-Prag/DerivedData/SourcePackages/checkouts/supabase-swift
    builtin-copy -exclude .DS_Store -exclude CVS -exclude .svn -exclude .git -exclude .hg -resolve-src-symlinks -rename /Users/runner/work/Album-Prag/Album-Prag/DerivedData/Build/Intermediates.noindex/Supabase.build/Debug-iphonesimulator/Supabase.build/Objects-normal/arm64/Supabase.swiftdoc /Users/runner/work/Album-Prag/Album-Prag/DerivedData/Build/Products/Debug-iphonesimulator/Supabase.swiftmodule/arm64-apple-ios-simulator.swiftdoc

Copy /Users/runner/work/Album-Prag/Album-Prag/DerivedData/Build/Products/Debug-iphonesimulator/Supabase.swiftmodule/arm64-apple-ios-simulator.abi.json /Users/runner/work/Album-Prag/Album-Prag/DerivedData/Build/Intermediates.noindex/Supabase.build/Debug-iphonesimulator/Supabase.build/Objects-normal/arm64/Supabase.abi.json (in target 'Supabase' from project 'Supabase')
    cd /Users/runner/work/Album-Prag/Album-Prag/DerivedData/SourcePackages/checkouts/supabase-swift
    builtin-copy -exclude .DS_Store -exclude CVS -exclude .svn -exclude .git -exclude .hg -resolve-src-symlinks -rename /Users/runner/work/Album-Prag/Album-Prag/DerivedData/Build/Intermediates.noindex/Supabase.build/Debug-iphonesimulator/Supabase.build/Objects-normal/arm64/Supabase.abi.json /Users/runner/work/Album-Prag/Album-Prag/DerivedData/Build/Products/Debug-iphonesimulator/Supabase.swiftmodule/arm64-apple-ios-simulator.abi.json

Copy /Users/runner/work/Album-Prag/Album-Prag/DerivedData/Build/Products/Debug-iphonesimulator/Supabase.swiftmodule/Project/arm64-apple-ios-simulator.swiftsourceinfo /Users/runner/work/Album-Prag/Album-Prag/DerivedData/Build/Intermediates.noindex/Supabase.build/Debug-iphonesimulator/Supabase.build/Objects-normal/arm64/Supabase.swiftsourceinfo (in target 'Supabase' from project 'Supabase')
    cd /Users/runner/work/Album-Prag/Album-Prag/DerivedData/SourcePackages/checkouts/supabase-swift
    builtin-copy -exclude .DS_Store -exclude CVS -exclude .svn -exclude .git -exclude .hg -resolve-src-symlinks -rename /Users/runner/work/Album-Prag/Album-Prag/DerivedData/Build/Intermediates.noindex/Supabase.build/Debug-iphonesimulator/Supabase.build/Objects-normal/arm64/Supabase.swiftsourceinfo /Users/runner/work/Album-Prag/Album-Prag/DerivedData/Build/Products/Debug-iphonesimulator/Supabase.swiftmodule/Project/arm64-apple-ios-simulator.swiftsourceinfo

ProcessProductPackaging /Users/runner/work/Album-Prag/Album-Prag/Album/Album.entitlements /Users/runner/work/Album-Prag/Album-Prag/DerivedData/Build/Intermediates.noindex/Album.build/Debug-iphonesimulator/Album.build/Album.app.xcent (in target 'Album' from project 'Album')
    cd /Users/runner/work/Album-Prag/Album-Prag
    
    Entitlements:
    
    {
}
    
    builtin-productPackagingUtility /Users/runner/work/Album-Prag/Album-Prag/Album/Album.entitlements -entitlements -format xml -o /Users/runner/work/Album-Prag/Album-Prag/DerivedData/Build/Intermediates.noindex/Album.build/Debug-iphonesimulator/Album.build/Album.app.xcent

ProcessProductPackaging /Users/runner/work/Album-Prag/Album-Prag/Album/Album.entitlements /Users/runner/work/Album-Prag/Album-Prag/DerivedData/Build/Intermediates.noindex/Album.build/Debug-iphonesimulator/Album.build/Album.app-Simulated.xcent (in target 'Album' from project 'Album')
    cd /Users/runner/work/Album-Prag/Album-Prag
    
    Entitlements:
    
    {
    "application-identifier" = "FAKETEAMID.de.privatealbum.prague";
    "com.apple.security.application-groups" =     (
        "group.de.privatealbum.prague"
    );
}
    
    builtin-productPackagingUtility /Users/runner/work/Album-Prag/Album-Prag/Album/Album.entitlements -entitlements -format xml -o /Users/runner/work/Album-Prag/Album-Prag/DerivedData/Build/Intermediates.noindex/Album.build/Debug-iphonesimulator/Album.build/Album.app-Simulated.xcent

ProcessProductPackagingDER /Users/runner/work/Album-Prag/Album-Prag/DerivedData/Build/Intermediates.noindex/Album.build/Debug-iphonesimulator/Album.build/Album.app.xcent /Users/runner/work/Album-Prag/Album-Prag/DerivedData/Build/Intermediates.noindex/Album.build/Debug-iphonesimulator/Album.build/Album.app.xcent.der (in target 'Album' from project 'Album')
    cd /Users/runner/work/Album-Prag/Album-Prag
    /usr/bin/derq query -f xml -i /Users/runner/work/Album-Prag/Album-Prag/DerivedData/Build/Intermediates.noindex/Album.build/Debug-iphonesimulator/Album.build/Album.app.xcent -o /Users/runner/work/Album-Prag/Album-Prag/DerivedData/Build/Intermediates.noindex/Album.build/Debug-iphonesimulator/Album.build/Album.app.xcent.der --raw

ProcessProductPackagingDER /Users/runner/work/Album-Prag/Album-Prag/DerivedData/Build/Intermediates.noindex/Album.build/Debug-iphonesimulator/Album.build/Album.app-Simulated.xcent /Users/runner/work/Album-Prag/Album-Prag/DerivedData/Build/Intermediates.noindex/Album.build/Debug-iphonesimulator/Album.build/Album.app-Simulated.xcent.der (in target 'Album' from project 'Album')
    cd /Users/runner/work/Album-Prag/Album-Prag
    /usr/bin/derq query -f xml -i /Users/runner/work/Album-Prag/Album-Prag/DerivedData/Build/Intermediates.noindex/Album.build/Debug-iphonesimulator/Album.build/Album.app-Simulated.xcent -o /Users/runner/work/Album-Prag/Album-Prag/DerivedData/Build/Intermediates.noindex/Album.build/Debug-iphonesimulator/Album.build/Album.app-Simulated.xcent.der --raw

SwiftDriverJobDiscovery normal arm64 Compiling Tracing.swift, Types.swift (in target 'Supabase' from project 'Supabase')

MkDir /Users/runner/work/Album-Prag/Album-Prag/DerivedData/Build/Intermediates.noindex/Album.build/Debug-iphonesimulator/Album.build/assetcatalog_output/unthinned (in target 'Album' from project 'Album')
    cd /Users/runner/work/Album-Prag/Album-Prag
    /bin/mkdir -p /Users/runner/work/Album-Prag/Album-Prag/DerivedData/Build/Intermediates.noindex/Album.build/Debug-iphonesimulator/Album.build/assetcatalog_output/unthinned

MkDir /Users/runner/work/Album-Prag/Album-Prag/DerivedData/Build/Intermediates.noindex/Album.build/Debug-iphonesimulator/Album.build/assetcatalog_output/thinned (in target 'Album' from project 'Album')
    cd /Users/runner/work/Album-Prag/Album-Prag
    /bin/mkdir -p /Users/runner/work/Album-Prag/Album-Prag/DerivedData/Build/Intermediates.noindex/Album.build/Debug-iphonesimulator/Album.build/assetcatalog_output/thinned

GenerateAssetSymbols /Users/runner/work/Album-Prag/Album-Prag/Album/Assets.xcassets (in target 'Album' from project 'Album')
    cd /Users/runner/work/Album-Prag/Album-Prag
    /Applications/Xcode_26.6.app/Contents/Developer/usr/bin/actool /Users/runner/work/Album-Prag/Album-Prag/Album/Assets.xcassets --compile /Users/runner/work/Album-Prag/Album-Prag/DerivedData/Build/Products/Debug-iphonesimulator/Album.app --output-format human-readable-text --notices --warnings --export-dependency-info /Users/runner/work/Album-Prag/Album-Prag/DerivedData/Build/Intermediates.noindex/Album.build/Debug-iphonesimulator/Album.build/assetcatalog_dependencies --output-partial-info-plist /Users/runner/work/Album-Prag/Album-Prag/DerivedData/Build/Intermediates.noindex/Album.build/Debug-iphonesimulator/Album.build/assetcatalog_generated_info.plist --app-icon AppIcon --compress-pngs --enable-on-demand-resources YES --development-region en --target-device iphone --target-device ipad --minimum-deployment-target 17.0 --platform iphonesimulator --bundle-identifier de.privatealbum.prague --generate-swift-asset-symbol-extensions NO --generate-swift-asset-symbols /Users/runner/work/Album-Prag/Album-Prag/DerivedData/Build/Intermediates.noindex/Album.build/Debug-iphonesimulator/Album.build/DerivedSources/GeneratedAssetSymbols.swift --generate-objc-asset-symbols /Users/runner/work/Album-Prag/Album-Prag/DerivedData/Build/Intermediates.noindex/Album.build/Debug-iphonesimulator/Album.build/DerivedSources/GeneratedAssetSymbols.h --generate-asset-symbol-index /Users/runner/work/Album-Prag/Album-Prag/DerivedData/Build/Intermediates.noindex/Album.build/Debug-iphonesimulator/Album.build/DerivedSources/GeneratedAssetSymbols-Index.plist
/* com.apple.actool.compilation-results */
/Users/runner/work/Album-Prag/Album-Prag/DerivedData/Build/Intermediates.noindex/Album.build/Debug-iphonesimulator/Album.build/DerivedSources/GeneratedAssetSymbols-Index.plist
/Users/runner/work/Album-Prag/Album-Prag/DerivedData/Build/Intermediates.noindex/Album.build/Debug-iphonesimulator/Album.build/DerivedSources/GeneratedAssetSymbols.h
/Users/runner/work/Album-Prag/Album-Prag/DerivedData/Build/Intermediates.noindex/Album.build/Debug-iphonesimulator/Album.build/DerivedSources/GeneratedAssetSymbols.swift


CompileAssetCatalogVariant thinned /Users/runner/work/Album-Prag/Album-Prag/DerivedData/Build/Products/Debug-iphonesimulator/Album.app /Users/runner/work/Album-Prag/Album-Prag/Album/Assets.xcassets (in target 'Album' from project 'Album')
    cd /Users/runner/work/Album-Prag/Album-Prag
    /Applications/Xcode_26.6.app/Contents/Developer/usr/bin/actool /Users/runner/work/Album-Prag/Album-Prag/Album/Assets.xcassets --compile /Users/runner/work/Album-Prag/Album-Prag/DerivedData/Build/Intermediates.noindex/Album.build/Debug-iphonesimulator/Album.build/assetcatalog_output/thinned --output-format human-readable-text --notices --warnings --export-dependency-info /Users/runner/work/Album-Prag/Album-Prag/DerivedData/Build/Intermediates.noindex/Album.build/Debug-iphonesimulator/Album.build/assetcatalog_dependencies_thinned --output-partial-info-plist /Users/runner/work/Album-Prag/Album-Prag/DerivedData/Build/Intermediates.noindex/Album.build/Debug-iphonesimulator/Album.build/assetcatalog_generated_info.plist_thinned --app-icon AppIcon --compress-pngs --enable-on-demand-resources YES --filter-for-thinning-device-configuration iPhone18,1 --filter-for-device-os-version 26.5 --development-region en --target-device iphone --target-device ipad --minimum-deployment-target 17.0 --platform iphonesimulator
/* com.apple.actool.compilation-results */
/Users/runner/work/Album-Prag/Album-Prag/DerivedData/Build/Intermediates.noindex/Album.build/Debug-iphonesimulator/Album.build/assetcatalog_generated_info.plist_thinned
/Users/runner/work/Album-Prag/Album-Prag/DerivedData/Build/Intermediates.noindex/Album.build/Debug-iphonesimulator/Album.build/assetcatalog_output/thinned/AppIcon60x60@2x.png
/Users/runner/work/Album-Prag/Album-Prag/DerivedData/Build/Intermediates.noindex/Album.build/Debug-iphonesimulator/Album.build/assetcatalog_output/thinned/AppIcon76x76@2x~ipad.png
/Users/runner/work/Album-Prag/Album-Prag/DerivedData/Build/Intermediates.noindex/Album.build/Debug-iphonesimulator/Album.build/assetcatalog_output/thinned/Assets.car


SwiftDriverJobDiscovery normal arm64 Compiling Exports.swift, SupabaseClient.swift (in target 'Supabase' from project 'Supabase')

SwiftDriver\ Compilation Supabase normal arm64 com.apple.xcode.tools.swift.compiler (in target 'Supabase' from project 'Supabase')
    cd /Users/runner/work/Album-Prag/Album-Prag/Album.xcodeproj
    builtin-Swift-Compilation -- /Applications/Xcode_26.6.app/Contents/Developer/Toolchains/XcodeDefault.xctoolchain/usr/bin/swiftc -module-name Supabase -Onone @/Users/runner/work/Album-Prag/Album-Prag/DerivedData/Build/Intermediates.noindex/Supabase.build/Debug-iphonesimulator/Supabase.build/Objects-normal/arm64/Supabase.SwiftFileList -DSWIFT_PACKAGE -DDEBUG -DSWIFT_MODULE_RESOURCE_BUNDLE_UNAVAILABLE -DXcode -enable-upcoming-feature ExistentialAny -enable-upcoming-feature ImmutableWeakCaptures -enable-upcoming-feature InferIsolatedConformances -enable-upcoming-feature InternalImportsByDefault -enable-upcoming-feature MemberImportVisibility -plugin-path /Applications/Xcode_26.6.app/Contents/Developer/Toolchains/XcodeDefault.xctoolchain/usr/lib/swift/host/plugins/testing -enable-experimental-feature DebugDescriptionMacro -sdk /Applications/Xcode_26.6.app/Contents/Developer/Platforms/iPhoneSimulator.platform/Developer/SDKs/iPhoneSimulator26.5.sdk -target arm64-apple-ios16.0-simulator -g -module-cache-path /Users/runner/work/Album-Prag/Album-Prag/DerivedData/ModuleCache.noindex -Xfrontend -serialize-debugging-options -enable-testing -suppress-warnings -index-store-path /Users/runner/work/Album-Prag/Album-Prag/DerivedData/Index.noindex/DataStore -Xcc -D_LIBCPP_HARDENING_MODE\=_LIBCPP_HARDENING_MODE_DEBUG -swift-version 6 -I /Users/runner/work/Album-Prag/Album-Prag/DerivedData/Build/Products/Debug-iphonesimulator -Isystem /Applications/Xcode_26.6.app/Contents/Developer/Platforms/iPhoneSimulator.platform/Developer/usr/lib -F /Users/runner/work/Album-Prag/Album-Prag/DerivedData/Build/Products/Debug-iphonesimulator/PackageFrameworks -F /Users/runner/work/Album-Prag/Album-Prag/DerivedData/Build/Products/Debug-iphonesimulator/PackageFrameworks -F /Users/runner/work/Album-Prag/Album-Prag/DerivedData/Build/Products/Debug-iphonesimulator/PackageFrameworks -F /Users/runner/work/Album-Prag/Album-Prag/DerivedData/Build/Products/Debug-iphonesimulator/PackageFrameworks -F /Users/runner/work/Album-Prag/Album-Prag/DerivedData/Build/Products/Debug-iphonesimulator/PackageFrameworks -F /Users/runner/work/Album-Prag/Album-Prag/DerivedData/Build/Products/Debug-iphonesimulator/PackageFrameworks -F /Users/runner/work/Album-Prag/Album-Prag/DerivedData/Build/Products/Debug-iphonesimulator/PackageFrameworks -F /Users/runner/work/Album-Prag/Album-Prag/DerivedData/Build/Products/Debug-iphonesimulator/PackageFrameworks -F /Users/runner/work/Album-Prag/Album-Prag/DerivedData/Build/Products/Debug-iphonesimulator/PackageFrameworks -F /Users/runner/work/Album-Prag/Album-Prag/DerivedData/Build/Products/Debug-iphonesimulator/PackageFrameworks -F /Users/runner/work/Album-Prag/Album-Prag/DerivedData/Build/Products/Debug-iphonesimulator/PackageFrameworks -F /Users/runner/work/Album-Prag/Album-Prag/DerivedData/Build/Products/Debug-iphonesimulator/PackageFrameworks -F /Users/runner/work/Album-Prag/Album-Prag/DerivedData/Build/Products/Debug-iphonesimulator/PackageFrameworks -F /Users/runner/work/Album-Prag/Album-Prag/DerivedData/Build/Products/Debug-iphonesimulator -F /Applications/Xcode_26.6.app/Contents/Developer/Platforms/iPhoneSimulator.platform/Developer/Library/Frameworks -F /Applications/Xcode_26.6.app/Contents/Developer/Platforms/iPhoneSimulator.platform/Developer/SDKs/iPhoneSimulator26.5.sdk/Developer/Library/Frameworks -c -j3 -enable-batch-mode -incremental -Xcc -ivfsstatcache -Xcc /Users/runner/work/Album-Prag/Album-Prag/DerivedData/SDKStatCaches.noindex/iphonesimulator26.5-23F81a-688ef53f1462e2c8f657fdc38a81448ff45c64a1807a658693f2a61704f17a36.sdkstatcache -output-file-map /Users/runner/work/Album-Prag/Album-Prag/DerivedData/Build/Intermediates.noindex/Supabase.build/Debug-iphonesimulator/Supabase.build/Objects-normal/arm64/Supabase-OutputFileMap.json -use-frontend-parseable-output -save-temps -no-color-diagnostics -explicit-module-build -module-cache-path /Users/runner/work/Album-Prag/Album-Prag/DerivedData/Build/Intermediates.noindex/SwiftExplicitPrecompiledModules -clang-scanner-module-cache-path /Users/runner/work/Album-Prag/Album-Prag/DerivedData/ModuleCache.noindex -sdk-module-cache-path /Users/runner/work/Album-Prag/Album-Prag/DerivedData/ModuleCache.noindex -serialize-diagnostics -emit-dependencies -emit-module -emit-module-path /Users/runner/work/Album-Prag/Album-Prag/DerivedData/Build/Intermediates.noindex/Supabase.build/Debug-iphonesimulator/Supabase.build/Objects-normal/arm64/Supabase.swiftmodule -user-module-version 2.55.2 -validate-clang-modules-once -clang-build-session-file /Users/runner/work/Album-Prag/Album-Prag/DerivedData/ModuleCache.noindex/Session.modulevalidation -package-name supabase_swift -Xcc -I/Users/runner/work/Album-Prag/Album-Prag/DerivedData/Build/Intermediates.noindex/Supabase.build/Debug-iphonesimulator/Supabase.build/swift-overrides.hmap -emit-const-values -Xfrontend -const-gather-protocols-file -Xfrontend /Users/runner/work/Album-Prag/Album-Prag/DerivedData/Build/Intermediates.noindex/Supabase.build/Debug-iphonesimulator/Supabase.build/Objects-normal/arm64/Supabase_const_extract_protocols.json -Xcc -I/Users/runner/work/Album-Prag/Album-Prag/DerivedData/Build/Products/Debug-iphonesimulator/include -Xcc -I/Users/runner/work/Album-Prag/Album-Prag/DerivedData/Build/Intermediates.noindex/Supabase.build/Debug-iphonesimulator/Supabase.build/DerivedSources-normal/arm64 -Xcc -I/Users/runner/work/Album-Prag/Album-Prag/DerivedData/Build/Intermediates.noindex/Supabase.build/Debug-iphonesimulator/Supabase.build/DerivedSources/arm64 -Xcc -I/Users/runner/work/Album-Prag/Album-Prag/DerivedData/Build/Intermediates.noindex/Supabase.build/Debug-iphonesimulator/Supabase.build/DerivedSources -Xcc -DSWIFT_PACKAGE -Xcc -DDEBUG\=1 -emit-objc-header -emit-objc-header-path /Users/runner/work/Album-Prag/Album-Prag/DerivedData/Build/Intermediates.noindex/Supabase.build/Debug-iphonesimulator/Supabase.build/Objects-normal/arm64/Supabase-Swift.h -working-directory /Users/runner/work/Album-Prag/Album-Prag/Album.xcodeproj -experimental-emit-module-separately -disable-cmo

Ld /Users/runner/work/Album-Prag/Album-Prag/DerivedData/Build/Products/Debug-iphonesimulator/Supabase.o normal (in target 'Supabase' from project 'Supabase')
    cd /Users/runner/work/Album-Prag/Album-Prag/DerivedData/SourcePackages/checkouts/supabase-swift
    /Applications/Xcode_26.6.app/Contents/Developer/Toolchains/XcodeDefault.xctoolchain/usr/bin/clang -Xlinker -reproducible -target arm64-apple-ios16.0-simulator -r -isysroot /Applications/Xcode_26.6.app/Contents/Developer/Platforms/iPhoneSimulator.platform/Developer/SDKs/iPhoneSimulator26.5.sdk -O0 -w -F/Users/runner/work/Album-Prag/Album-Prag/DerivedData/Build/Intermediates.noindex/EagerLinkingTBDs/Debug-iphonesimulator -F/Users/runner/work/Album-Prag/Album-Prag/DerivedData/Build/Products/Debug-iphonesimulator/PackageFrameworks -F/Users/runner/work/Album-Prag/Album-Prag/DerivedData/Build/Products/Debug-iphonesimulator/PackageFrameworks -F/Users/runner/work/Album-Prag/Album-Prag/DerivedData/Build/Products/Debug-iphonesimulator/PackageFrameworks -F/Users/runner/work/Album-Prag/Album-Prag/DerivedData/Build/Products/Debug-iphonesimulator/PackageFrameworks -F/Users/runner/work/Album-Prag/Album-Prag/DerivedData/Build/Products/Debug-iphonesimulator/PackageFrameworks -F/Users/runner/work/Album-Prag/Album-Prag/DerivedData/Build/Products/Debug-iphonesimulator/PackageFrameworks -F/Users/runner/work/Album-Prag/Album-Prag/DerivedData/Build/Products/Debug-iphonesimulator/PackageFrameworks -F/Users/runner/work/Album-Prag/Album-Prag/DerivedData/Build/Products/Debug-iphonesimulator/PackageFrameworks -F/Users/runner/work/Album-Prag/Album-Prag/DerivedData/Build/Products/Debug-iphonesimulator/PackageFrameworks -F/Users/runner/work/Album-Prag/Album-Prag/DerivedData/Build/Products/Debug-iphonesimulator/PackageFrameworks -F/Users/runner/work/Album-Prag/Album-Prag/DerivedData/Build/Products/Debug-iphonesimulator/PackageFrameworks -F/Users/runner/work/Album-Prag/Album-Prag/DerivedData/Build/Products/Debug-iphonesimulator/PackageFrameworks -F/Users/runner/work/Album-Prag/Album-Prag/DerivedData/Build/Products/Debug-iphonesimulator/PackageFrameworks -F/Users/runner/work/Album-Prag/Album-Prag/DerivedData/Build/Products/Debug-iphonesimulator -iframework /Applications/Xcode_26.6.app/Contents/Developer/Platforms/iPhoneSimulator.platform/Developer/Library/Frameworks -iframework /Applications/Xcode_26.6.app/Contents/Developer/Platforms/iPhoneSimulator.platform/Developer/SDKs/iPhoneSimulator26.5.sdk/Developer/Library/Frameworks -filelist /Users/runner/work/Album-Prag/Album-Prag/DerivedData/Build/Intermediates.noindex/Supabase.build/Debug-iphonesimulator/Supabase.build/Objects-normal/arm64/Supabase.LinkFileList -nostdlib -Xlinker -object_path_lto -Xlinker /Users/runner/work/Album-Prag/Album-Prag/DerivedData/Build/Intermediates.noindex/Supabase.build/Debug-iphonesimulator/Supabase.build/Objects-normal/arm64/Supabase_lto.o -Xlinker -no_deduplicate -Xlinker -objc_abi_version -Xlinker 2 -Xlinker -dependency_info -Xlinker /Users/runner/work/Album-Prag/Album-Prag/DerivedData/Build/Intermediates.noindex/Supabase.build/Debug-iphonesimulator/Supabase.build/Objects-normal/arm64/Supabase_dependency_info.dat -fobjc-link-runtime -L/Applications/Xcode_26.6.app/Contents/Developer/Toolchains/XcodeDefault.xctoolchain/usr/lib/swift/iphonesimulator -L/usr/lib/swift -Xlinker -add_ast_path -Xlinker /Users/runner/work/Album-Prag/Album-Prag/DerivedData/Build/Intermediates.noindex/Supabase.build/Debug-iphonesimulator/Supabase.build/Objects-normal/arm64/Supabase.swiftmodule @/Users/runner/work/Album-Prag/Album-Prag/DerivedData/Build/Intermediates.noindex/Supabase.build/Debug-iphonesimulator/Supabase.build/Objects-normal/arm64/Supabase-linker-args.resp -o /Users/runner/work/Album-Prag/Album-Prag/DerivedData/Build/Products/Debug-iphonesimulator/Supabase.o

ExtractAppIntentsMetadata (in target 'Supabase' from project 'Supabase')
    cd /Users/runner/work/Album-Prag/Album-Prag/DerivedData/SourcePackages/checkouts/supabase-swift
    /Applications/Xcode_26.6.app/Contents/Developer/Toolchains/XcodeDefault.xctoolchain/usr/bin/appintentsmetadataprocessor --toolchain-dir /var/run/com.apple.security.cryptexd/mnt/com.apple.MobileAsset.MetalToolchain-v17.6.109.0.3IcKNH/Metal.xctoolchain --module-name Supabase --sdk-root /Applications/Xcode_26.6.app/Contents/Developer/Platforms/iPhoneSimulator.platform/Developer/SDKs/iPhoneSimulator26.5.sdk --xcode-version 17F113 --platform-family iOS --deployment-target 16.0 --bundle-identifier supabase-swift.Supabase --output /Users/runner/work/Album-Prag/Album-Prag/DerivedData/Build/Products/Debug-iphonesimulator/Supabase.appintents --target-triple arm64-apple-ios16.0-simulator --binary-file /Users/runner/work/Album-Prag/Album-Prag/DerivedData/Build/Products/Debug-iphonesimulator/Supabase.o --dependency-file /Users/runner/work/Album-Prag/Album-Prag/DerivedData/Build/Intermediates.noindex/Supabase.build/Debug-iphonesimulator/Supabase.build/Objects-normal/arm64/Supabase_dependency_info.dat --stringsdata-file /Users/runner/work/Album-Prag/Album-Prag/DerivedData/Build/Intermediates.noindex/Supabase.build/Debug-iphonesimulator/Supabase.build/Objects-normal/arm64/ExtractedAppShortcutsMetadata.stringsdata --source-file-list /Users/runner/work/Album-Prag/Album-Prag/DerivedData/Build/Intermediates.noindex/Supabase.build/Debug-iphonesimulator/Supabase.build/Objects-normal/arm64/Supabase.SwiftFileList --metadata-file-list /Users/runner/work/Album-Prag/Album-Prag/DerivedData/Build/Intermediates.noindex/Supabase.build/Debug-iphonesimulator/Supabase.build/Supabase.DependencyMetadataFileList --static-metadata-file-list /Users/runner/work/Album-Prag/Album-Prag/DerivedData/Build/Intermediates.noindex/Supabase.build/Debug-iphonesimulator/Supabase.build/Supabase.DependencyStaticMetadataFileList --swift-const-vals-list /Users/runner/work/Album-Prag/Album-Prag/DerivedData/Build/Intermediates.noindex/Supabase.build/Debug-iphonesimulator/Supabase.build/Objects-normal/arm64/Supabase.SwiftConstValuesFileList --force --compile-time-extraction --deployment-aware-processing --validate-assistant-intents --no-app-shortcuts-localization
2026-10-05 12:41:26.630 appintentsmetadataprocessor[6727:30559] Starting appintentsmetadataprocessor export
2026-10-05 12:41:26.648 appintentsmetadataprocessor[6727:30559] Extracted no relevant App Intents symbols, skipping writing output

RegisterExecutionPolicyException /Users/runner/work/Album-Prag/Album-Prag/DerivedData/Build/Products/Debug-iphonesimulator/Supabase.o (in target 'Supabase' from project 'Supabase')
    cd /Users/runner/work/Album-Prag/Album-Prag/DerivedData/SourcePackages/checkouts/supabase-swift
    builtin-RegisterExecutionPolicyException /Users/runner/work/Album-Prag/Album-Prag/DerivedData/Build/Products/Debug-iphonesimulator/Supabase.o

Ld /Users/runner/work/Album-Prag/Album-Prag/DerivedData/Build/Products/Debug-iphonesimulator/Album.app/__preview.dylib normal (in target 'Album' from project 'Album')
    cd /Users/runner/work/Album-Prag/Album-Prag
    /Applications/Xcode_26.6.app/Contents/Developer/Toolchains/XcodeDefault.xctoolchain/usr/bin/clang -Xlinker -reproducible -target arm64-apple-ios17.0-simulator -dynamiclib -isysroot /Applications/Xcode_26.6.app/Contents/Developer/Platforms/iPhoneSimulator.platform/Developer/SDKs/iPhoneSimulator26.5.sdk -O0 -L/Users/runner/work/Album-Prag/Album-Prag/DerivedData/Build/Products/Debug-iphonesimulator -F/Users/runner/work/Album-Prag/Album-Prag/DerivedData/Build/Products/Debug-iphonesimulator/PackageFrameworks -F/Users/runner/work/Album-Prag/Album-Prag/DerivedData/Build/Products/Debug-iphonesimulator/PackageFrameworks -F/Users/runner/work/Album-Prag/Album-Prag/DerivedData/Build/Products/Debug-iphonesimulator/PackageFrameworks -F/Users/runner/work/Album-Prag/Album-Prag/DerivedData/Build/Products/Debug-iphonesimulator/PackageFrameworks -F/Users/runner/work/Album-Prag/Album-Prag/DerivedData/Build/Products/Debug-iphonesimulator/PackageFrameworks -F/Users/runner/work/Album-Prag/Album-Prag/DerivedData/Build/Products/Debug-iphonesimulator/PackageFrameworks -F/Users/runner/work/Album-Prag/Album-Prag/DerivedData/Build/Products/Debug-iphonesimulator/PackageFrameworks -F/Users/runner/work/Album-Prag/Album-Prag/DerivedData/Build/Products/Debug-iphonesimulator/PackageFrameworks -F/Users/runner/work/Album-Prag/Album-Prag/DerivedData/Build/Products/Debug-iphonesimulator/PackageFrameworks -F/Users/runner/work/Album-Prag/Album-Prag/DerivedData/Build/Products/Debug-iphonesimulator/PackageFrameworks -F/Users/runner/work/Album-Prag/Album-Prag/DerivedData/Build/Products/Debug-iphonesimulator/PackageFrameworks -F/Users/runner/work/Album-Prag/Album-Prag/DerivedData/Build/Products/Debug-iphonesimulator/PackageFrameworks -F/Users/runner/work/Album-Prag/Album-Prag/DerivedData/Build/Products/Debug-iphonesimulator/PackageFrameworks -F/Users/runner/work/Album-Prag/Album-Prag/DerivedData/Build/Products/Debug-iphonesimulator/PackageFrameworks -F/Users/runner/work/Album-Prag/Album-Prag/DerivedData/Build/Products/Debug-iphonesimulator -install_name @rpath/Album.debug.dylib -Xlinker -dead_strip -rdynamic -Xlinker -no_deduplicate -Xlinker -objc_abi_version -Xlinker 2 -Xlinker -dependency_info -Xlinker /Users/runner/work/Album-Prag/Album-Prag/DerivedData/Build/Intermediates.noindex/Album.build/Debug-iphonesimulator/Album.build/Objects-normal/arm64/Album_dependency_info.dat -Xlinker -sectcreate -Xlinker __TEXT -Xlinker __entitlements -Xlinker /Users/runner/work/Album-Prag/Album-Prag/DerivedData/Build/Intermediates.noindex/Album.build/Debug-iphonesimulator/Album.build/Album.app-Simulated.xcent -Xlinker -sectcreate -Xlinker __TEXT -Xlinker __ents_der -Xlinker /Users/runner/work/Album-Prag/Album-Prag/DerivedData/Build/Intermediates.noindex/Album.build/Debug-iphonesimulator/Album.build/Album.app-Simulated.xcent.der -Xlinker -no_adhoc_codesign -o /Users/runner/work/Album-Prag/Album-Prag/DerivedData/Build/Products/Debug-iphonesimulator/Album.app/__preview.dylib

CpResource /Users/runner/work/Album-Prag/Album-Prag/DerivedData/Build/Products/Debug-iphonesimulator/Album.app/tram-bell.riv /Users/runner/work/Album-Prag/Album-Prag/Album/Resources/tram-bell.riv (in target 'Album' from project 'Album')
    cd /Users/runner/work/Album-Prag/Album-Prag
    builtin-copy -exclude .DS_Store -exclude CVS -exclude .svn -exclude .git -exclude .hg -resolve-src-symlinks /Users/runner/work/Album-Prag/Album-Prag/Album/Resources/tram-bell.riv /Users/runner/work/Album-Prag/Album-Prag/DerivedData/Build/Products/Debug-iphonesimulator/Album.app

CpResource /Users/runner/work/Album-Prag/Album-Prag/DerivedData/Build/Products/Debug-iphonesimulator/Album.app/PrivacyInfo.xcprivacy /Users/runner/work/Album-Prag/Album-Prag/Album/PrivacyInfo.xcprivacy (in target 'Album' from project 'Album')
    cd /Users/runner/work/Album-Prag/Album-Prag
    builtin-copy -exclude .DS_Store -exclude CVS -exclude .svn -exclude .git -exclude .hg -resolve-src-symlinks /Users/runner/work/Album-Prag/Album-Prag/Album/PrivacyInfo.xcprivacy /Users/runner/work/Album-Prag/Album-Prag/DerivedData/Build/Products/Debug-iphonesimulator/Album.app

CpResource /Users/runner/work/Album-Prag/Album-Prag/DerivedData/Build/Products/Debug-iphonesimulator/Album.app/OFL-InstrumentSerif.txt /Users/runner/work/Album-Prag/Album-Prag/Album/Fonts/OFL-InstrumentSerif.txt (in target 'Album' from project 'Album')
    cd /Users/runner/work/Album-Prag/Album-Prag
    builtin-copy -exclude .DS_Store -exclude CVS -exclude .svn -exclude .git -exclude .hg -resolve-src-symlinks /Users/runner/work/Album-Prag/Album-Prag/Album/Fonts/OFL-InstrumentSerif.txt /Users/runner/work/Album-Prag/Album-Prag/DerivedData/Build/Products/Debug-iphonesimulator/Album.app

CpResource /Users/runner/work/Album-Prag/Album-Prag/DerivedData/Build/Products/Debug-iphonesimulator/Album.app/OFL-Fraunces.txt /Users/runner/work/Album-Prag/Album-Prag/Album/Fonts/OFL-Fraunces.txt (in target 'Album' from project 'Album')
    cd /Users/runner/work/Album-Prag/Album-Prag
    builtin-copy -exclude .DS_Store -exclude CVS -exclude .svn -exclude .git -exclude .hg -resolve-src-symlinks /Users/runner/work/Album-Prag/Album-Prag/Album/Fonts/OFL-Fraunces.txt /Users/runner/work/Album-Prag/Album-Prag/DerivedData/Build/Products/Debug-iphonesimulator/Album.app

CpResource /Users/runner/work/Album-Prag/Album-Prag/DerivedData/Build/Products/Debug-iphonesimulator/Album.app/InstrumentSerif.ttf /Users/runner/work/Album-Prag/Album-Prag/Album/Resources/InstrumentSerif.ttf (in target 'Album' from project 'Album')
    cd /Users/runner/work/Album-Prag/Album-Prag
    builtin-copy -exclude .DS_Store -exclude CVS -exclude .svn -exclude .git -exclude .hg -resolve-src-symlinks /Users/runner/work/Album-Prag/Album-Prag/Album/Resources/InstrumentSerif.ttf /Users/runner/work/Album-Prag/Album-Prag/DerivedData/Build/Products/Debug-iphonesimulator/Album.app

CpResource /Users/runner/work/Album-Prag/Album-Prag/DerivedData/Build/Products/Debug-iphonesimulator/Album.app/InstrumentSerif-Regular.ttf /Users/runner/work/Album-Prag/Album-Prag/Album/Fonts/InstrumentSerif-Regular.ttf (in target 'Album' from project 'Album')
    cd /Users/runner/work/Album-Prag/Album-Prag
    builtin-copy -exclude .DS_Store -exclude CVS -exclude .svn -exclude .git -exclude .hg -resolve-src-symlinks /Users/runner/work/Album-Prag/Album-Prag/Album/Fonts/InstrumentSerif-Regular.ttf /Users/runner/work/Album-Prag/Album-Prag/DerivedData/Build/Products/Debug-iphonesimulator/Album.app

CpResource /Users/runner/work/Album-Prag/Album-Prag/DerivedData/Build/Products/Debug-iphonesimulator/Album.app/InstrumentSerif-OFL.txt /Users/runner/work/Album-Prag/Album-Prag/Album/Resources/InstrumentSerif-OFL.txt (in target 'Album' from project 'Album')
    cd /Users/runner/work/Album-Prag/Album-Prag
    builtin-copy -exclude .DS_Store -exclude CVS -exclude .svn -exclude .git -exclude .hg -resolve-src-symlinks /Users/runner/work/Album-Prag/Album-Prag/Album/Resources/InstrumentSerif-OFL.txt /Users/runner/work/Album-Prag/Album-Prag/DerivedData/Build/Products/Debug-iphonesimulator/Album.app

CpResource /Users/runner/work/Album-Prag/Album-Prag/DerivedData/Build/Products/Debug-iphonesimulator/Album.app/IBMPlexSans.ttf /Users/runner/work/Album-Prag/Album-Prag/Album/Resources/IBMPlexSans.ttf (in target 'Album' from project 'Album')
    cd /Users/runner/work/Album-Prag/Album-Prag
    builtin-copy -exclude .DS_Store -exclude CVS -exclude .svn -exclude .git -exclude .hg -resolve-src-symlinks /Users/runner/work/Album-Prag/Album-Prag/Album/Resources/IBMPlexSans.ttf /Users/runner/work/Album-Prag/Album-Prag/DerivedData/Build/Products/Debug-iphonesimulator/Album.app

CpResource /Users/runner/work/Album-Prag/Album-Prag/DerivedData/Build/Products/Debug-iphonesimulator/Album.app/IBMPlexSans-OFL.txt /Users/runner/work/Album-Prag/Album-Prag/Album/Resources/IBMPlexSans-OFL.txt (in target 'Album' from project 'Album')
    cd /Users/runner/work/Album-Prag/Album-Prag
    builtin-copy -exclude .DS_Store -exclude CVS -exclude .svn -exclude .git -exclude .hg -resolve-src-symlinks /Users/runner/work/Album-Prag/Album-Prag/Album/Resources/IBMPlexSans-OFL.txt /Users/runner/work/Album-Prag/Album-Prag/DerivedData/Build/Products/Debug-iphonesimulator/Album.app

CpResource /Users/runner/work/Album-Prag/Album-Prag/DerivedData/Build/Products/Debug-iphonesimulator/Album.app/IBMPlexMono.ttf /Users/runner/work/Album-Prag/Album-Prag/Album/Resources/IBMPlexMono.ttf (in target 'Album' from project 'Album')
    cd /Users/runner/work/Album-Prag/Album-Prag
    builtin-copy -exclude .DS_Store -exclude CVS -exclude .svn -exclude .git -exclude .hg -resolve-src-symlinks /Users/runner/work/Album-Prag/Album-Prag/Album/Resources/IBMPlexMono.ttf /Users/runner/work/Album-Prag/Album-Prag/DerivedData/Build/Products/Debug-iphonesimulator/Album.app

CpResource /Users/runner/work/Album-Prag/Album-Prag/DerivedData/Build/Products/Debug-iphonesimulator/Album.app/IBMPlexMono-OFL.txt /Users/runner/work/Album-Prag/Album-Prag/Album/Resources/IBMPlexMono-OFL.txt (in target 'Album' from project 'Album')
    cd /Users/runner/work/Album-Prag/Album-Prag
    builtin-copy -exclude .DS_Store -exclude CVS -exclude .svn -exclude .git -exclude .hg -resolve-src-symlinks /Users/runner/work/Album-Prag/Album-Prag/Album/Resources/IBMPlexMono-OFL.txt /Users/runner/work/Album-Prag/Album-Prag/DerivedData/Build/Products/Debug-iphonesimulator/Album.app

CpResource /Users/runner/work/Album-Prag/Album-Prag/DerivedData/Build/Products/Debug-iphonesimulator/Album.app/Fraunces.ttf /Users/runner/work/Album-Prag/Album-Prag/Album/Resources/Fraunces.ttf (in target 'Album' from project 'Album')
    cd /Users/runner/work/Album-Prag/Album-Prag
    builtin-copy -exclude .DS_Store -exclude CVS -exclude .svn -exclude .git -exclude .hg -resolve-src-symlinks /Users/runner/work/Album-Prag/Album-Prag/Album/Resources/Fraunces.ttf /Users/runner/work/Album-Prag/Album-Prag/DerivedData/Build/Products/Debug-iphonesimulator/Album.app

CpResource /Users/runner/work/Album-Prag/Album-Prag/DerivedData/Build/Products/Debug-iphonesimulator/Album.app/Fraunces-SemiBold.ttf /Users/runner/work/Album-Prag/Album-Prag/Album/Fonts/Fraunces-SemiBold.ttf (in target 'Album' from project 'Album')
    cd /Users/runner/work/Album-Prag/Album-Prag
    builtin-copy -exclude .DS_Store -exclude CVS -exclude .svn -exclude .git -exclude .hg -resolve-src-symlinks /Users/runner/work/Album-Prag/Album-Prag/Album/Fonts/Fraunces-SemiBold.ttf /Users/runner/work/Album-Prag/Album-Prag/DerivedData/Build/Products/Debug-iphonesimulator/Album.app

CpResource /Users/runner/work/Album-Prag/Album-Prag/DerivedData/Build/Products/Debug-iphonesimulator/Album.app/Fraunces-OFL.txt /Users/runner/work/Album-Prag/Album-Prag/Album/Resources/Fraunces-OFL.txt (in target 'Album' from project 'Album')
    cd /Users/runner/work/Album-Prag/Album-Prag
    builtin-copy -exclude .DS_Store -exclude CVS -exclude .svn -exclude .git -exclude .hg -resolve-src-symlinks /Users/runner/work/Album-Prag/Album-Prag/Album/Resources/Fraunces-OFL.txt /Users/runner/work/Album-Prag/Album-Prag/DerivedData/Build/Products/Debug-iphonesimulator/Album.app

Copy /Users/runner/work/Album-Prag/Album-Prag/DerivedData/Build/Products/Debug-iphonesimulator/Album.app/swift-crypto_Crypto.bundle /Users/runner/work/Album-Prag/Album-Prag/DerivedData/Build/Products/Debug-iphonesimulator/swift-crypto_Crypto.bundle (in target 'Album' from project 'Album')
    cd /Users/runner/work/Album-Prag/Album-Prag
    builtin-copy -exclude .DS_Store -exclude CVS -exclude .svn -exclude .git -exclude .hg -resolve-src-symlinks /Users/runner/work/Album-Prag/Album-Prag/DerivedData/Build/Products/Debug-iphonesimulator/swift-crypto_Crypto.bundle /Users/runner/work/Album-Prag/Album-Prag/DerivedData/Build/Products/Debug-iphonesimulator/Album.app

Copy /Users/runner/work/Album-Prag/Album-Prag/DerivedData/Build/Products/Debug-iphonesimulator/Album.app/Frameworks/libXCTestSwiftSupport.dylib /Applications/Xcode_26.6.app/Contents/Developer/Platforms/iPhoneSimulator.platform/Developer/usr/lib/libXCTestSwiftSupport.dylib (in target 'Album' from project 'Album')
    cd /Users/runner/work/Album-Prag/Album-Prag
    builtin-copy -exclude .DS_Store -exclude CVS -exclude .svn -exclude .git -exclude .hg -exclude Headers -exclude PrivateHeaders -exclude Modules -exclude \*.tbd -resolve-src-symlinks /Applications/Xcode_26.6.app/Contents/Developer/Platforms/iPhoneSimulator.platform/Developer/usr/lib/libXCTestSwiftSupport.dylib /Users/runner/work/Album-Prag/Album-Prag/DerivedData/Build/Products/Debug-iphonesimulator/Album.app/Frameworks

Copy /Users/runner/work/Album-Prag/Album-Prag/DerivedData/Build/Products/Debug-iphonesimulator/Album.app/Frameworks/libXCTestBundleInject.dylib /Applications/Xcode_26.6.app/Contents/Developer/Platforms/iPhoneSimulator.platform/Developer/usr/lib/libXCTestBundleInject.dylib (in target 'Album' from project 'Album')
    cd /Users/runner/work/Album-Prag/Album-Prag
    builtin-copy -exclude .DS_Store -exclude CVS -exclude .svn -exclude .git -exclude .hg -exclude Headers -exclude PrivateHeaders -exclude Modules -exclude \*.tbd -resolve-src-symlinks /Applications/Xcode_26.6.app/Contents/Developer/Platforms/iPhoneSimulator.platform/Developer/usr/lib/libXCTestBundleInject.dylib /Users/runner/work/Album-Prag/Album-Prag/DerivedData/Build/Products/Debug-iphonesimulator/Album.app/Frameworks

Copy /Users/runner/work/Album-Prag/Album-Prag/DerivedData/Build/Products/Debug-iphonesimulator/Album.app/Frameworks/XCUnit.framework /Applications/Xcode_26.6.app/Contents/Developer/Platforms/iPhoneSimulator.platform/Developer/Library/PrivateFrameworks/XCUnit.framework (in target 'Album' from project 'Album')
    cd /Users/runner/work/Album-Prag/Album-Prag
    builtin-copy -exclude .DS_Store -exclude CVS -exclude .svn -exclude .git -exclude .hg -exclude Headers -exclude PrivateHeaders -exclude Modules -exclude \*.tbd -resolve-src-symlinks /Applications/Xcode_26.6.app/Contents/Developer/Platforms/iPhoneSimulator.platform/Developer/Library/PrivateFrameworks/XCUnit.framework /Users/runner/work/Album-Prag/Album-Prag/DerivedData/Build/Products/Debug-iphonesimulator/Album.app/Frameworks

Copy /Users/runner/work/Album-Prag/Album-Prag/DerivedData/Build/Products/Debug-iphonesimulator/Album.app/Frameworks/XCUIAutomation.framework /Applications/Xcode_26.6.app/Contents/Developer/Platforms/iPhoneSimulator.platform/Developer/Library/Frameworks/XCUIAutomation.framework (in target 'Album' from project 'Album')
    cd /Users/runner/work/Album-Prag/Album-Prag
    builtin-copy -exclude .DS_Store -exclude CVS -exclude .svn -exclude .git -exclude .hg -exclude Headers -exclude PrivateHeaders -exclude Modules -exclude \*.tbd -resolve-src-symlinks /Applications/Xcode_26.6.app/Contents/Developer/Platforms/iPhoneSimulator.platform/Developer/Library/Frameworks/XCUIAutomation.framework /Users/runner/work/Album-Prag/Album-Prag/DerivedData/Build/Products/Debug-iphonesimulator/Album.app/Frameworks

Copy /Users/runner/work/Album-Prag/Album-Prag/DerivedData/Build/Products/Debug-iphonesimulator/Album.app/Frameworks/XCTestSupport.framework /Applications/Xcode_26.6.app/Contents/Developer/Platforms/iPhoneSimulator.platform/Developer/Library/PrivateFrameworks/XCTestSupport.framework (in target 'Album' from project 'Album')
    cd /Users/runner/work/Album-Prag/Album-Prag
    builtin-copy -exclude .DS_Store -exclude CVS -exclude .svn -exclude .git -exclude .hg -exclude Headers -exclude PrivateHeaders -exclude Modules -exclude \*.tbd -resolve-src-symlinks /Applications/Xcode_26.6.app/Contents/Developer/Platforms/iPhoneSimulator.platform/Developer/Library/PrivateFrameworks/XCTestSupport.framework /Users/runner/work/Album-Prag/Album-Prag/DerivedData/Build/Products/Debug-iphonesimulator/Album.app/Frameworks

Copy /Users/runner/work/Album-Prag/Album-Prag/DerivedData/Build/Products/Debug-iphonesimulator/Album.app/Frameworks/XCTestCore.framework /Applications/Xcode_26.6.app/Contents/Developer/Platforms/iPhoneSimulator.platform/Developer/Library/PrivateFrameworks/XCTestCore.framework (in target 'Album' from project 'Album')
    cd /Users/runner/work/Album-Prag/Album-Prag
    builtin-copy -exclude .DS_Store -exclude CVS -exclude .svn -exclude .git -exclude .hg -exclude Headers -exclude PrivateHeaders -exclude Modules -exclude \*.tbd -resolve-src-symlinks /Applications/Xcode_26.6.app/Contents/Developer/Platforms/iPhoneSimulator.platform/Developer/Library/PrivateFrameworks/XCTestCore.framework /Users/runner/work/Album-Prag/Album-Prag/DerivedData/Build/Products/Debug-iphonesimulator/Album.app/Frameworks

Copy /Users/runner/work/Album-Prag/Album-Prag/DerivedData/Build/Products/Debug-iphonesimulator/Album.app/Frameworks/XCTest.framework /Applications/Xcode_26.6.app/Contents/Developer/Platforms/iPhoneSimulator.platform/Developer/Library/Frameworks/XCTest.framework (in target 'Album' from project 'Album')
    cd /Users/runner/work/Album-Prag/Album-Prag
    builtin-copy -exclude .DS_Store -exclude CVS -exclude .svn -exclude .git -exclude .hg -exclude Headers -exclude PrivateHeaders -exclude Modules -exclude \*.tbd -resolve-src-symlinks /Applications/Xcode_26.6.app/Contents/Developer/Platforms/iPhoneSimulator.platform/Developer/Library/Frameworks/XCTest.framework /Users/runner/work/Album-Prag/Album-Prag/DerivedData/Build/Products/Debug-iphonesimulator/Album.app/Frameworks

Copy /Users/runner/work/Album-Prag/Album-Prag/DerivedData/Build/Products/Debug-iphonesimulator/Album.app/Frameworks/XCTAutomationSupport.framework /Applications/Xcode_26.6.app/Contents/Developer/Platforms/iPhoneSimulator.platform/Developer/Library/PrivateFrameworks/XCTAutomationSupport.framework (in target 'Album' from project 'Album')
    cd /Users/runner/work/Album-Prag/Album-Prag
    builtin-copy -exclude .DS_Store -exclude CVS -exclude .svn -exclude .git -exclude .hg -exclude Headers -exclude PrivateHeaders -exclude Modules -exclude \*.tbd -resolve-src-symlinks /Applications/Xcode_26.6.app/Contents/Developer/Platforms/iPhoneSimulator.platform/Developer/Library/PrivateFrameworks/XCTAutomationSupport.framework /Users/runner/work/Album-Prag/Album-Prag/DerivedData/Build/Products/Debug-iphonesimulator/Album.app/Frameworks

Copy /Users/runner/work/Album-Prag/Album-Prag/DerivedData/Build/Products/Debug-iphonesimulator/Album.app/Frameworks/Testing.framework /Applications/Xcode_26.6.app/Contents/Developer/Platforms/iPhoneSimulator.platform/Developer/Library/Frameworks/Testing.framework (in target 'Album' from project 'Album')
    cd /Users/runner/work/Album-Prag/Album-Prag
    builtin-copy -exclude .DS_Store -exclude CVS -exclude .svn -exclude .git -exclude .hg -exclude Headers -exclude PrivateHeaders -exclude Modules -exclude \*.tbd -resolve-src-symlinks /Applications/Xcode_26.6.app/Contents/Developer/Platforms/iPhoneSimulator.platform/Developer/Library/Frameworks/Testing.framework /Users/runner/work/Album-Prag/Album-Prag/DerivedData/Build/Products/Debug-iphonesimulator/Album.app/Frameworks

Copy /Users/runner/work/Album-Prag/Album-Prag/DerivedData/Build/Products/Debug-iphonesimulator/Album.app/Frameworks/RiveRuntime.framework /Users/runner/work/Album-Prag/Album-Prag/DerivedData/SourcePackages/artifacts/rive-ios/RiveRuntime/RiveRuntime.xcframework/ios-arm64_x86_64-simulator/RiveRuntime.framework (in target 'Album' from project 'Album')
    cd /Users/runner/work/Album-Prag/Album-Prag
    builtin-copy -exclude .DS_Store -exclude CVS -exclude .svn -exclude .git -exclude .hg -exclude Headers -exclude PrivateHeaders -exclude Modules -exclude \*.tbd -resolve-src-symlinks -remove-static-executable /Users/runner/work/Album-Prag/Album-Prag/DerivedData/SourcePackages/artifacts/rive-ios/RiveRuntime/RiveRuntime.xcframework/ios-arm64_x86_64-simulator/RiveRuntime.framework /Users/runner/work/Album-Prag/Album-Prag/DerivedData/Build/Products/Debug-iphonesimulator/Album.app/Frameworks

CodeSign /Users/runner/work/Album-Prag/Album-Prag/DerivedData/Build/Products/Debug-iphonesimulator/Album.app/Frameworks/RiveRuntime.framework (in target 'Album' from project 'Album')
    cd /Users/runner/work/Album-Prag/Album-Prag
    
    Signing Identity:     "Sign to Run Locally"
    
    /usr/bin/codesign --force --sign - --timestamp\=none --preserve-metadata\=identifier,entitlements,flags --generate-entitlement-der /Users/runner/work/Album-Prag/Album-Prag/DerivedData/Build/Products/Debug-iphonesimulator/Album.app/Frameworks/RiveRuntime.framework
/Users/runner/work/Album-Prag/Album-Prag/DerivedData/Build/Products/Debug-iphonesimulator/Album.app/Frameworks/RiveRuntime.framework: replacing existing signature

SwiftDriver Album normal arm64 com.apple.xcode.tools.swift.compiler (in target 'Album' from project 'Album')
    cd /Users/runner/work/Album-Prag/Album-Prag
    builtin-SwiftDriver -- /Applications/Xcode_26.6.app/Contents/Developer/Toolchains/XcodeDefault.xctoolchain/usr/bin/swiftc -module-name Album -Onone @/Users/runner/work/Album-Prag/Album-Prag/DerivedData/Build/Intermediates.noindex/Album.build/Debug-iphonesimulator/Album.build/Objects-normal/arm64/Album.SwiftFileList -DDEBUG -enable-bare-slash-regex -enable-experimental-feature DebugDescriptionMacro -sdk /Applications/Xcode_26.6.app/Contents/Developer/Platforms/iPhoneSimulator.platform/Developer/SDKs/iPhoneSimulator26.5.sdk -target arm64-apple-ios17.0-simulator -g -module-cache-path /Users/runner/work/Album-Prag/Album-Prag/DerivedData/ModuleCache.noindex -Xfrontend -serialize-debugging-options -enable-testing -index-store-path /Users/runner/work/Album-Prag/Album-Prag/DerivedData/Index.noindex/DataStore -Xcc -D_LIBCPP_HARDENING_MODE\=_LIBCPP_HARDENING_MODE_DEBUG -swift-version 5 -I /Users/runner/work/Album-Prag/Album-Prag/DerivedData/Build/Products/Debug-iphonesimulator -F /Users/runner/work/Album-Prag/Album-Prag/DerivedData/Build/Products/Debug-iphonesimulator/PackageFrameworks -F /Users/runner/work/Album-Prag/Album-Prag/DerivedData/Build/Products/Debug-iphonesimulator/PackageFrameworks -F /Users/runner/work/Album-Prag/Album-Prag/DerivedData/Build/Products/Debug-iphonesimulator/PackageFrameworks -F /Users/runner/work/Album-Prag/Album-Prag/DerivedData/Build/Products/Debug-iphonesimulator/PackageFrameworks -F /Users/runner/work/Album-Prag/Album-Prag/DerivedData/Build/Products/Debug-iphonesimulator/PackageFrameworks -F /Users/runner/work/Album-Prag/Album-Prag/DerivedData/Build/Products/Debug-iphonesimulator/PackageFrameworks -F /Users/runner/work/Album-Prag/Album-Prag/DerivedData/Build/Products/Debug-iphonesimulator/PackageFrameworks -F /Users/runner/work/Album-Prag/Album-Prag/DerivedData/Build/Products/Debug-iphonesimulator/PackageFrameworks -F /Users/runner/work/Album-Prag/Album-Prag/DerivedData/Build/Products/Debug-iphonesimulator/PackageFrameworks -F /Users/runner/work/Album-Prag/Album-Prag/DerivedData/Build/Products/Debug-iphonesimulator/PackageFrameworks -F /Users/runner/work/Album-Prag/Album-Prag/DerivedData/Build/Products/Debug-iphonesimulator/PackageFrameworks -F /Users/runner/work/Album-Prag/Album-Prag/DerivedData/Build/Products/Debug-iphonesimulator/PackageFrameworks -F /Users/runner/work/Album-Prag/Album-Prag/DerivedData/Build/Products/Debug-iphonesimulator/PackageFrameworks -F /Users/runner/work/Album-Prag/Album-Prag/DerivedData/Build/Products/Debug-iphonesimulator/PackageFrameworks -F /Users/runner/work/Album-Prag/Album-Prag/DerivedData/Build/Products/Debug-iphonesimulator -c -j3 -enable-batch-mode -incremental -Xcc -ivfsstatcache -Xcc /Users/runner/work/Album-Prag/Album-Prag/DerivedData/SDKStatCaches.noindex/iphonesimulator26.5-23F81a-688ef53f1462e2c8f657fdc38a81448ff45c64a1807a658693f2a61704f17a36.sdkstatcache -output-file-map /Users/runner/work/Album-Prag/Album-Prag/DerivedData/Build/Intermediates.noindex/Album.build/Debug-iphonesimulator/Album.build/Objects-normal/arm64/Album-OutputFileMap.json -use-frontend-parseable-output -save-temps -no-color-diagnostics -explicit-module-build -module-cache-path /Users/runner/work/Album-Prag/Album-Prag/DerivedData/Build/Intermediates.noindex/SwiftExplicitPrecompiledModules -clang-scanner-module-cache-path /Users/runner/work/Album-Prag/Album-Prag/DerivedData/ModuleCache.noindex -sdk-module-cache-path /Users/runner/work/Album-Prag/Album-Prag/DerivedData/ModuleCache.noindex -serialize-diagnostics -emit-dependencies -emit-module -emit-module-path /Users/runner/work/Album-Prag/Album-Prag/DerivedData/Build/Intermediates.noindex/Album.build/Debug-iphonesimulator/Album.build/Objects-normal/arm64/Album.swiftmodule -validate-clang-modules-once -clang-build-session-file /Users/runner/work/Album-Prag/Album-Prag/DerivedData/ModuleCache.noindex/Session.modulevalidation -Xcc -I/Users/runner/work/Album-Prag/Album-Prag/DerivedData/Build/Intermediates.noindex/Album.build/Debug-iphonesimulator/Album.build/swift-overrides.hmap -emit-const-values -Xfrontend -const-gather-protocols-file -Xfrontend /Users/runner/work/Album-Prag/Album-Prag/DerivedData/Build/Intermediates.noindex/Album.build/Debug-iphonesimulator/Album.build/Objects-normal/arm64/Album_const_extract_protocols.json -Xcc -iquote -Xcc /Users/runner/work/Album-Prag/Album-Prag/DerivedData/Build/Intermediates.noindex/Album.build/Debug-iphonesimulator/Album.build/Album-generated-files.hmap -Xcc -I/Users/runner/work/Album-Prag/Album-Prag/DerivedData/Build/Intermediates.noindex/Album.build/Debug-iphonesimulator/Album.build/Album-own-target-headers.hmap -Xcc -I/Users/runner/work/Album-Prag/Album-Prag/DerivedData/Build/Intermediates.noindex/Album.build/Debug-iphonesimulator/Album.build/Album-all-non-framework-target-headers.hmap -Xcc -ivfsoverlay -Xcc /Users/runner/work/Album-Prag/Album-Prag/DerivedData/Build/Intermediates.noindex/Album.build/Debug-iphonesimulator/Album-59f78f5c0bff10c2956812cb85339bbd-VFS-iphonesimulator/all-product-headers.yaml -Xcc -iquote -Xcc /Users/runner/work/Album-Prag/Album-Prag/DerivedData/Build/Intermediates.noindex/Album.build/Debug-iphonesimulator/Album.build/Album-project-headers.hmap -Xcc -I/Users/runner/work/Album-Prag/Album-Prag/DerivedData/Build/Products/Debug-iphonesimulator/include -Xcc -I/Users/runner/work/Album-Prag/Album-Prag/DerivedData/Build/Intermediates.noindex/Album.build/Debug-iphonesimulator/Album.build/DerivedSources-normal/arm64 -Xcc -I/Users/runner/work/Album-Prag/Album-Prag/DerivedData/Build/Intermediates.noindex/Album.build/Debug-iphonesimulator/Album.build/DerivedSources/arm64 -Xcc -I/Users/runner/work/Album-Prag/Album-Prag/DerivedData/Build/Intermediates.noindex/Album.build/Debug-iphonesimulator/Album.build/DerivedSources -Xcc -DDEBUG\=1 -emit-objc-header -emit-objc-header-path /Users/runner/work/Album-Prag/Album-Prag/DerivedData/Build/Intermediates.noindex/Album.build/Debug-iphonesimulator/Album.build/Objects-normal/arm64/Album-Swift.h -working-directory /Users/runner/work/Album-Prag/Album-Prag -experimental-emit-module-separately -disable-cmo

SwiftExplicitDependencyGeneratePcm arm64 /Users/runner/work/Album-Prag/Album-Prag/DerivedData/ModuleCache.noindex/ptrauth-75ZRMTMLTZ1TEV7LH2J064CT4.pcm

SwiftExplicitDependencyGeneratePcm arm64 /Users/runner/work/Album-Prag/Album-Prag/DerivedData/ModuleCache.noindex/_AvailabilityInternal-DDLT7X42DHNOKJIA4E3RDRCXB.pcm

SwiftExplicitDependencyGeneratePcm arm64 /Users/runner/work/Album-Prag/Album-Prag/DerivedData/ModuleCache.noindex/_SwiftConcurrencyShims-AUIV5H4XHAQZSY4BOOYZUDNRQ.pcm

SwiftExplicitDependencyGeneratePcm arm64 /Users/runner/work/Album-Prag/Album-Prag/DerivedData/ModuleCache.noindex/_Builtin_stdbool-BVRCUWST5TW8FJ8JPWED5Y2N3.pcm

SwiftExplicitDependencyGeneratePcm arm64 /Users/runner/work/Album-Prag/Album-Prag/DerivedData/ModuleCache.noindex/_Builtin_float-5836H5HBL6RXVL4HJOCAAEPVS.pcm

SwiftExplicitDependencyGeneratePcm arm64 /Users/runner/work/Album-Prag/Album-Prag/DerivedData/ModuleCache.noindex/_Builtin_stdarg-D0BONDVTCSMINZS65JTV7HX8G.pcm

SwiftExplicitDependencyGeneratePcm arm64 /Users/runner/work/Album-Prag/Album-Prag/DerivedData/ModuleCache.noindex/DeveloperToolsSupport-51XINJGB8LDVJ6QPNNJ635E3F.pcm

SwiftExplicitDependencyGeneratePcm arm64 /Users/runner/work/Album-Prag/Album-Prag/DerivedData/ModuleCache.noindex/ptrcheck-202NPDOMXYF3NWBYRK4ZZZI3F.pcm

SwiftExplicitDependencyGeneratePcm arm64 /Users/runner/work/Album-Prag/Album-Prag/DerivedData/ModuleCache.noindex/SwiftShims-7YBEELRB9SJWUQZGTUNQJ5QNS.pcm

SwiftExplicitDependencyGeneratePcm arm64 /Users/runner/work/Album-Prag/Album-Prag/DerivedData/ModuleCache.noindex/_Builtin_stddef-A2P4LV3APXBQXEAHTLUDEK5QN.pcm

SwiftExplicitDependencyGeneratePcm arm64 /Users/runner/work/Album-Prag/Album-Prag/DerivedData/ModuleCache.noindex/_DarwinFoundation1-11CH9UBOHGELQX4YYZBSWKANA.pcm

SwiftExplicitDependencyGeneratePcm arm64 /Users/runner/work/Album-Prag/Album-Prag/DerivedData/ModuleCache.noindex/_Builtin_limits-DHSSLSZW98243OB3EP44P3L0E.pcm

SwiftExplicitDependencyGeneratePcm arm64 /Users/runner/work/Album-Prag/Album-Prag/DerivedData/ModuleCache.noindex/_DarwinFoundation2-DLNNR14WFY2KT47FFLCFUJW0M.pcm

SwiftExplicitDependencyGeneratePcm arm64 /Users/runner/work/Album-Prag/Album-Prag/DerivedData/ModuleCache.noindex/ExtensionFoundation-54ES1JVG8QPA69XMCPQC3WV0H.pcm

SwiftExplicitDependencyGeneratePcm arm64 /Users/runner/work/Album-Prag/Album-Prag/DerivedData/ModuleCache.noindex/_Builtin_tgmath-4CE72RFZFKXFCNIR1RUJ4JPDB.pcm

SwiftExplicitDependencyGeneratePcm arm64 /Users/runner/work/Album-Prag/Album-Prag/DerivedData/ModuleCache.noindex/_Builtin_stdint-5ENS06OBVC3JUTXQO8OBGWN30.pcm

SwiftExplicitDependencyGeneratePcm arm64 /Users/runner/work/Album-Prag/Album-Prag/DerivedData/ModuleCache.noindex/sys_types-D6A3JPXWS8QR1IM4UPMNQTLFW.pcm

SwiftExplicitDependencyGeneratePcm arm64 /Users/runner/work/Album-Prag/Album-Prag/DerivedData/ModuleCache.noindex/_Builtin_intrinsics-EAEZIXVJAXAIEGT2JYPHHHA0E.pcm

SwiftExplicitDependencyGeneratePcm arm64 /Users/runner/work/Album-Prag/Album-Prag/DerivedData/ModuleCache.noindex/_Builtin_stdatomic-7H7MT738OJAU3ZEO23M9P2M63.pcm

SwiftExplicitDependencyGeneratePcm arm64 /Users/runner/work/Album-Prag/Album-Prag/DerivedData/ModuleCache.noindex/_DarwinFoundation3-70U67R36OXPO491EK9O1AU2MX.pcm

SwiftExplicitDependencyGeneratePcm arm64 /Users/runner/work/Album-Prag/Album-Prag/DerivedData/ModuleCache.noindex/_Builtin_inttypes-17JWT2A0KCC01GPVKPD33P367.pcm

SwiftExplicitDependencyGeneratePcm arm64 /Users/runner/work/Album-Prag/Album-Prag/DerivedData/ModuleCache.noindex/simd-5W57E3P2QKB7GMLDCX2ZH5UGB.pcm

SwiftExplicitDependencyGeneratePcm arm64 /Users/runner/work/Album-Prag/Album-Prag/DerivedData/ModuleCache.noindex/Darwin-B58KR72H65USU4HPSJTZ3XNMV.pcm

SwiftExplicitDependencyGeneratePcm arm64 /Users/runner/work/Album-Prag/Album-Prag/DerivedData/ModuleCache.noindex/Spatial-H2E7KHBMQGF9E3IKN1LQ3JWN.pcm

SwiftExplicitDependencyGeneratePcm arm64 /Users/runner/work/Album-Prag/Album-Prag/DerivedData/ModuleCache.noindex/MachO-DCKL7UJNFFGXS52SF1EQF9IEC.pcm

SwiftExplicitDependencyGeneratePcm arm64 /Users/runner/work/Album-Prag/Album-Prag/DerivedData/ModuleCache.noindex/ObjectiveC-AB4VZ373FCSZATCX8G0BGJYK5.pcm

SwiftExplicitDependencyGeneratePcm arm64 /Users/runner/work/Album-Prag/Album-Prag/DerivedData/ModuleCache.noindex/os_object-8B36HFHY0KZLLWC7SQX851A00.pcm

SwiftExplicitDependencyGeneratePcm arm64 /Users/runner/work/Album-Prag/Album-Prag/DerivedData/ModuleCache.noindex/os_workgroup-6RY4USJ51N23W7XF52LN5MRFN.pcm

SwiftExplicitDependencyGeneratePcm arm64 /Users/runner/work/Album-Prag/Album-Prag/DerivedData/ModuleCache.noindex/Dispatch-1SWY7EFOL1GSAUFITNV3RQIS9.pcm

SwiftExplicitDependencyGeneratePcm arm64 /Users/runner/work/Album-Prag/Album-Prag/DerivedData/ModuleCache.noindex/XPC-9FDFUAWI8P6TOOQ91AYA54IIX.pcm

SwiftExplicitDependencyGeneratePcm arm64 /Users/runner/work/Album-Prag/Album-Prag/DerivedData/ModuleCache.noindex/dnssd-VJLD8EQNW418Q5RGCEWSWTJ7.pcm

SwiftExplicitDependencyGeneratePcm arm64 /Users/runner/work/Album-Prag/Album-Prag/DerivedData/ModuleCache.noindex/CoreFoundation-C9DVR8PNUZDHVPE8RWRQC3R8N.pcm

SwiftExplicitDependencyGeneratePcm arm64 /Users/runner/work/Album-Prag/Album-Prag/DerivedData/ModuleCache.noindex/os-3TRVDQE77W9OSZ5ZR60CJA7XU.pcm

SwiftExplicitDependencyGeneratePcm arm64 /Users/runner/work/Album-Prag/Album-Prag/DerivedData/ModuleCache.noindex/Security-1OTFUW7NY8AR9K92SRES6F1VC.pcm

SwiftExplicitDependencyGeneratePcm arm64 /Users/runner/work/Album-Prag/Album-Prag/DerivedData/ModuleCache.noindex/CoreGraphics-9FP4HLFE92LTZK2Y0T3Y2T7JY.pcm

SwiftExplicitDependencyGeneratePcm arm64 /Users/runner/work/Album-Prag/Album-Prag/DerivedData/ModuleCache.noindex/CFNetwork-AD6HE1LOZ6NDXW5M6F3WF0S8K.pcm

SwiftExplicitDependencyGeneratePcm arm64 /Users/runner/work/Album-Prag/Album-Prag/DerivedData/ModuleCache.noindex/CoreAudioTypes-ETGV1N004EHERXCYI0YWA9XR7.pcm

SwiftExplicitDependencyGeneratePcm arm64 /Users/runner/work/Album-Prag/Album-Prag/DerivedData/ModuleCache.noindex/ImageIO-9MNR5AXC1WN5RFEIOQUMHEVRK.pcm

SwiftExplicitDependencyGeneratePcm arm64 /Users/runner/work/Album-Prag/Album-Prag/DerivedData/ModuleCache.noindex/Foundation-DC5803JI92ZA2EZEBA8YYBHLJ.pcm

SwiftExplicitDependencyGeneratePcm arm64 /Users/runner/work/Album-Prag/Album-Prag/DerivedData/ModuleCache.noindex/CoreAudio-9ZLBEHKK0J2ZB88G30ST2XXA6.pcm

SwiftExplicitDependencyGeneratePcm arm64 /Users/runner/work/Album-Prag/Album-Prag/DerivedData/ModuleCache.noindex/CoreText-CC872KHI39X84BP27GS7UPUK7.pcm

SwiftExplicitDependencyGeneratePcm arm64 /Users/runner/work/Album-Prag/Album-Prag/DerivedData/ModuleCache.noindex/CoreMIDI-CMWEIB0PXQI2YTDG5G96ZCPVW.pcm

SwiftExplicitDependencyGeneratePcm arm64 /Users/runner/work/Album-Prag/Album-Prag/DerivedData/ModuleCache.noindex/Symbols-DHTZFI40TXZINO6TLG0C22MAF.pcm

SwiftExplicitDependencyGeneratePcm arm64 /Users/runner/work/Album-Prag/Album-Prag/DerivedData/ModuleCache.noindex/Accessibility-4XVZOASIGGHTAC0UB1KUYHY5F.pcm

SwiftExplicitDependencyGeneratePcm arm64 /Users/runner/work/Album-Prag/Album-Prag/DerivedData/ModuleCache.noindex/CoreData-4ISGY25Y5X69HKRXZ7PLT4FRA.pcm

SwiftExplicitDependencyGeneratePcm arm64 /Users/runner/work/Album-Prag/Album-Prag/DerivedData/ModuleCache.noindex/UserNotifications-JM4SUATF5F5R3X2U80EC0SUF.pcm

SwiftExplicitDependencyGeneratePcm arm64 /Users/runner/work/Album-Prag/Album-Prag/DerivedData/ModuleCache.noindex/OpenGLES-AEOQDJOUBJ11WKV3MRTO7YSAR.pcm

SwiftExplicitDependencyGeneratePcm arm64 /Users/runner/work/Album-Prag/Album-Prag/DerivedData/ModuleCache.noindex/NaturalLanguage-6ELKRB7GNB1W15HQKOI9BAU3H.pcm

SwiftExplicitDependencyGeneratePcm arm64 /Users/runner/work/Album-Prag/Album-Prag/DerivedData/ModuleCache.noindex/CoreTransferable-2SOFFHLC2QV63YS53WA7YHOR5.pcm

SwiftExplicitDependencyGeneratePcm arm64 /Users/runner/work/Album-Prag/Album-Prag/DerivedData/ModuleCache.noindex/UIUtilities-6UZ5QGPALIYL1EFIJMBIYHXGX.pcm

SwiftExplicitDependencyGeneratePcm arm64 /Users/runner/work/Album-Prag/Album-Prag/DerivedData/ModuleCache.noindex/_LocationEssentials-2EXVQZPQONRGX8YQ1FQANNK85.pcm

SwiftExplicitDependencyGeneratePcm arm64 /Users/runner/work/Album-Prag/Album-Prag/DerivedData/ModuleCache.noindex/AudioToolbox-3Q80WWNPT7RTBSZLX43IQ7O2T.pcm

SwiftExplicitDependencyGeneratePcm arm64 /Users/runner/work/Album-Prag/Album-Prag/DerivedData/ModuleCache.noindex/DataDetection-LUPI8FLE62Q1Z353R7DSDKI3.pcm

SwiftExplicitDependencyGeneratePcm arm64 /Users/runner/work/Album-Prag/Album-Prag/DerivedData/ModuleCache.noindex/CoreLocation-3YP7IH3EVDXTQAXKN4W7Q51GB.pcm

SwiftExplicitDependencyGeneratePcm arm64 /Users/runner/work/Album-Prag/Album-Prag/DerivedData/ModuleCache.noindex/IOSurface-5W7TIJH9TEURJEJGV2KQIM1K6.pcm

SwiftExplicitDependencyGeneratePcm arm64 /Users/runner/work/Album-Prag/Album-Prag/DerivedData/ModuleCache.noindex/FileProvider-80DVZUCQGW3AE50BS9EM0YQCK.pcm

SwiftExplicitDependencyGeneratePcm arm64 /Users/runner/work/Album-Prag/Album-Prag/DerivedData/ModuleCache.noindex/Network-EPRVEBTIGRN0OW1XY8IZ0USPB.pcm

SwiftExplicitDependencyGeneratePcm arm64 /Users/runner/work/Album-Prag/Album-Prag/DerivedData/ModuleCache.noindex/Metal-EOE0357MK29M9SRY255V7QDZ0.pcm

SwiftExplicitDependencyGeneratePcm arm64 /Users/runner/work/Album-Prag/Album-Prag/DerivedData/ModuleCache.noindex/LocalAuthentication-4MQEZEM4ZAAJV6O4ALJ5K6P2D.pcm

SwiftExplicitDependencyGeneratePcm arm64 /Users/runner/work/Album-Prag/Album-Prag/DerivedData/ModuleCache.noindex/AVRouting-3IAP81DFAROJ0CHWSDZY30NHM.pcm

SwiftExplicitDependencyGeneratePcm arm64 /Users/runner/work/Album-Prag/Album-Prag/DerivedData/ModuleCache.noindex/OSLog-6W0Z7VQ3IY9X8KM77Y50KICSH.pcm

SwiftExplicitDependencyGeneratePcm arm64 /Users/runner/work/Album-Prag/Album-Prag/DerivedData/ModuleCache.noindex/CoreVideo-2L6F1PD1CQ3IU193TTFJ7KGWH.pcm

SwiftExplicitDependencyGeneratePcm arm64 /Users/runner/work/Album-Prag/Album-Prag/DerivedData/ModuleCache.noindex/UniformTypeIdentifiers-5L87UIUT49FKT6PE2UWYFNWTL.pcm

SwiftExplicitDependencyGeneratePcm arm64 /Users/runner/work/Album-Prag/Album-Prag/DerivedData/ModuleCache.noindex/Accelerate-F2VZGKLEJU8ULFEHOTZNYF4CA.pcm

SwiftExplicitDependencyGeneratePcm arm64 /Users/runner/work/Album-Prag/Album-Prag/DerivedData/ModuleCache.noindex/QuartzCore-3G8MT2R6A9XSRGG3CG4COMWDW.pcm

SwiftExplicitDependencyGeneratePcm arm64 /Users/runner/work/Album-Prag/Album-Prag/DerivedData/ModuleCache.noindex/CoreMedia-8CNUY9NM9ZPPQH7QV34443HPJ.pcm

SwiftExplicitDependencyGeneratePcm arm64 /Users/runner/work/Album-Prag/Album-Prag/DerivedData/ModuleCache.noindex/CoreImage-C6AJWI8G4OZ6VQPU4YATZ5890.pcm

SwiftExplicitDependencyGeneratePcm arm64 /Users/runner/work/Album-Prag/Album-Prag/DerivedData/ModuleCache.noindex/AVFAudio-ECJLPWTXPNQBAC6C4EOZY48VS.pcm

SwiftExplicitDependencyGeneratePcm arm64 /Users/runner/work/Album-Prag/Album-Prag/DerivedData/ModuleCache.noindex/UIKit-AWUD5SSN9YR970DBZ4AKT942T.pcm

SwiftExplicitDependencyGeneratePcm arm64 /Users/runner/work/Album-Prag/Album-Prag/DerivedData/ModuleCache.noindex/MediaToolbox-78KSEB7KENMSIA0DOV55D8A0I.pcm

SwiftExplicitDependencyGeneratePcm arm64 /Users/runner/work/Album-Prag/Album-Prag/DerivedData/ModuleCache.noindex/SwiftUICore-A4AJBH3QV8O7HLS3CWB304D19.pcm

SwiftExplicitDependencyGeneratePcm arm64 /Users/runner/work/Album-Prag/Album-Prag/DerivedData/ModuleCache.noindex/AVFoundation-B44KWV7YMTABDEJC8YVPW0UXM.pcm

SwiftExplicitDependencyGeneratePcm arm64 /Users/runner/work/Album-Prag/Album-Prag/DerivedData/ModuleCache.noindex/Photos-536EH1B6ITUKCS3WZMZ56TK1.pcm

SwiftExplicitDependencyGeneratePcm arm64 /Users/runner/work/Album-Prag/Album-Prag/DerivedData/ModuleCache.noindex/MapKit-3I1L32THFE0A0C4L2OK9XS9X2.pcm

SwiftExplicitDependencyGeneratePcm arm64 /Users/runner/work/Album-Prag/Album-Prag/DerivedData/ModuleCache.noindex/SwiftUI-51B7FOZOALW9057IC5C01AWCS.pcm

SwiftExplicitDependencyGeneratePcm arm64 /Users/runner/work/Album-Prag/Album-Prag/DerivedData/ModuleCache.noindex/LinkPresentation-7H1Q5X358ZTTU9A912HP1G3U.pcm

SwiftExplicitDependencyGeneratePcm arm64 /Users/runner/work/Album-Prag/Album-Prag/DerivedData/ModuleCache.noindex/AuthenticationServices-3P5S75PEU6HERII2AVCF0X5KD.pcm

SwiftExplicitDependencyGeneratePcm arm64 /Users/runner/work/Album-Prag/Album-Prag/DerivedData/ModuleCache.noindex/PDFKit-E07EBIL87WIURBLNKW5IX95.pcm

SwiftExplicitDependencyGeneratePcm arm64 /Users/runner/work/Album-Prag/Album-Prag/DerivedData/ModuleCache.noindex/PhotosUI-69VQPTG1L8LRX1TUODNQPIWTS.pcm

SwiftEmitModule normal arm64 Emitting\ module\ for\ Album (in target 'Album' from project 'Album')

EmitSwiftModule normal arm64 (in target 'Album' from project 'Album')
    cd /Users/runner/work/Album-Prag/Album-Prag
    
/Users/runner/work/Album-Prag/Album-Prag/Album/AssistantService.swift:156:61: warning: conformance of 'AssistantLocationProvider' to protocol 'CLLocationManagerDelegate' crosses into main actor-isolated code and can cause data races; this is an error in the Swift 6 language mode
@MainActor final class AssistantLocationProvider: NSObject, CLLocationManagerDelegate {
                                                            ^
/Users/runner/work/Album-Prag/Album-Prag/Album/AssistantService.swift:156:61: note: isolate this conformance to the main actor with '@MainActor'
@MainActor final class AssistantLocationProvider: NSObject, CLLocationManagerDelegate {
                                                            ^
                                                            @MainActor 
/Users/runner/work/Album-Prag/Album-Prag/Album/AssistantService.swift:156:24: note: mark all declarations used in the conformance 'nonisolated'
@MainActor final class AssistantLocationProvider: NSObject, CLLocationManagerDelegate {
                       ^
/Users/runner/work/Album-Prag/Album-Prag/Album/AssistantService.swift:156:61: note: turn data races into runtime errors with '@preconcurrency'
@MainActor final class AssistantLocationProvider: NSObject, CLLocationManagerDelegate {
                                                            ^
                                                            @preconcurrency 
/Users/runner/work/Album-Prag/Album-Prag/Album/AssistantService.swift:182:10: note: main actor-isolated instance method 'locationManager(_:didUpdateLocations:)' cannot satisfy nonisolated requirement
    func locationManager(_ manager: CLLocationManager, didUpdateLocations locations: [CLLocation]) {
         ^
/Users/runner/work/Album-Prag/Album-Prag/Album/AssistantService.swift:186:10: note: main actor-isolated instance method 'locationManager(_:didFailWithError:)' cannot satisfy nonisolated requirement
    func locationManager(_ manager: CLLocationManager, didFailWithError error: Error) {
         ^
/Users/runner/work/Album-Prag/Album-Prag/Album/AssistantService.swift:178:10: note: main actor-isolated instance method 'locationManagerDidChangeAuthorization' cannot satisfy nonisolated requirement
    func locationManagerDidChangeAuthorization(_ manager: CLLocationManager) {
         ^

SwiftCompile normal arm64 Compiling\ DayPlanGenerator.swift,\ DayPlanPreview.swift,\ Design.swift,\ InboxView.swift,\ InvitationMoment.swift,\ LetterSlot.swift,\ MapPinClustering.swift,\ Models.swift,\ OpeningHours.swift,\ PhotoStack.swift,\ PlaceEditor.swift,\ PlaceImageService.swift,\ PlaceImageStorage.swift,\ PlacesDrawer.swift /Users/runner/work/Album-Prag/Album-Prag/Album/DayPlanGenerator.swift /Users/runner/work/Album-Prag/Album-Prag/Album/DayPlanPreview.swift /Users/runner/work/Album-Prag/Album-Prag/Album/Design.swift /Users/runner/work/Album-Prag/Album-Prag/Album/InboxView.swift /Users/runner/work/Album-Prag/Album-Prag/Album/Stitch/InvitationMoment.swift /Users/runner/work/Album-Prag/Album-Prag/Album/Stitch/LetterSlot.swift /Users/runner/work/Album-Prag/Album-Prag/Album/MapPinClustering.swift /Users/runner/work/Album-Prag/Album-Prag/Album/Models.swift /Users/runner/work/Album-Prag/Album-Prag/Album/OpeningHours.swift /Users/runner/work/Album-Prag/Album-Prag/Album/Stitch/PhotoStack.swift /Users/runner/work/Album-Prag/Album-Prag/Album/PlaceEditor.swift /Users/runner/work/Album-Prag/Album-Prag/Album/PlaceImageService.swift /Users/runner/work/Album-Prag/Album-Prag/Album/PlaceImageStorage.swift /Users/runner/work/Album-Prag/Album-Prag/Album/PlacesDrawer.swift (in target 'Album' from project 'Album')

SwiftCompile normal arm64 /Users/runner/work/Album-Prag/Album-Prag/Album/DayPlanGenerator.swift (in target 'Album' from project 'Album')
    cd /Users/runner/work/Album-Prag/Album-Prag
    

SwiftCompile normal arm64 /Users/runner/work/Album-Prag/Album-Prag/Album/DayPlanPreview.swift (in target 'Album' from project 'Album')
    cd /Users/runner/work/Album-Prag/Album-Prag
    

SwiftCompile normal arm64 /Users/runner/work/Album-Prag/Album-Prag/Album/Design.swift (in target 'Album' from project 'Album')
    cd /Users/runner/work/Album-Prag/Album-Prag
    

SwiftCompile normal arm64 /Users/runner/work/Album-Prag/Album-Prag/Album/InboxView.swift (in target 'Album' from project 'Album')
    cd /Users/runner/work/Album-Prag/Album-Prag
    

SwiftCompile normal arm64 /Users/runner/work/Album-Prag/Album-Prag/Album/Stitch/InvitationMoment.swift (in target 'Album' from project 'Album')
    cd /Users/runner/work/Album-Prag/Album-Prag
    

SwiftCompile normal arm64 /Users/runner/work/Album-Prag/Album-Prag/Album/Stitch/LetterSlot.swift (in target 'Album' from project 'Album')
    cd /Users/runner/work/Album-Prag/Album-Prag
    

SwiftCompile normal arm64 /Users/runner/work/Album-Prag/Album-Prag/Album/MapPinClustering.swift (in target 'Album' from project 'Album')
    cd /Users/runner/work/Album-Prag/Album-Prag
    

SwiftCompile normal arm64 /Users/runner/work/Album-Prag/Album-Prag/Album/Models.swift (in target 'Album' from project 'Album')
    cd /Users/runner/work/Album-Prag/Album-Prag
    

SwiftCompile normal arm64 /Users/runner/work/Album-Prag/Album-Prag/Album/OpeningHours.swift (in target 'Album' from project 'Album')
    cd /Users/runner/work/Album-Prag/Album-Prag
    

SwiftCompile normal arm64 /Users/runner/work/Album-Prag/Album-Prag/Album/Stitch/PhotoStack.swift (in target 'Album' from project 'Album')
    cd /Users/runner/work/Album-Prag/Album-Prag
    

SwiftCompile normal arm64 /Users/runner/work/Album-Prag/Album-Prag/Album/PlaceEditor.swift (in target 'Album' from project 'Album')
    cd /Users/runner/work/Album-Prag/Album-Prag
    

SwiftCompile normal arm64 /Users/runner/work/Album-Prag/Album-Prag/Album/PlaceImageService.swift (in target 'Album' from project 'Album')
    cd /Users/runner/work/Album-Prag/Album-Prag
    

SwiftCompile normal arm64 /Users/runner/work/Album-Prag/Album-Prag/Album/PlaceImageStorage.swift (in target 'Album' from project 'Album')
    cd /Users/runner/work/Album-Prag/Album-Prag
    

SwiftCompile normal arm64 /Users/runner/work/Album-Prag/Album-Prag/Album/PlacesDrawer.swift (in target 'Album' from project 'Album')
    cd /Users/runner/work/Album-Prag/Album-Prag
    

SwiftCompile normal arm64 Compiling\ ReiseExtras.swift,\ ReiseView.swift,\ ShareInbox.swift,\ Stitch.swift,\ SupabaseSync.swift,\ SyncIsland.swift,\ TripDataViews.swift,\ TripDocumentParser.swift,\ TripDocumentsView.swift,\ TripMapView.swift,\ TripMemoriesView.swift,\ VisitedTrack.swift,\ GeneratedAssetSymbols.swift /Users/runner/work/Album-Prag/Album-Prag/Album/Stitch/ReiseExtras.swift /Users/runner/work/Album-Prag/Album-Prag/Album/Stitch/ReiseView.swift /Users/runner/work/Album-Prag/Album-Prag/Shared/ShareInbox.swift /Users/runner/work/Album-Prag/Album-Prag/Album/Stitch/Stitch.swift /Users/runner/work/Album-Prag/Album-Prag/Album/SupabaseSync.swift /Users/runner/work/Album-Prag/Album-Prag/Album/Stitch/SyncIsland.swift /Users/runner/work/Album-Prag/Album-Prag/Album/Stitch/TripDataViews.swift /Users/runner/work/Album-Prag/Album-Prag/Album/TripDocumentParser.swift /Users/runner/work/Album-Prag/Album-Prag/Album/TripDocumentsView.swift /Users/runner/work/Album-Prag/Album-Prag/Album/TripMapView.swift /Users/runner/work/Album-Prag/Album-Prag/Album/Stitch/TripMemoriesView.swift /Users/runner/work/Album-Prag/Album-Prag/Album/Stitch/VisitedTrack.swift /Users/runner/work/Album-Prag/Album-Prag/DerivedData/Build/Intermediates.noindex/Album.build/Debug-iphonesimulator/Album.build/DerivedSources/GeneratedAssetSymbols.swift (in target 'Album' from project 'Album')

SwiftCompile normal arm64 /Users/runner/work/Album-Prag/Album-Prag/Album/Stitch/ReiseExtras.swift (in target 'Album' from project 'Album')
    cd /Users/runner/work/Album-Prag/Album-Prag
    
/Users/runner/work/Album-Prag/Album-Prag/Album/SupabaseSync.swift:520:13: warning: no 'async' operations occur within 'await' expression
            await self?.realtimeFinished(tripID: tripID, attemptID: attemptID)
            ^

SwiftCompile normal arm64 /Users/runner/work/Album-Prag/Album-Prag/Album/Stitch/ReiseView.swift (in target 'Album' from project 'Album')
    cd /Users/runner/work/Album-Prag/Album-Prag
    
/Users/runner/work/Album-Prag/Album-Prag/Album/SupabaseSync.swift:520:13: warning: no 'async' operations occur within 'await' expression
            await self?.realtimeFinished(tripID: tripID, attemptID: attemptID)
            ^

SwiftCompile normal arm64 /Users/runner/work/Album-Prag/Album-Prag/Shared/ShareInbox.swift (in target 'Album' from project 'Album')
    cd /Users/runner/work/Album-Prag/Album-Prag
    
/Users/runner/work/Album-Prag/Album-Prag/Album/SupabaseSync.swift:520:13: warning: no 'async' operations occur within 'await' expression
            await self?.realtimeFinished(tripID: tripID, attemptID: attemptID)
            ^

SwiftCompile normal arm64 /Users/runner/work/Album-Prag/Album-Prag/Album/Stitch/Stitch.swift (in target 'Album' from project 'Album')
    cd /Users/runner/work/Album-Prag/Album-Prag
    
/Users/runner/work/Album-Prag/Album-Prag/Album/SupabaseSync.swift:520:13: warning: no 'async' operations occur within 'await' expression
            await self?.realtimeFinished(tripID: tripID, attemptID: attemptID)
            ^

SwiftCompile normal arm64 /Users/runner/work/Album-Prag/Album-Prag/Album/SupabaseSync.swift (in target 'Album' from project 'Album')
    cd /Users/runner/work/Album-Prag/Album-Prag
    
/Users/runner/work/Album-Prag/Album-Prag/Album/SupabaseSync.swift:520:13: warning: no 'async' operations occur within 'await' expression
            await self?.realtimeFinished(tripID: tripID, attemptID: attemptID)
            ^

SwiftCompile normal arm64 /Users/runner/work/Album-Prag/Album-Prag/Album/Stitch/SyncIsland.swift (in target 'Album' from project 'Album')
    cd /Users/runner/work/Album-Prag/Album-Prag
    
/Users/runner/work/Album-Prag/Album-Prag/Album/SupabaseSync.swift:520:13: warning: no 'async' operations occur within 'await' expression
            await self?.realtimeFinished(tripID: tripID, attemptID: attemptID)
            ^

SwiftCompile normal arm64 /Users/runner/work/Album-Prag/Album-Prag/Album/Stitch/TripDataViews.swift (in target 'Album' from project 'Album')
    cd /Users/runner/work/Album-Prag/Album-Prag
    
/Users/runner/work/Album-Prag/Album-Prag/Album/SupabaseSync.swift:520:13: warning: no 'async' operations occur within 'await' expression
            await self?.realtimeFinished(tripID: tripID, attemptID: attemptID)
            ^

SwiftCompile normal arm64 /Users/runner/work/Album-Prag/Album-Prag/Album/TripDocumentParser.swift (in target 'Album' from project 'Album')
    cd /Users/runner/work/Album-Prag/Album-Prag
    
/Users/runner/work/Album-Prag/Album-Prag/Album/SupabaseSync.swift:520:13: warning: no 'async' operations occur within 'await' expression
            await self?.realtimeFinished(tripID: tripID, attemptID: attemptID)
            ^

SwiftCompile normal arm64 /Users/runner/work/Album-Prag/Album-Prag/Album/TripDocumentsView.swift (in target 'Album' from project 'Album')
    cd /Users/runner/work/Album-Prag/Album-Prag
    
/Users/runner/work/Album-Prag/Album-Prag/Album/SupabaseSync.swift:520:13: warning: no 'async' operations occur within 'await' expression
            await self?.realtimeFinished(tripID: tripID, attemptID: attemptID)
            ^

SwiftCompile normal arm64 /Users/runner/work/Album-Prag/Album-Prag/Album/TripMapView.swift (in target 'Album' from project 'Album')
    cd /Users/runner/work/Album-Prag/Album-Prag
    
/Users/runner/work/Album-Prag/Album-Prag/Album/SupabaseSync.swift:520:13: warning: no 'async' operations occur within 'await' expression
            await self?.realtimeFinished(tripID: tripID, attemptID: attemptID)
            ^

SwiftCompile normal arm64 /Users/runner/work/Album-Prag/Album-Prag/Album/Stitch/TripMemoriesView.swift (in target 'Album' from project 'Album')
    cd /Users/runner/work/Album-Prag/Album-Prag
    
/Users/runner/work/Album-Prag/Album-Prag/Album/SupabaseSync.swift:520:13: warning: no 'async' operations occur within 'await' expression
            await self?.realtimeFinished(tripID: tripID, attemptID: attemptID)
            ^

SwiftCompile normal arm64 /Users/runner/work/Album-Prag/Album-Prag/Album/Stitch/VisitedTrack.swift (in target 'Album' from project 'Album')
    cd /Users/runner/work/Album-Prag/Album-Prag
    
/Users/runner/work/Album-Prag/Album-Prag/Album/SupabaseSync.swift:520:13: warning: no 'async' operations occur within 'await' expression
            await self?.realtimeFinished(tripID: tripID, attemptID: attemptID)
            ^

SwiftCompile normal arm64 /Users/runner/work/Album-Prag/Album-Prag/DerivedData/Build/Intermediates.noindex/Album.build/Debug-iphonesimulator/Album.build/DerivedSources/GeneratedAssetSymbols.swift (in target 'Album' from project 'Album')
    cd /Users/runner/work/Album-Prag/Album-Prag
    
/Users/runner/work/Album-Prag/Album-Prag/Album/SupabaseSync.swift:520:13: warning: no 'async' operations occur within 'await' expression
            await self?.realtimeFinished(tripID: tripID, attemptID: attemptID)
            ^

SwiftDriverJobDiscovery normal arm64 Emitting module for Album (in target 'Album' from project 'Album')

SwiftDriver\ Compilation\ Requirements Album normal arm64 com.apple.xcode.tools.swift.compiler (in target 'Album' from project 'Album')
    cd /Users/runner/work/Album-Prag/Album-Prag
    builtin-Swift-Compilation-Requirements -- /Applications/Xcode_26.6.app/Contents/Developer/Toolchains/XcodeDefault.xctoolchain/usr/bin/swiftc -module-name Album -Onone @/Users/runner/work/Album-Prag/Album-Prag/DerivedData/Build/Intermediates.noindex/Album.build/Debug-iphonesimulator/Album.build/Objects-normal/arm64/Album.SwiftFileList -DDEBUG -enable-bare-slash-regex -enable-experimental-feature DebugDescriptionMacro -sdk /Applications/Xcode_26.6.app/Contents/Developer/Platforms/iPhoneSimulator.platform/Developer/SDKs/iPhoneSimulator26.5.sdk -target arm64-apple-ios17.0-simulator -g -module-cache-path /Users/runner/work/Album-Prag/Album-Prag/DerivedData/ModuleCache.noindex -Xfrontend -serialize-debugging-options -enable-testing -index-store-path /Users/runner/work/Album-Prag/Album-Prag/DerivedData/Index.noindex/DataStore -Xcc -D_LIBCPP_HARDENING_MODE\=_LIBCPP_HARDENING_MODE_DEBUG -swift-version 5 -I /Users/runner/work/Album-Prag/Album-Prag/DerivedData/Build/Products/Debug-iphonesimulator -F /Users/runner/work/Album-Prag/Album-Prag/DerivedData/Build/Products/Debug-iphonesimulator/PackageFrameworks -F /Users/runner/work/Album-Prag/Album-Prag/DerivedData/Build/Products/Debug-iphonesimulator/PackageFrameworks -F /Users/runner/work/Album-Prag/Album-Prag/DerivedData/Build/Products/Debug-iphonesimulator/PackageFrameworks -F /Users/runner/work/Album-Prag/Album-Prag/DerivedData/Build/Products/Debug-iphonesimulator/PackageFrameworks -F /Users/runner/work/Album-Prag/Album-Prag/DerivedData/Build/Products/Debug-iphonesimulator/PackageFrameworks -F /Users/runner/work/Album-Prag/Album-Prag/DerivedData/Build/Products/Debug-iphonesimulator/PackageFrameworks -F /Users/runner/work/Album-Prag/Album-Prag/DerivedData/Build/Products/Debug-iphonesimulator/PackageFrameworks -F /Users/runner/work/Album-Prag/Album-Prag/DerivedData/Build/Products/Debug-iphonesimulator/PackageFrameworks -F /Users/runner/work/Album-Prag/Album-Prag/DerivedData/Build/Products/Debug-iphonesimulator/PackageFrameworks -F /Users/runner/work/Album-Prag/Album-Prag/DerivedData/Build/Products/Debug-iphonesimulator/PackageFrameworks -F /Users/runner/work/Album-Prag/Album-Prag/DerivedData/Build/Products/Debug-iphonesimulator/PackageFrameworks -F /Users/runner/work/Album-Prag/Album-Prag/DerivedData/Build/Products/Debug-iphonesimulator/PackageFrameworks -F /Users/runner/work/Album-Prag/Album-Prag/DerivedData/Build/Products/Debug-iphonesimulator/PackageFrameworks -F /Users/runner/work/Album-Prag/Album-Prag/DerivedData/Build/Products/Debug-iphonesimulator/PackageFrameworks -F /Users/runner/work/Album-Prag/Album-Prag/DerivedData/Build/Products/Debug-iphonesimulator -c -j3 -enable-batch-mode -incremental -Xcc -ivfsstatcache -Xcc /Users/runner/work/Album-Prag/Album-Prag/DerivedData/SDKStatCaches.noindex/iphonesimulator26.5-23F81a-688ef53f1462e2c8f657fdc38a81448ff45c64a1807a658693f2a61704f17a36.sdkstatcache -output-file-map /Users/runner/work/Album-Prag/Album-Prag/DerivedData/Build/Intermediates.noindex/Album.build/Debug-iphonesimulator/Album.build/Objects-normal/arm64/Album-OutputFileMap.json -use-frontend-parseable-output -save-temps -no-color-diagnostics -explicit-module-build -module-cache-path /Users/runner/work/Album-Prag/Album-Prag/DerivedData/Build/Intermediates.noindex/SwiftExplicitPrecompiledModules -clang-scanner-module-cache-path /Users/runner/work/Album-Prag/Album-Prag/DerivedData/ModuleCache.noindex -sdk-module-cache-path /Users/runner/work/Album-Prag/Album-Prag/DerivedData/ModuleCache.noindex -serialize-diagnostics -emit-dependencies -emit-module -emit-module-path /Users/runner/work/Album-Prag/Album-Prag/DerivedData/Build/Intermediates.noindex/Album.build/Debug-iphonesimulator/Album.build/Objects-normal/arm64/Album.swiftmodule -validate-clang-modules-once -clang-build-session-file /Users/runner/work/Album-Prag/Album-Prag/DerivedData/ModuleCache.noindex/Session.modulevalidation -Xcc -I/Users/runner/work/Album-Prag/Album-Prag/DerivedData/Build/Intermediates.noindex/Album.build/Debug-iphonesimulator/Album.build/swift-overrides.hmap -emit-const-values -Xfrontend -const-gather-protocols-file -Xfrontend /Users/runner/work/Album-Prag/Album-Prag/DerivedData/Build/Intermediates.noindex/Album.build/Debug-iphonesimulator/Album.build/Objects-normal/arm64/Album_const_extract_protocols.json -Xcc -iquote -Xcc /Users/runner/work/Album-Prag/Album-Prag/DerivedData/Build/Intermediates.noindex/Album.build/Debug-iphonesimulator/Album.build/Album-generated-files.hmap -Xcc -I/Users/runner/work/Album-Prag/Album-Prag/DerivedData/Build/Intermediates.noindex/Album.build/Debug-iphonesimulator/Album.build/Album-own-target-headers.hmap -Xcc -I/Users/runner/work/Album-Prag/Album-Prag/DerivedData/Build/Intermediates.noindex/Album.build/Debug-iphonesimulator/Album.build/Album-all-non-framework-target-headers.hmap -Xcc -ivfsoverlay -Xcc /Users/runner/work/Album-Prag/Album-Prag/DerivedData/Build/Intermediates.noindex/Album.build/Debug-iphonesimulator/Album-59f78f5c0bff10c2956812cb85339bbd-VFS-iphonesimulator/all-product-headers.yaml -Xcc -iquote -Xcc /Users/runner/work/Album-Prag/Album-Prag/DerivedData/Build/Intermediates.noindex/Album.build/Debug-iphonesimulator/Album.build/Album-project-headers.hmap -Xcc -I/Users/runner/work/Album-Prag/Album-Prag/DerivedData/Build/Products/Debug-iphonesimulator/include -Xcc -I/Users/runner/work/Album-Prag/Album-Prag/DerivedData/Build/Intermediates.noindex/Album.build/Debug-iphonesimulator/Album.build/DerivedSources-normal/arm64 -Xcc -I/Users/runner/work/Album-Prag/Album-Prag/DerivedData/Build/Intermediates.noindex/Album.build/Debug-iphonesimulator/Album.build/DerivedSources/arm64 -Xcc -I/Users/runner/work/Album-Prag/Album-Prag/DerivedData/Build/Intermediates.noindex/Album.build/Debug-iphonesimulator/Album.build/DerivedSources -Xcc -DDEBUG\=1 -emit-objc-header -emit-objc-header-path /Users/runner/work/Album-Prag/Album-Prag/DerivedData/Build/Intermediates.noindex/Album.build/Debug-iphonesimulator/Album.build/Objects-normal/arm64/Album-Swift.h -working-directory /Users/runner/work/Album-Prag/Album-Prag -experimental-emit-module-separately -disable-cmo

SwiftDriverJobDiscovery normal arm64 Compiling ReiseExtras.swift, ReiseView.swift, ShareInbox.swift, Stitch.swift, SupabaseSync.swift, SyncIsland.swift, TripDataViews.swift, TripDocumentParser.swift, TripDocumentsView.swift, TripMapView.swift, TripMemoriesView.swift, VisitedTrack.swift, GeneratedAssetSymbols.swift (in target 'Album' from project 'Album')

SwiftCompile normal arm64 Compiling\ AlbumApp.swift,\ AlbumRoot.swift,\ AlbumSettings.swift,\ AlbumStore.swift,\ AssistantActions.swift,\ AssistantModels.swift,\ AssistantService.swift,\ AssistantSession.swift,\ AssistantView.swift,\ BoardingPass.swift,\ CollectionModels.swift,\ CollectionPlaceSuggestions.swift,\ CollectionStore.swift,\ CollectionViews.swift /Users/runner/work/Album-Prag/Album-Prag/Album/AlbumApp.swift /Users/runner/work/Album-Prag/Album-Prag/Album/AlbumRoot.swift /Users/runner/work/Album-Prag/Album-Prag/Album/AlbumSettings.swift /Users/runner/work/Album-Prag/Album-Prag/Album/AlbumStore.swift /Users/runner/work/Album-Prag/Album-Prag/Album/AssistantActions.swift /Users/runner/work/Album-Prag/Album-Prag/Album/AssistantModels.swift /Users/runner/work/Album-Prag/Album-Prag/Album/AssistantService.swift /Users/runner/work/Album-Prag/Album-Prag/Album/AssistantSession.swift /Users/runner/work/Album-Prag/Album-Prag/Album/AssistantView.swift /Users/runner/work/Album-Prag/Album-Prag/Album/Stitch/BoardingPass.swift /Users/runner/work/Album-Prag/Album-Prag/Album/CollectionModels.swift /Users/runner/work/Album-Prag/Album-Prag/Album/CollectionPlaceSuggestions.swift /Users/runner/work/Album-Prag/Album-Prag/Album/CollectionStore.swift /Users/runner/work/Album-Prag/Album-Prag/Album/CollectionViews.swift (in target 'Album' from project 'Album')

SwiftCompile normal arm64 /Users/runner/work/Album-Prag/Album-Prag/Album/AlbumApp.swift (in target 'Album' from project 'Album')
    cd /Users/runner/work/Album-Prag/Album-Prag
    

SwiftCompile normal arm64 /Users/runner/work/Album-Prag/Album-Prag/Album/AlbumRoot.swift (in target 'Album' from project 'Album')
    cd /Users/runner/work/Album-Prag/Album-Prag
    

SwiftCompile normal arm64 /Users/runner/work/Album-Prag/Album-Prag/Album/AlbumSettings.swift (in target 'Album' from project 'Album')
    cd /Users/runner/work/Album-Prag/Album-Prag
    

SwiftCompile normal arm64 /Users/runner/work/Album-Prag/Album-Prag/Album/AlbumStore.swift (in target 'Album' from project 'Album')
    cd /Users/runner/work/Album-Prag/Album-Prag
    

SwiftCompile normal arm64 /Users/runner/work/Album-Prag/Album-Prag/Album/AssistantActions.swift (in target 'Album' from project 'Album')
    cd /Users/runner/work/Album-Prag/Album-Prag
    

SwiftCompile normal arm64 /Users/runner/work/Album-Prag/Album-Prag/Album/AssistantModels.swift (in target 'Album' from project 'Album')
    cd /Users/runner/work/Album-Prag/Album-Prag
    

SwiftCompile normal arm64 /Users/runner/work/Album-Prag/Album-Prag/Album/AssistantService.swift (in target 'Album' from project 'Album')
    cd /Users/runner/work/Album-Prag/Album-Prag
    
/Users/runner/work/Album-Prag/Album-Prag/Album/AssistantService.swift:156:61: warning: conformance of 'AssistantLocationProvider' to protocol 'CLLocationManagerDelegate' crosses into main actor-isolated code and can cause data races; this is an error in the Swift 6 language mode
@MainActor final class AssistantLocationProvider: NSObject, CLLocationManagerDelegate {
                                                            ^
/Users/runner/work/Album-Prag/Album-Prag/Album/AssistantService.swift:156:61: note: isolate this conformance to the main actor with '@MainActor'
@MainActor final class AssistantLocationProvider: NSObject, CLLocationManagerDelegate {
                                                            ^
                                                            @MainActor 
/Users/runner/work/Album-Prag/Album-Prag/Album/AssistantService.swift:156:24: note: mark all declarations used in the conformance 'nonisolated'
@MainActor final class AssistantLocationProvider: NSObject, CLLocationManagerDelegate {
                       ^
/Users/runner/work/Album-Prag/Album-Prag/Album/AssistantService.swift:156:61: note: turn data races into runtime errors with '@preconcurrency'
@MainActor final class AssistantLocationProvider: NSObject, CLLocationManagerDelegate {
                                                            ^
                                                            @preconcurrency 
/Users/runner/work/Album-Prag/Album-Prag/Album/AssistantService.swift:182:10: note: main actor-isolated instance method 'locationManager(_:didUpdateLocations:)' cannot satisfy nonisolated requirement
    func locationManager(_ manager: CLLocationManager, didUpdateLocations locations: [CLLocation]) {
         ^
/Users/runner/work/Album-Prag/Album-Prag/Album/AssistantService.swift:186:10: note: main actor-isolated instance method 'locationManager(_:didFailWithError:)' cannot satisfy nonisolated requirement
    func locationManager(_ manager: CLLocationManager, didFailWithError error: Error) {
         ^
/Users/runner/work/Album-Prag/Album-Prag/Album/AssistantService.swift:178:10: note: main actor-isolated instance method 'locationManagerDidChangeAuthorization' cannot satisfy nonisolated requirement
    func locationManagerDidChangeAuthorization(_ manager: CLLocationManager) {
         ^

SwiftCompile normal arm64 /Users/runner/work/Album-Prag/Album-Prag/Album/AssistantSession.swift (in target 'Album' from project 'Album')
    cd /Users/runner/work/Album-Prag/Album-Prag
    

SwiftCompile normal arm64 /Users/runner/work/Album-Prag/Album-Prag/Album/AssistantView.swift (in target 'Album' from project 'Album')
    cd /Users/runner/work/Album-Prag/Album-Prag
    

SwiftCompile normal arm64 /Users/runner/work/Album-Prag/Album-Prag/Album/Stitch/BoardingPass.swift (in target 'Album' from project 'Album')
    cd /Users/runner/work/Album-Prag/Album-Prag
    

SwiftCompile normal arm64 /Users/runner/work/Album-Prag/Album-Prag/Album/CollectionModels.swift (in target 'Album' from project 'Album')
    cd /Users/runner/work/Album-Prag/Album-Prag
    

SwiftCompile normal arm64 /Users/runner/work/Album-Prag/Album-Prag/Album/CollectionPlaceSuggestions.swift (in target 'Album' from project 'Album')
    cd /Users/runner/work/Album-Prag/Album-Prag
    

SwiftCompile normal arm64 /Users/runner/work/Album-Prag/Album-Prag/Album/CollectionStore.swift (in target 'Album' from project 'Album')
    cd /Users/runner/work/Album-Prag/Album-Prag
    

SwiftCompile normal arm64 /Users/runner/work/Album-Prag/Album-Prag/Album/CollectionViews.swift (in target 'Album' from project 'Album')
    cd /Users/runner/work/Album-Prag/Album-Prag
    

SwiftMergeGeneratedHeaders /Users/runner/work/Album-Prag/Album-Prag/DerivedData/Build/Intermediates.noindex/Album.build/Debug-iphonesimulator/Album.build/DerivedSources/Album-Swift.h /Users/runner/work/Album-Prag/Album-Prag/DerivedData/Build/Intermediates.noindex/Album.build/Debug-iphonesimulator/Album.build/Objects-normal/arm64/Album-Swift.h (in target 'Album' from project 'Album')
    cd /Users/runner/work/Album-Prag/Album-Prag
    builtin-swiftHeaderTool -arch arm64 /Users/runner/work/Album-Prag/Album-Prag/DerivedData/Build/Intermediates.noindex/Album.build/Debug-iphonesimulator/Album.build/Objects-normal/arm64/Album-Swift.h -o /Users/runner/work/Album-Prag/Album-Prag/DerivedData/Build/Intermediates.noindex/Album.build/Debug-iphonesimulator/Album.build/DerivedSources/Album-Swift.h

SwiftDriverJobDiscovery normal arm64 Compiling DayPlanGenerator.swift, DayPlanPreview.swift, Design.swift, InboxView.swift, InvitationMoment.swift, LetterSlot.swift, MapPinClustering.swift, Models.swift, OpeningHours.swift, PhotoStack.swift, PlaceEditor.swift, PlaceImageService.swift, PlaceImageStorage.swift, PlacesDrawer.swift (in target 'Album' from project 'Album')

Copy /Users/runner/work/Album-Prag/Album-Prag/DerivedData/Build/Products/Debug-iphonesimulator/Album.swiftmodule/arm64-apple-ios-simulator.swiftmodule /Users/runner/work/Album-Prag/Album-Prag/DerivedData/Build/Intermediates.noindex/Album.build/Debug-iphonesimulator/Album.build/Objects-normal/arm64/Album.swiftmodule (in target 'Album' from project 'Album')
    cd /Users/runner/work/Album-Prag/Album-Prag
    builtin-copy -exclude .DS_Store -exclude CVS -exclude .svn -exclude .git -exclude .hg -resolve-src-symlinks -rename /Users/runner/work/Album-Prag/Album-Prag/DerivedData/Build/Intermediates.noindex/Album.build/Debug-iphonesimulator/Album.build/Objects-normal/arm64/Album.swiftmodule /Users/runner/work/Album-Prag/Album-Prag/DerivedData/Build/Products/Debug-iphonesimulator/Album.swiftmodule/arm64-apple-ios-simulator.swiftmodule

Copy /Users/runner/work/Album-Prag/Album-Prag/DerivedData/Build/Products/Debug-iphonesimulator/Album.swiftmodule/arm64-apple-ios-simulator.swiftdoc /Users/runner/work/Album-Prag/Album-Prag/DerivedData/Build/Intermediates.noindex/Album.build/Debug-iphonesimulator/Album.build/Objects-normal/arm64/Album.swiftdoc (in target 'Album' from project 'Album')
    cd /Users/runner/work/Album-Prag/Album-Prag
    builtin-copy -exclude .DS_Store -exclude CVS -exclude .svn -exclude .git -exclude .hg -resolve-src-symlinks -rename /Users/runner/work/Album-Prag/Album-Prag/DerivedData/Build/Intermediates.noindex/Album.build/Debug-iphonesimulator/Album.build/Objects-normal/arm64/Album.swiftdoc /Users/runner/work/Album-Prag/Album-Prag/DerivedData/Build/Products/Debug-iphonesimulator/Album.swiftmodule/arm64-apple-ios-simulator.swiftdoc

Copy /Users/runner/work/Album-Prag/Album-Prag/DerivedData/Build/Products/Debug-iphonesimulator/Album.swiftmodule/arm64-apple-ios-simulator.abi.json /Users/runner/work/Album-Prag/Album-Prag/DerivedData/Build/Intermediates.noindex/Album.build/Debug-iphonesimulator/Album.build/Objects-normal/arm64/Album.abi.json (in target 'Album' from project 'Album')
    cd /Users/runner/work/Album-Prag/Album-Prag
    builtin-copy -exclude .DS_Store -exclude CVS -exclude .svn -exclude .git -exclude .hg -resolve-src-symlinks -rename /Users/runner/work/Album-Prag/Album-Prag/DerivedData/Build/Intermediates.noindex/Album.build/Debug-iphonesimulator/Album.build/Objects-normal/arm64/Album.abi.json /Users/runner/work/Album-Prag/Album-Prag/DerivedData/Build/Products/Debug-iphonesimulator/Album.swiftmodule/arm64-apple-ios-simulator.abi.json

Copy /Users/runner/work/Album-Prag/Album-Prag/DerivedData/Build/Products/Debug-iphonesimulator/Album.swiftmodule/Project/arm64-apple-ios-simulator.swiftsourceinfo /Users/runner/work/Album-Prag/Album-Prag/DerivedData/Build/Intermediates.noindex/Album.build/Debug-iphonesimulator/Album.build/Objects-normal/arm64/Album.swiftsourceinfo (in target 'Album' from project 'Album')
    cd /Users/runner/work/Album-Prag/Album-Prag
    builtin-copy -exclude .DS_Store -exclude CVS -exclude .svn -exclude .git -exclude .hg -resolve-src-symlinks -rename /Users/runner/work/Album-Prag/Album-Prag/DerivedData/Build/Intermediates.noindex/Album.build/Debug-iphonesimulator/Album.build/Objects-normal/arm64/Album.swiftsourceinfo /Users/runner/work/Album-Prag/Album-Prag/DerivedData/Build/Products/Debug-iphonesimulator/Album.swiftmodule/Project/arm64-apple-ios-simulator.swiftsourceinfo

ProcessProductPackaging "" /Users/runner/work/Album-Prag/Album-Prag/DerivedData/Build/Intermediates.noindex/Album.build/Debug-iphonesimulator/AlbumUITests.build/AlbumUITests.xctest-Simulated.xcent (in target 'AlbumUITests' from project 'Album')
    cd /Users/runner/work/Album-Prag/Album-Prag
    
    Entitlements:
    
    {
    "application-identifier" = "FAKETEAMID.de.privatealbum.AlbumUITests.xctrunner";
    "keychain-access-groups" =     (
        "FAKETEAMID.de.privatealbum.AlbumUITests.xctrunner"
    );
}
    
    builtin-productPackagingUtility -entitlements -format xml -o /Users/runner/work/Album-Prag/Album-Prag/DerivedData/Build/Intermediates.noindex/Album.build/Debug-iphonesimulator/AlbumUITests.build/AlbumUITests.xctest-Simulated.xcent

ProcessProductPackagingDER /Users/runner/work/Album-Prag/Album-Prag/DerivedData/Build/Intermediates.noindex/Album.build/Debug-iphonesimulator/AlbumUITests.build/AlbumUITests.xctest-Simulated.xcent /Users/runner/work/Album-Prag/Album-Prag/DerivedData/Build/Intermediates.noindex/Album.build/Debug-iphonesimulator/AlbumUITests.build/AlbumUITests.xctest-Simulated.xcent.der (in target 'AlbumUITests' from project 'Album')
    cd /Users/runner/work/Album-Prag/Album-Prag
    /usr/bin/derq query -f xml -i /Users/runner/work/Album-Prag/Album-Prag/DerivedData/Build/Intermediates.noindex/Album.build/Debug-iphonesimulator/AlbumUITests.build/AlbumUITests.xctest-Simulated.xcent -o /Users/runner/work/Album-Prag/Album-Prag/DerivedData/Build/Intermediates.noindex/Album.build/Debug-iphonesimulator/AlbumUITests.build/AlbumUITests.xctest-Simulated.xcent.der --raw

SwiftDriver AlbumUITests normal arm64 com.apple.xcode.tools.swift.compiler (in target 'AlbumUITests' from project 'Album')
    cd /Users/runner/work/Album-Prag/Album-Prag
    builtin-SwiftDriver -- /Applications/Xcode_26.6.app/Contents/Developer/Toolchains/XcodeDefault.xctoolchain/usr/bin/swiftc -module-name AlbumUITests -Onone @/Users/runner/work/Album-Prag/Album-Prag/DerivedData/Build/Intermediates.noindex/Album.build/Debug-iphonesimulator/AlbumUITests.build/Objects-normal/arm64/AlbumUITests.SwiftFileList -DDEBUG -module-alias Testing\=_Testing_Unavailable -plugin-path /Applications/Xcode_26.6.app/Contents/Developer/Toolchains/XcodeDefault.xctoolchain/usr/lib/swift/host/plugins/testing -enable-bare-slash-regex -enable-experimental-feature DebugDescriptionMacro -sdk /Applications/Xcode_26.6.app/Contents/Developer/Platforms/iPhoneSimulator.platform/Developer/SDKs/iPhoneSimulator26.5.sdk -target arm64-apple-ios17.0-simulator -g -module-cache-path /Users/runner/work/Album-Prag/Album-Prag/DerivedData/ModuleCache.noindex -Xfrontend -serialize-debugging-options -enable-testing -index-store-path /Users/runner/work/Album-Prag/Album-Prag/DerivedData/Index.noindex/DataStore -Xcc -D_LIBCPP_HARDENING_MODE\=_LIBCPP_HARDENING_MODE_DEBUG -swift-version 5 -I /Users/runner/work/Album-Prag/Album-Prag/DerivedData/Build/Products/Debug-iphonesimulator -Isystem /Applications/Xcode_26.6.app/Contents/Developer/Platforms/iPhoneSimulator.platform/Developer/usr/lib -F /Users/runner/work/Album-Prag/Album-Prag/DerivedData/Build/Products/Debug-iphonesimulator -F /Applications/Xcode_26.6.app/Contents/Developer/Platforms/iPhoneSimulator.platform/Developer/Library/Frameworks -F /Applications/Xcode_26.6.app/Contents/Developer/Platforms/iPhoneSimulator.platform/Developer/SDKs/iPhoneSimulator26.5.sdk/Developer/Library/Frameworks -c -j3 -enable-batch-mode -incremental -Xcc -ivfsstatcache -Xcc /Users/runner/work/Album-Prag/Album-Prag/DerivedData/SDKStatCaches.noindex/iphonesimulator26.5-23F81a-688ef53f1462e2c8f657fdc38a81448ff45c64a1807a658693f2a61704f17a36.sdkstatcache -output-file-map /Users/runner/work/Album-Prag/Album-Prag/DerivedData/Build/Intermediates.noindex/Album.build/Debug-iphonesimulator/AlbumUITests.build/Objects-normal/arm64/AlbumUITests-OutputFileMap.json -use-frontend-parseable-output -save-temps -no-color-diagnostics -explicit-module-build -module-cache-path /Users/runner/work/Album-Prag/Album-Prag/DerivedData/Build/Intermediates.noindex/SwiftExplicitPrecompiledModules -clang-scanner-module-cache-path /Users/runner/work/Album-Prag/Album-Prag/DerivedData/ModuleCache.noindex -sdk-module-cache-path /Users/runner/work/Album-Prag/Album-Prag/DerivedData/ModuleCache.noindex -serialize-diagnostics -emit-dependencies -emit-module -emit-module-path /Users/runner/work/Album-Prag/Album-Prag/DerivedData/Build/Intermediates.noindex/Album.build/Debug-iphonesimulator/AlbumUITests.build/Objects-normal/arm64/AlbumUITests.swiftmodule -validate-clang-modules-once -clang-build-session-file /Users/runner/work/Album-Prag/Album-Prag/DerivedData/ModuleCache.noindex/Session.modulevalidation -Xcc -I/Users/runner/work/Album-Prag/Album-Prag/DerivedData/Build/Intermediates.noindex/Album.build/Debug-iphonesimulator/AlbumUITests.build/swift-overrides.hmap -emit-const-values -Xfrontend -const-gather-protocols-file -Xfrontend /Users/runner/work/Album-Prag/Album-Prag/DerivedData/Build/Intermediates.noindex/Album.build/Debug-iphonesimulator/AlbumUITests.build/Objects-normal/arm64/AlbumUITests_const_extract_protocols.json -Xcc -iquote -Xcc /Users/runner/work/Album-Prag/Album-Prag/DerivedData/Build/Intermediates.noindex/Album.build/Debug-iphonesimulator/AlbumUITests.build/AlbumUITests-generated-files.hmap -Xcc -I/Users/runner/work/Album-Prag/Album-Prag/DerivedData/Build/Intermediates.noindex/Album.build/Debug-iphonesimulator/AlbumUITests.build/AlbumUITests-own-target-headers.hmap -Xcc -I/Users/runner/work/Album-Prag/Album-Prag/DerivedData/Build/Intermediates.noindex/Album.build/Debug-iphonesimulator/AlbumUITests.build/AlbumUITests-all-non-framework-target-headers.hmap -Xcc -ivfsoverlay -Xcc /Users/runner/work/Album-Prag/Album-Prag/DerivedData/Build/Intermediates.noindex/Album.build/Debug-iphonesimulator/Album-59f78f5c0bff10c2956812cb85339bbd-VFS-iphonesimulator/all-product-headers.yaml -Xcc -iquote -Xcc /Users/runner/work/Album-Prag/Album-Prag/DerivedData/Build/Intermediates.noindex/Album.build/Debug-iphonesimulator/AlbumUITests.build/AlbumUITests-project-headers.hmap -Xcc -I/Users/runner/work/Album-Prag/Album-Prag/DerivedData/Build/Products/Debug-iphonesimulator/include -Xcc -I/Users/runner/work/Album-Prag/Album-Prag/DerivedData/Build/Intermediates.noindex/Album.build/Debug-iphonesimulator/AlbumUITests.build/DerivedSources-normal/arm64 -Xcc -I/Users/runner/work/Album-Prag/Album-Prag/DerivedData/Build/Intermediates.noindex/Album.build/Debug-iphonesimulator/AlbumUITests.build/DerivedSources/arm64 -Xcc -I/Users/runner/work/Album-Prag/Album-Prag/DerivedData/Build/Intermediates.noindex/Album.build/Debug-iphonesimulator/AlbumUITests.build/DerivedSources -Xcc -DDEBUG\=1 -emit-objc-header -emit-objc-header-path /Users/runner/work/Album-Prag/Album-Prag/DerivedData/Build/Intermediates.noindex/Album.build/Debug-iphonesimulator/AlbumUITests.build/Objects-normal/arm64/AlbumUITests-Swift.h -working-directory /Users/runner/work/Album-Prag/Album-Prag -experimental-emit-module-separately -disable-cmo

SwiftExplicitDependencyGeneratePcm arm64 /Users/runner/work/Album-Prag/Album-Prag/DerivedData/Build/Intermediates.noindex/SwiftExplicitPrecompiledModules/XCUIAutomation-FYEZ1GC58GK2VTFITWRZEMIN.pcm

SwiftDriver AlbumTests normal arm64 com.apple.xcode.tools.swift.compiler (in target 'AlbumTests' from project 'Album')
    cd /Users/runner/work/Album-Prag/Album-Prag
    builtin-SwiftDriver -- /Applications/Xcode_26.6.app/Contents/Developer/Toolchains/XcodeDefault.xctoolchain/usr/bin/swiftc -module-name AlbumTests -Onone @/Users/runner/work/Album-Prag/Album-Prag/DerivedData/Build/Intermediates.noindex/Album.build/Debug-iphonesimulator/AlbumTests.build/Objects-normal/arm64/AlbumTests.SwiftFileList -DDEBUG -plugin-path /Applications/Xcode_26.6.app/Contents/Developer/Toolchains/XcodeDefault.xctoolchain/usr/lib/swift/host/plugins/testing -enable-bare-slash-regex -enable-experimental-feature DebugDescriptionMacro -sdk /Applications/Xcode_26.6.app/Contents/Developer/Platforms/iPhoneSimulator.platform/Developer/SDKs/iPhoneSimulator26.5.sdk -target arm64-apple-ios17.0-simulator -g -module-cache-path /Users/runner/work/Album-Prag/Album-Prag/DerivedData/ModuleCache.noindex -Xfrontend -serialize-debugging-options -enable-testing -index-store-path /Users/runner/work/Album-Prag/Album-Prag/DerivedData/Index.noindex/DataStore -Xcc -D_LIBCPP_HARDENING_MODE\=_LIBCPP_HARDENING_MODE_DEBUG -swift-version 5 -I /Users/runner/work/Album-Prag/Album-Prag/DerivedData/Build/Products/Debug-iphonesimulator -Isystem /Applications/Xcode_26.6.app/Contents/Developer/Platforms/iPhoneSimulator.platform/Developer/usr/lib -F /Users/runner/work/Album-Prag/Album-Prag/DerivedData/Build/Products/Debug-iphonesimulator/PackageFrameworks -F /Users/runner/work/Album-Prag/Album-Prag/DerivedData/Build/Products/Debug-iphonesimulator/PackageFrameworks -F /Users/runner/work/Album-Prag/Album-Prag/DerivedData/Build/Products/Debug-iphonesimulator/PackageFrameworks -F /Users/runner/work/Album-Prag/Album-Prag/DerivedData/Build/Products/Debug-iphonesimulator/PackageFrameworks -F /Users/runner/work/Album-Prag/Album-Prag/DerivedData/Build/Products/Debug-iphonesimulator/PackageFrameworks -F /Users/runner/work/Album-Prag/Album-Prag/DerivedData/Build/Products/Debug-iphonesimulator/PackageFrameworks -F /Users/runner/work/Album-Prag/Album-Prag/DerivedData/Build/Products/Debug-iphonesimulator/PackageFrameworks -F /Users/runner/work/Album-Prag/Album-Prag/DerivedData/Build/Products/Debug-iphonesimulator/PackageFrameworks -F /Users/runner/work/Album-Prag/Album-Prag/DerivedData/Build/Products/Debug-iphonesimulator/PackageFrameworks -F /Users/runner/work/Album-Prag/Album-Prag/DerivedData/Build/Products/Debug-iphonesimulator/PackageFrameworks -F /Users/runner/work/Album-Prag/Album-Prag/DerivedData/Build/Products/Debug-iphonesimulator/PackageFrameworks -F /Users/runner/work/Album-Prag/Album-Prag/DerivedData/Build/Products/Debug-iphonesimulator/PackageFrameworks -F /Users/runner/work/Album-Prag/Album-Prag/DerivedData/Build/Products/Debug-iphonesimulator/PackageFrameworks -F /Users/runner/work/Album-Prag/Album-Prag/DerivedData/Build/Products/Debug-iphonesimulator/PackageFrameworks -F /Users/runner/work/Album-Prag/Album-Prag/DerivedData/Build/Products/Debug-iphonesimulator -F /Applications/Xcode_26.6.app/Contents/Developer/Platforms/iPhoneSimulator.platform/Developer/Library/Frameworks -F /Applications/Xcode_26.6.app/Contents/Developer/Platforms/iPhoneSimulator.platform/Developer/SDKs/iPhoneSimulator26.5.sdk/Developer/Library/Frameworks -c -j3 -enable-batch-mode -incremental -Xcc -ivfsstatcache -Xcc /Users/runner/work/Album-Prag/Album-Prag/DerivedData/SDKStatCaches.noindex/iphonesimulator26.5-23F81a-688ef53f1462e2c8f657fdc38a81448ff45c64a1807a658693f2a61704f17a36.sdkstatcache -output-file-map /Users/runner/work/Album-Prag/Album-Prag/DerivedData/Build/Intermediates.noindex/Album.build/Debug-iphonesimulator/AlbumTests.build/Objects-normal/arm64/AlbumTests-OutputFileMap.json -use-frontend-parseable-output -save-temps -no-color-diagnostics -explicit-module-build -module-cache-path /Users/runner/work/Album-Prag/Album-Prag/DerivedData/Build/Intermediates.noindex/SwiftExplicitPrecompiledModules -clang-scanner-module-cache-path /Users/runner/work/Album-Prag/Album-Prag/DerivedData/ModuleCache.noindex -sdk-module-cache-path /Users/runner/work/Album-Prag/Album-Prag/DerivedData/ModuleCache.noindex -serialize-diagnostics -emit-dependencies -emit-module -emit-module-path /Users/runner/work/Album-Prag/Album-Prag/DerivedData/Build/Intermediates.noindex/Album.build/Debug-iphonesimulator/AlbumTests.build/Objects-normal/arm64/AlbumTests.swiftmodule -validate-clang-modules-once -clang-build-session-file /Users/runner/work/Album-Prag/Album-Prag/DerivedData/ModuleCache.noindex/Session.modulevalidation -Xcc -I/Users/runner/work/Album-Prag/Album-Prag/DerivedData/Build/Intermediates.noindex/Album.build/Debug-iphonesimulator/AlbumTests.build/swift-overrides.hmap -emit-const-values -Xfrontend -const-gather-protocols-file -Xfrontend /Users/runner/work/Album-Prag/Album-Prag/DerivedData/Build/Intermediates.noindex/Album.build/Debug-iphonesimulator/AlbumTests.build/Objects-normal/arm64/AlbumTests_const_extract_protocols.json -Xcc -iquote -Xcc /Users/runner/work/Album-Prag/Album-Prag/DerivedData/Build/Intermediates.noindex/Album.build/Debug-iphonesimulator/AlbumTests.build/AlbumTests-generated-files.hmap -Xcc -I/Users/runner/work/Album-Prag/Album-Prag/DerivedData/Build/Intermediates.noindex/Album.build/Debug-iphonesimulator/AlbumTests.build/AlbumTests-own-target-headers.hmap -Xcc -I/Users/runner/work/Album-Prag/Album-Prag/DerivedData/Build/Intermediates.noindex/Album.build/Debug-iphonesimulator/AlbumTests.build/AlbumTests-all-non-framework-target-headers.hmap -Xcc -ivfsoverlay -Xcc /Users/runner/work/Album-Prag/Album-Prag/DerivedData/Build/Intermediates.noindex/Album.build/Debug-iphonesimulator/Album-59f78f5c0bff10c2956812cb85339bbd-VFS-iphonesimulator/all-product-headers.yaml -Xcc -iquote -Xcc /Users/runner/work/Album-Prag/Album-Prag/DerivedData/Build/Intermediates.noindex/Album.build/Debug-iphonesimulator/AlbumTests.build/AlbumTests-project-headers.hmap -Xcc -I/Users/runner/work/Album-Prag/Album-Prag/DerivedData/Build/Products/Debug-iphonesimulator/include -Xcc -I/Users/runner/work/Album-Prag/Album-Prag/DerivedData/Build/Intermediates.noindex/Album.build/Debug-iphonesimulator/AlbumTests.build/DerivedSources-normal/arm64 -Xcc -I/Users/runner/work/Album-Prag/Album-Prag/DerivedData/Build/Intermediates.noindex/Album.build/Debug-iphonesimulator/AlbumTests.build/DerivedSources/arm64 -Xcc -I/Users/runner/work/Album-Prag/Album-Prag/DerivedData/Build/Intermediates.noindex/Album.build/Debug-iphonesimulator/AlbumTests.build/DerivedSources -Xcc -DDEBUG\=1 -emit-objc-header -emit-objc-header-path /Users/runner/work/Album-Prag/Album-Prag/DerivedData/Build/Intermediates.noindex/Album.build/Debug-iphonesimulator/AlbumTests.build/Objects-normal/arm64/AlbumTests-Swift.h -working-directory /Users/runner/work/Album-Prag/Album-Prag -experimental-emit-module-separately -disable-cmo

SwiftExplicitDependencyCompileModuleFromInterface arm64 /Users/runner/work/Album-Prag/Album-Prag/DerivedData/Build/Intermediates.noindex/SwiftExplicitPrecompiledModules/XCUIAutomation-L53ECVV5XG9U.swiftmodule

SwiftExplicitDependencyGeneratePcm arm64 /Users/runner/work/Album-Prag/Album-Prag/DerivedData/Build/Intermediates.noindex/SwiftExplicitPrecompiledModules/XCTest-E9HW3QFGN5R9PQ4V00965Z17L.pcm

SwiftExplicitDependencyCompileModuleFromInterface arm64 /Users/runner/work/Album-Prag/Album-Prag/DerivedData/Build/Intermediates.noindex/SwiftExplicitPrecompiledModules/XCTest-1W38JJLWCZIBE.swiftmodule

SwiftEmitModule normal arm64 Emitting\ module\ for\ AlbumUITests (in target 'AlbumUITests' from project 'Album')

EmitSwiftModule normal arm64 (in target 'AlbumUITests' from project 'Album')
    cd /Users/runner/work/Album-Prag/Album-Prag
    

SwiftEmitModule normal arm64 Emitting\ module\ for\ AlbumTests (in target 'AlbumTests' from project 'Album')

EmitSwiftModule normal arm64 (in target 'AlbumTests' from project 'Album')
    cd /Users/runner/work/Album-Prag/Album-Prag
    

SwiftDriverJobDiscovery normal arm64 Emitting module for AlbumUITests (in target 'AlbumUITests' from project 'Album')

SwiftDriver\ Compilation\ Requirements AlbumUITests normal arm64 com.apple.xcode.tools.swift.compiler (in target 'AlbumUITests' from project 'Album')
    cd /Users/runner/work/Album-Prag/Album-Prag
    builtin-Swift-Compilation-Requirements -- /Applications/Xcode_26.6.app/Contents/Developer/Toolchains/XcodeDefault.xctoolchain/usr/bin/swiftc -module-name AlbumUITests -Onone @/Users/runner/work/Album-Prag/Album-Prag/DerivedData/Build/Intermediates.noindex/Album.build/Debug-iphonesimulator/AlbumUITests.build/Objects-normal/arm64/AlbumUITests.SwiftFileList -DDEBUG -module-alias Testing\=_Testing_Unavailable -plugin-path /Applications/Xcode_26.6.app/Contents/Developer/Toolchains/XcodeDefault.xctoolchain/usr/lib/swift/host/plugins/testing -enable-bare-slash-regex -enable-experimental-feature DebugDescriptionMacro -sdk /Applications/Xcode_26.6.app/Contents/Developer/Platforms/iPhoneSimulator.platform/Developer/SDKs/iPhoneSimulator26.5.sdk -target arm64-apple-ios17.0-simulator -g -module-cache-path /Users/runner/work/Album-Prag/Album-Prag/DerivedData/ModuleCache.noindex -Xfrontend -serialize-debugging-options -enable-testing -index-store-path /Users/runner/work/Album-Prag/Album-Prag/DerivedData/Index.noindex/DataStore -Xcc -D_LIBCPP_HARDENING_MODE\=_LIBCPP_HARDENING_MODE_DEBUG -swift-version 5 -I /Users/runner/work/Album-Prag/Album-Prag/DerivedData/Build/Products/Debug-iphonesimulator -Isystem /Applications/Xcode_26.6.app/Contents/Developer/Platforms/iPhoneSimulator.platform/Developer/usr/lib -F /Users/runner/work/Album-Prag/Album-Prag/DerivedData/Build/Products/Debug-iphonesimulator -F /Applications/Xcode_26.6.app/Contents/Developer/Platforms/iPhoneSimulator.platform/Developer/Library/Frameworks -F /Applications/Xcode_26.6.app/Contents/Developer/Platforms/iPhoneSimulator.platform/Developer/SDKs/iPhoneSimulator26.5.sdk/Developer/Library/Frameworks -c -j3 -enable-batch-mode -incremental -Xcc -ivfsstatcache -Xcc /Users/runner/work/Album-Prag/Album-Prag/DerivedData/SDKStatCaches.noindex/iphonesimulator26.5-23F81a-688ef53f1462e2c8f657fdc38a81448ff45c64a1807a658693f2a61704f17a36.sdkstatcache -output-file-map /Users/runner/work/Album-Prag/Album-Prag/DerivedData/Build/Intermediates.noindex/Album.build/Debug-iphonesimulator/AlbumUITests.build/Objects-normal/arm64/AlbumUITests-OutputFileMap.json -use-frontend-parseable-output -save-temps -no-color-diagnostics -explicit-module-build -module-cache-path /Users/runner/work/Album-Prag/Album-Prag/DerivedData/Build/Intermediates.noindex/SwiftExplicitPrecompiledModules -clang-scanner-module-cache-path /Users/runner/work/Album-Prag/Album-Prag/DerivedData/ModuleCache.noindex -sdk-module-cache-path /Users/runner/work/Album-Prag/Album-Prag/DerivedData/ModuleCache.noindex -serialize-diagnostics -emit-dependencies -emit-module -emit-module-path /Users/runner/work/Album-Prag/Album-Prag/DerivedData/Build/Intermediates.noindex/Album.build/Debug-iphonesimulator/AlbumUITests.build/Objects-normal/arm64/AlbumUITests.swiftmodule -validate-clang-modules-once -clang-build-session-file /Users/runner/work/Album-Prag/Album-Prag/DerivedData/ModuleCache.noindex/Session.modulevalidation -Xcc -I/Users/runner/work/Album-Prag/Album-Prag/DerivedData/Build/Intermediates.noindex/Album.build/Debug-iphonesimulator/AlbumUITests.build/swift-overrides.hmap -emit-const-values -Xfrontend -const-gather-protocols-file -Xfrontend /Users/runner/work/Album-Prag/Album-Prag/DerivedData/Build/Intermediates.noindex/Album.build/Debug-iphonesimulator/AlbumUITests.build/Objects-normal/arm64/AlbumUITests_const_extract_protocols.json -Xcc -iquote -Xcc /Users/runner/work/Album-Prag/Album-Prag/DerivedData/Build/Intermediates.noindex/Album.build/Debug-iphonesimulator/AlbumUITests.build/AlbumUITests-generated-files.hmap -Xcc -I/Users/runner/work/Album-Prag/Album-Prag/DerivedData/Build/Intermediates.noindex/Album.build/Debug-iphonesimulator/AlbumUITests.build/AlbumUITests-own-target-headers.hmap -Xcc -I/Users/runner/work/Album-Prag/Album-Prag/DerivedData/Build/Intermediates.noindex/Album.build/Debug-iphonesimulator/AlbumUITests.build/AlbumUITests-all-non-framework-target-headers.hmap -Xcc -ivfsoverlay -Xcc /Users/runner/work/Album-Prag/Album-Prag/DerivedData/Build/Intermediates.noindex/Album.build/Debug-iphonesimulator/Album-59f78f5c0bff10c2956812cb85339bbd-VFS-iphonesimulator/all-product-headers.yaml -Xcc -iquote -Xcc /Users/runner/work/Album-Prag/Album-Prag/DerivedData/Build/Intermediates.noindex/Album.build/Debug-iphonesimulator/AlbumUITests.build/AlbumUITests-project-headers.hmap -Xcc -I/Users/runner/work/Album-Prag/Album-Prag/DerivedData/Build/Products/Debug-iphonesimulator/include -Xcc -I/Users/runner/work/Album-Prag/Album-Prag/DerivedData/Build/Intermediates.noindex/Album.build/Debug-iphonesimulator/AlbumUITests.build/DerivedSources-normal/arm64 -Xcc -I/Users/runner/work/Album-Prag/Album-Prag/DerivedData/Build/Intermediates.noindex/Album.build/Debug-iphonesimulator/AlbumUITests.build/DerivedSources/arm64 -Xcc -I/Users/runner/work/Album-Prag/Album-Prag/DerivedData/Build/Intermediates.noindex/Album.build/Debug-iphonesimulator/AlbumUITests.build/DerivedSources -Xcc -DDEBUG\=1 -emit-objc-header -emit-objc-header-path /Users/runner/work/Album-Prag/Album-Prag/DerivedData/Build/Intermediates.noindex/Album.build/Debug-iphonesimulator/AlbumUITests.build/Objects-normal/arm64/AlbumUITests-Swift.h -working-directory /Users/runner/work/Album-Prag/Album-Prag -experimental-emit-module-separately -disable-cmo

SwiftDriverJobDiscovery normal arm64 Emitting module for AlbumTests (in target 'AlbumTests' from project 'Album')

SwiftDriver\ Compilation\ Requirements AlbumTests normal arm64 com.apple.xcode.tools.swift.compiler (in target 'AlbumTests' from project 'Album')
    cd /Users/runner/work/Album-Prag/Album-Prag
    builtin-Swift-Compilation-Requirements -- /Applications/Xcode_26.6.app/Contents/Developer/Toolchains/XcodeDefault.xctoolchain/usr/bin/swiftc -module-name AlbumTests -Onone @/Users/runner/work/Album-Prag/Album-Prag/DerivedData/Build/Intermediates.noindex/Album.build/Debug-iphonesimulator/AlbumTests.build/Objects-normal/arm64/AlbumTests.SwiftFileList -DDEBUG -plugin-path /Applications/Xcode_26.6.app/Contents/Developer/Toolchains/XcodeDefault.xctoolchain/usr/lib/swift/host/plugins/testing -enable-bare-slash-regex -enable-experimental-feature DebugDescriptionMacro -sdk /Applications/Xcode_26.6.app/Contents/Developer/Platforms/iPhoneSimulator.platform/Developer/SDKs/iPhoneSimulator26.5.sdk -target arm64-apple-ios17.0-simulator -g -module-cache-path /Users/runner/work/Album-Prag/Album-Prag/DerivedData/ModuleCache.noindex -Xfrontend -serialize-debugging-options -enable-testing -index-store-path /Users/runner/work/Album-Prag/Album-Prag/DerivedData/Index.noindex/DataStore -Xcc -D_LIBCPP_HARDENING_MODE\=_LIBCPP_HARDENING_MODE_DEBUG -swift-version 5 -I /Users/runner/work/Album-Prag/Album-Prag/DerivedData/Build/Products/Debug-iphonesimulator -Isystem /Applications/Xcode_26.6.app/Contents/Developer/Platforms/iPhoneSimulator.platform/Developer/usr/lib -F /Users/runner/work/Album-Prag/Album-Prag/DerivedData/Build/Products/Debug-iphonesimulator/PackageFrameworks -F /Users/runner/work/Album-Prag/Album-Prag/DerivedData/Build/Products/Debug-iphonesimulator/PackageFrameworks -F /Users/runner/work/Album-Prag/Album-Prag/DerivedData/Build/Products/Debug-iphonesimulator/PackageFrameworks -F /Users/runner/work/Album-Prag/Album-Prag/DerivedData/Build/Products/Debug-iphonesimulator/PackageFrameworks -F /Users/runner/work/Album-Prag/Album-Prag/DerivedData/Build/Products/Debug-iphonesimulator/PackageFrameworks -F /Users/runner/work/Album-Prag/Album-Prag/DerivedData/Build/Products/Debug-iphonesimulator/PackageFrameworks -F /Users/runner/work/Album-Prag/Album-Prag/DerivedData/Build/Products/Debug-iphonesimulator/PackageFrameworks -F /Users/runner/work/Album-Prag/Album-Prag/DerivedData/Build/Products/Debug-iphonesimulator/PackageFrameworks -F /Users/runner/work/Album-Prag/Album-Prag/DerivedData/Build/Products/Debug-iphonesimulator/PackageFrameworks -F /Users/runner/work/Album-Prag/Album-Prag/DerivedData/Build/Products/Debug-iphonesimulator/PackageFrameworks -F /Users/runner/work/Album-Prag/Album-Prag/DerivedData/Build/Products/Debug-iphonesimulator/PackageFrameworks -F /Users/runner/work/Album-Prag/Album-Prag/DerivedData/Build/Products/Debug-iphonesimulator/PackageFrameworks -F /Users/runner/work/Album-Prag/Album-Prag/DerivedData/Build/Products/Debug-iphonesimulator/PackageFrameworks -F /Users/runner/work/Album-Prag/Album-Prag/DerivedData/Build/Products/Debug-iphonesimulator/PackageFrameworks -F /Users/runner/work/Album-Prag/Album-Prag/DerivedData/Build/Products/Debug-iphonesimulator -F /Applications/Xcode_26.6.app/Contents/Developer/Platforms/iPhoneSimulator.platform/Developer/Library/Frameworks -F /Applications/Xcode_26.6.app/Contents/Developer/Platforms/iPhoneSimulator.platform/Developer/SDKs/iPhoneSimulator26.5.sdk/Developer/Library/Frameworks -c -j3 -enable-batch-mode -incremental -Xcc -ivfsstatcache -Xcc /Users/runner/work/Album-Prag/Album-Prag/DerivedData/SDKStatCaches.noindex/iphonesimulator26.5-23F81a-688ef53f1462e2c8f657fdc38a81448ff45c64a1807a658693f2a61704f17a36.sdkstatcache -output-file-map /Users/runner/work/Album-Prag/Album-Prag/DerivedData/Build/Intermediates.noindex/Album.build/Debug-iphonesimulator/AlbumTests.build/Objects-normal/arm64/AlbumTests-OutputFileMap.json -use-frontend-parseable-output -save-temps -no-color-diagnostics -explicit-module-build -module-cache-path /Users/runner/work/Album-Prag/Album-Prag/DerivedData/Build/Intermediates.noindex/SwiftExplicitPrecompiledModules -clang-scanner-module-cache-path /Users/runner/work/Album-Prag/Album-Prag/DerivedData/ModuleCache.noindex -sdk-module-cache-path /Users/runner/work/Album-Prag/Album-Prag/DerivedData/ModuleCache.noindex -serialize-diagnostics -emit-dependencies -emit-module -emit-module-path /Users/runner/work/Album-Prag/Album-Prag/DerivedData/Build/Intermediates.noindex/Album.build/Debug-iphonesimulator/AlbumTests.build/Objects-normal/arm64/AlbumTests.swiftmodule -validate-clang-modules-once -clang-build-session-file /Users/runner/work/Album-Prag/Album-Prag/DerivedData/ModuleCache.noindex/Session.modulevalidation -Xcc -I/Users/runner/work/Album-Prag/Album-Prag/DerivedData/Build/Intermediates.noindex/Album.build/Debug-iphonesimulator/AlbumTests.build/swift-overrides.hmap -emit-const-values -Xfrontend -const-gather-protocols-file -Xfrontend /Users/runner/work/Album-Prag/Album-Prag/DerivedData/Build/Intermediates.noindex/Album.build/Debug-iphonesimulator/AlbumTests.build/Objects-normal/arm64/AlbumTests_const_extract_protocols.json -Xcc -iquote -Xcc /Users/runner/work/Album-Prag/Album-Prag/DerivedData/Build/Intermediates.noindex/Album.build/Debug-iphonesimulator/AlbumTests.build/AlbumTests-generated-files.hmap -Xcc -I/Users/runner/work/Album-Prag/Album-Prag/DerivedData/Build/Intermediates.noindex/Album.build/Debug-iphonesimulator/AlbumTests.build/AlbumTests-own-target-headers.hmap -Xcc -I/Users/runner/work/Album-Prag/Album-Prag/DerivedData/Build/Intermediates.noindex/Album.build/Debug-iphonesimulator/AlbumTests.build/AlbumTests-all-non-framework-target-headers.hmap -Xcc -ivfsoverlay -Xcc /Users/runner/work/Album-Prag/Album-Prag/DerivedData/Build/Intermediates.noindex/Album.build/Debug-iphonesimulator/Album-59f78f5c0bff10c2956812cb85339bbd-VFS-iphonesimulator/all-product-headers.yaml -Xcc -iquote -Xcc /Users/runner/work/Album-Prag/Album-Prag/DerivedData/Build/Intermediates.noindex/Album.build/Debug-iphonesimulator/AlbumTests.build/AlbumTests-project-headers.hmap -Xcc -I/Users/runner/work/Album-Prag/Album-Prag/DerivedData/Build/Products/Debug-iphonesimulator/include -Xcc -I/Users/runner/work/Album-Prag/Album-Prag/DerivedData/Build/Intermediates.noindex/Album.build/Debug-iphonesimulator/AlbumTests.build/DerivedSources-normal/arm64 -Xcc -I/Users/runner/work/Album-Prag/Album-Prag/DerivedData/Build/Intermediates.noindex/Album.build/Debug-iphonesimulator/AlbumTests.build/DerivedSources/arm64 -Xcc -I/Users/runner/work/Album-Prag/Album-Prag/DerivedData/Build/Intermediates.noindex/Album.build/Debug-iphonesimulator/AlbumTests.build/DerivedSources -Xcc -DDEBUG\=1 -emit-objc-header -emit-objc-header-path /Users/runner/work/Album-Prag/Album-Prag/DerivedData/Build/Intermediates.noindex/Album.build/Debug-iphonesimulator/AlbumTests.build/Objects-normal/arm64/AlbumTests-Swift.h -working-directory /Users/runner/work/Album-Prag/Album-Prag -experimental-emit-module-separately -disable-cmo

SwiftMergeGeneratedHeaders /Users/runner/work/Album-Prag/Album-Prag/DerivedData/Build/Intermediates.noindex/Album.build/Debug-iphonesimulator/AlbumUITests.build/DerivedSources/AlbumUITests-Swift.h /Users/runner/work/Album-Prag/Album-Prag/DerivedData/Build/Intermediates.noindex/Album.build/Debug-iphonesimulator/AlbumUITests.build/Objects-normal/arm64/AlbumUITests-Swift.h (in target 'AlbumUITests' from project 'Album')
    cd /Users/runner/work/Album-Prag/Album-Prag
    builtin-swiftHeaderTool -arch arm64 /Users/runner/work/Album-Prag/Album-Prag/DerivedData/Build/Intermediates.noindex/Album.build/Debug-iphonesimulator/AlbumUITests.build/Objects-normal/arm64/AlbumUITests-Swift.h -o /Users/runner/work/Album-Prag/Album-Prag/DerivedData/Build/Intermediates.noindex/Album.build/Debug-iphonesimulator/AlbumUITests.build/DerivedSources/AlbumUITests-Swift.h

Copy /Users/runner/work/Album-Prag/Album-Prag/DerivedData/Build/Products/Debug-iphonesimulator/AlbumUITests.swiftmodule/arm64-apple-ios-simulator.swiftmodule /Users/runner/work/Album-Prag/Album-Prag/DerivedData/Build/Intermediates.noindex/Album.build/Debug-iphonesimulator/AlbumUITests.build/Objects-normal/arm64/AlbumUITests.swiftmodule (in target 'AlbumUITests' from project 'Album')
    cd /Users/runner/work/Album-Prag/Album-Prag
    builtin-copy -exclude .DS_Store -exclude CVS -exclude .svn -exclude .git -exclude .hg -resolve-src-symlinks -rename /Users/runner/work/Album-Prag/Album-Prag/DerivedData/Build/Intermediates.noindex/Album.build/Debug-iphonesimulator/AlbumUITests.build/Objects-normal/arm64/AlbumUITests.swiftmodule /Users/runner/work/Album-Prag/Album-Prag/DerivedData/Build/Products/Debug-iphonesimulator/AlbumUITests.swiftmodule/arm64-apple-ios-simulator.swiftmodule

Copy /Users/runner/work/Album-Prag/Album-Prag/DerivedData/Build/Products/Debug-iphonesimulator/AlbumUITests.swiftmodule/arm64-apple-ios-simulator.swiftdoc /Users/runner/work/Album-Prag/Album-Prag/DerivedData/Build/Intermediates.noindex/Album.build/Debug-iphonesimulator/AlbumUITests.build/Objects-normal/arm64/AlbumUITests.swiftdoc (in target 'AlbumUITests' from project 'Album')
    cd /Users/runner/work/Album-Prag/Album-Prag
    builtin-copy -exclude .DS_Store -exclude CVS -exclude .svn -exclude .git -exclude .hg -resolve-src-symlinks -rename /Users/runner/work/Album-Prag/Album-Prag/DerivedData/Build/Intermediates.noindex/Album.build/Debug-iphonesimulator/AlbumUITests.build/Objects-normal/arm64/AlbumUITests.swiftdoc /Users/runner/work/Album-Prag/Album-Prag/DerivedData/Build/Products/Debug-iphonesimulator/AlbumUITests.swiftmodule/arm64-apple-ios-simulator.swiftdoc

Copy /Users/runner/work/Album-Prag/Album-Prag/DerivedData/Build/Products/Debug-iphonesimulator/AlbumUITests.swiftmodule/arm64-apple-ios-simulator.abi.json /Users/runner/work/Album-Prag/Album-Prag/DerivedData/Build/Intermediates.noindex/Album.build/Debug-iphonesimulator/AlbumUITests.build/Objects-normal/arm64/AlbumUITests.abi.json (in target 'AlbumUITests' from project 'Album')
    cd /Users/runner/work/Album-Prag/Album-Prag
    builtin-copy -exclude .DS_Store -exclude CVS -exclude .svn -exclude .git -exclude .hg -resolve-src-symlinks -rename /Users/runner/work/Album-Prag/Album-Prag/DerivedData/Build/Intermediates.noindex/Album.build/Debug-iphonesimulator/AlbumUITests.build/Objects-normal/arm64/AlbumUITests.abi.json /Users/runner/work/Album-Prag/Album-Prag/DerivedData/Build/Products/Debug-iphonesimulator/AlbumUITests.swiftmodule/arm64-apple-ios-simulator.abi.json

Copy /Users/runner/work/Album-Prag/Album-Prag/DerivedData/Build/Products/Debug-iphonesimulator/AlbumUITests.swiftmodule/Project/arm64-apple-ios-simulator.swiftsourceinfo /Users/runner/work/Album-Prag/Album-Prag/DerivedData/Build/Intermediates.noindex/Album.build/Debug-iphonesimulator/AlbumUITests.build/Objects-normal/arm64/AlbumUITests.swiftsourceinfo (in target 'AlbumUITests' from project 'Album')
    cd /Users/runner/work/Album-Prag/Album-Prag
    builtin-copy -exclude .DS_Store -exclude CVS -exclude .svn -exclude .git -exclude .hg -resolve-src-symlinks -rename /Users/runner/work/Album-Prag/Album-Prag/DerivedData/Build/Intermediates.noindex/Album.build/Debug-iphonesimulator/AlbumUITests.build/Objects-normal/arm64/AlbumUITests.swiftsourceinfo /Users/runner/work/Album-Prag/Album-Prag/DerivedData/Build/Products/Debug-iphonesimulator/AlbumUITests.swiftmodule/Project/arm64-apple-ios-simulator.swiftsourceinfo

SwiftMergeGeneratedHeaders /Users/runner/work/Album-Prag/Album-Prag/DerivedData/Build/Intermediates.noindex/Album.build/Debug-iphonesimulator/AlbumTests.build/DerivedSources/AlbumTests-Swift.h /Users/runner/work/Album-Prag/Album-Prag/DerivedData/Build/Intermediates.noindex/Album.build/Debug-iphonesimulator/AlbumTests.build/Objects-normal/arm64/AlbumTests-Swift.h (in target 'AlbumTests' from project 'Album')
    cd /Users/runner/work/Album-Prag/Album-Prag
    builtin-swiftHeaderTool -arch arm64 /Users/runner/work/Album-Prag/Album-Prag/DerivedData/Build/Intermediates.noindex/Album.build/Debug-iphonesimulator/AlbumTests.build/Objects-normal/arm64/AlbumTests-Swift.h -o /Users/runner/work/Album-Prag/Album-Prag/DerivedData/Build/Intermediates.noindex/Album.build/Debug-iphonesimulator/AlbumTests.build/DerivedSources/AlbumTests-Swift.h

Copy /Users/runner/work/Album-Prag/Album-Prag/DerivedData/Build/Products/Debug-iphonesimulator/AlbumTests.swiftmodule/arm64-apple-ios-simulator.swiftmodule /Users/runner/work/Album-Prag/Album-Prag/DerivedData/Build/Intermediates.noindex/Album.build/Debug-iphonesimulator/AlbumTests.build/Objects-normal/arm64/AlbumTests.swiftmodule (in target 'AlbumTests' from project 'Album')
    cd /Users/runner/work/Album-Prag/Album-Prag
    builtin-copy -exclude .DS_Store -exclude CVS -exclude .svn -exclude .git -exclude .hg -resolve-src-symlinks -rename /Users/runner/work/Album-Prag/Album-Prag/DerivedData/Build/Intermediates.noindex/Album.build/Debug-iphonesimulator/AlbumTests.build/Objects-normal/arm64/AlbumTests.swiftmodule /Users/runner/work/Album-Prag/Album-Prag/DerivedData/Build/Products/Debug-iphonesimulator/AlbumTests.swiftmodule/arm64-apple-ios-simulator.swiftmodule

Copy /Users/runner/work/Album-Prag/Album-Prag/DerivedData/Build/Products/Debug-iphonesimulator/AlbumTests.swiftmodule/arm64-apple-ios-simulator.swiftdoc /Users/runner/work/Album-Prag/Album-Prag/DerivedData/Build/Intermediates.noindex/Album.build/Debug-iphonesimulator/AlbumTests.build/Objects-normal/arm64/AlbumTests.swiftdoc (in target 'AlbumTests' from project 'Album')
    cd /Users/runner/work/Album-Prag/Album-Prag
    builtin-copy -exclude .DS_Store -exclude CVS -exclude .svn -exclude .git -exclude .hg -resolve-src-symlinks -rename /Users/runner/work/Album-Prag/Album-Prag/DerivedData/Build/Intermediates.noindex/Album.build/Debug-iphonesimulator/AlbumTests.build/Objects-normal/arm64/AlbumTests.swiftdoc /Users/runner/work/Album-Prag/Album-Prag/DerivedData/Build/Products/Debug-iphonesimulator/AlbumTests.swiftmodule/arm64-apple-ios-simulator.swiftdoc

Copy /Users/runner/work/Album-Prag/Album-Prag/DerivedData/Build/Products/Debug-iphonesimulator/AlbumTests.swiftmodule/arm64-apple-ios-simulator.abi.json /Users/runner/work/Album-Prag/Album-Prag/DerivedData/Build/Intermediates.noindex/Album.build/Debug-iphonesimulator/AlbumTests.build/Objects-normal/arm64/AlbumTests.abi.json (in target 'AlbumTests' from project 'Album')
    cd /Users/runner/work/Album-Prag/Album-Prag
    builtin-copy -exclude .DS_Store -exclude CVS -exclude .svn -exclude .git -exclude .hg -resolve-src-symlinks -rename /Users/runner/work/Album-Prag/Album-Prag/DerivedData/Build/Intermediates.noindex/Album.build/Debug-iphonesimulator/AlbumTests.build/Objects-normal/arm64/AlbumTests.abi.json /Users/runner/work/Album-Prag/Album-Prag/DerivedData/Build/Products/Debug-iphonesimulator/AlbumTests.swiftmodule/arm64-apple-ios-simulator.abi.json

Copy /Users/runner/work/Album-Prag/Album-Prag/DerivedData/Build/Products/Debug-iphonesimulator/AlbumTests.swiftmodule/Project/arm64-apple-ios-simulator.swiftsourceinfo /Users/runner/work/Album-Prag/Album-Prag/DerivedData/Build/Intermediates.noindex/Album.build/Debug-iphonesimulator/AlbumTests.build/Objects-normal/arm64/AlbumTests.swiftsourceinfo (in target 'AlbumTests' from project 'Album')
    cd /Users/runner/work/Album-Prag/Album-Prag
    builtin-copy -exclude .DS_Store -exclude CVS -exclude .svn -exclude .git -exclude .hg -resolve-src-symlinks -rename /Users/runner/work/Album-Prag/Album-Prag/DerivedData/Build/Intermediates.noindex/Album.build/Debug-iphonesimulator/AlbumTests.build/Objects-normal/arm64/AlbumTests.swiftsourceinfo /Users/runner/work/Album-Prag/Album-Prag/DerivedData/Build/Products/Debug-iphonesimulator/AlbumTests.swiftmodule/Project/arm64-apple-ios-simulator.swiftsourceinfo

SwiftCompile normal arm64 Compiling\ FullJourneyUITests.swift,\ NativeShareUITests.swift /Users/runner/work/Album-Prag/Album-Prag/AlbumUITests/FullJourneyUITests.swift /Users/runner/work/Album-Prag/Album-Prag/AlbumUITests/NativeShareUITests.swift (in target 'AlbumUITests' from project 'Album')

SwiftCompile normal arm64 /Users/runner/work/Album-Prag/Album-Prag/AlbumUITests/FullJourneyUITests.swift (in target 'AlbumUITests' from project 'Album')
    cd /Users/runner/work/Album-Prag/Album-Prag
    

SwiftCompile normal arm64 /Users/runner/work/Album-Prag/Album-Prag/AlbumUITests/NativeShareUITests.swift (in target 'AlbumUITests' from project 'Album')
    cd /Users/runner/work/Album-Prag/Album-Prag
    

SwiftCompile normal arm64 Compiling\ AssistantUITests.swift,\ CollectionUITests.swift /Users/runner/work/Album-Prag/Album-Prag/AlbumUITests/AssistantUITests.swift /Users/runner/work/Album-Prag/Album-Prag/AlbumUITests/CollectionUITests.swift (in target 'AlbumUITests' from project 'Album')

SwiftCompile normal arm64 /Users/runner/work/Album-Prag/Album-Prag/AlbumUITests/AssistantUITests.swift (in target 'AlbumUITests' from project 'Album')
    cd /Users/runner/work/Album-Prag/Album-Prag
    

SwiftCompile normal arm64 /Users/runner/work/Album-Prag/Album-Prag/AlbumUITests/CollectionUITests.swift (in target 'AlbumUITests' from project 'Album')
    cd /Users/runner/work/Album-Prag/Album-Prag
    

SwiftDriverJobDiscovery normal arm64 Compiling FullJourneyUITests.swift, NativeShareUITests.swift (in target 'AlbumUITests' from project 'Album')

SwiftCompile normal arm64 Compiling\ AccessibilityScreenUITests.swift,\ AlbumMotionUITests.swift,\ AlbumUITests.swift /Users/runner/work/Album-Prag/Album-Prag/AlbumUITests/AccessibilityScreenUITests.swift /Users/runner/work/Album-Prag/Album-Prag/AlbumUITests/AlbumMotionUITests.swift /Users/runner/work/Album-Prag/Album-Prag/AlbumUITests/AlbumUITests.swift (in target 'AlbumUITests' from project 'Album')

SwiftCompile normal arm64 /Users/runner/work/Album-Prag/Album-Prag/AlbumUITests/AccessibilityScreenUITests.swift (in target 'AlbumUITests' from project 'Album')
    cd /Users/runner/work/Album-Prag/Album-Prag
    

SwiftCompile normal arm64 /Users/runner/work/Album-Prag/Album-Prag/AlbumUITests/AlbumMotionUITests.swift (in target 'AlbumUITests' from project 'Album')
    cd /Users/runner/work/Album-Prag/Album-Prag
    

SwiftCompile normal arm64 /Users/runner/work/Album-Prag/Album-Prag/AlbumUITests/AlbumUITests.swift (in target 'AlbumUITests' from project 'Album')
    cd /Users/runner/work/Album-Prag/Album-Prag
    

SwiftDriverJobDiscovery normal arm64 Compiling AssistantUITests.swift, CollectionUITests.swift (in target 'AlbumUITests' from project 'Album')

SwiftCompile normal arm64 Compiling\ DayPlanTests.swift,\ DownloadRegressionTests.swift,\ MapPinClusteringTests.swift,\ StoreRegressionTests.swift /Users/runner/work/Album-Prag/Album-Prag/AlbumTests/DayPlanTests.swift /Users/runner/work/Album-Prag/Album-Prag/AlbumTests/DownloadRegressionTests.swift /Users/runner/work/Album-Prag/Album-Prag/AlbumTests/MapPinClusteringTests.swift /Users/runner/work/Album-Prag/Album-Prag/AlbumTests/StoreRegressionTests.swift (in target 'AlbumTests' from project 'Album')

SwiftCompile normal arm64 /Users/runner/work/Album-Prag/Album-Prag/AlbumTests/DayPlanTests.swift (in target 'AlbumTests' from project 'Album')
    cd /Users/runner/work/Album-Prag/Album-Prag
    

SwiftCompile normal arm64 /Users/runner/work/Album-Prag/Album-Prag/AlbumTests/DownloadRegressionTests.swift (in target 'AlbumTests' from project 'Album')
    cd /Users/runner/work/Album-Prag/Album-Prag
    

SwiftCompile normal arm64 /Users/runner/work/Album-Prag/Album-Prag/AlbumTests/MapPinClusteringTests.swift (in target 'AlbumTests' from project 'Album')
    cd /Users/runner/work/Album-Prag/Album-Prag
    

SwiftCompile normal arm64 /Users/runner/work/Album-Prag/Album-Prag/AlbumTests/StoreRegressionTests.swift (in target 'AlbumTests' from project 'Album')
    cd /Users/runner/work/Album-Prag/Album-Prag
    
/Users/runner/work/Album-Prag/Album-Prag/AlbumTests/StoreRegressionTests.swift:511:21: warning: expression of type 'Bool' is unused
        await first.value
              ~~~~~~^~~~~

SwiftDriverJobDiscovery normal arm64 Compiling AccessibilityScreenUITests.swift, AlbumMotionUITests.swift, AlbumUITests.swift (in target 'AlbumUITests' from project 'Album')

SwiftDriver\ Compilation AlbumUITests normal arm64 com.apple.xcode.tools.swift.compiler (in target 'AlbumUITests' from project 'Album')
    cd /Users/runner/work/Album-Prag/Album-Prag
    builtin-Swift-Compilation -- /Applications/Xcode_26.6.app/Contents/Developer/Toolchains/XcodeDefault.xctoolchain/usr/bin/swiftc -module-name AlbumUITests -Onone @/Users/runner/work/Album-Prag/Album-Prag/DerivedData/Build/Intermediates.noindex/Album.build/Debug-iphonesimulator/AlbumUITests.build/Objects-normal/arm64/AlbumUITests.SwiftFileList -DDEBUG -module-alias Testing\=_Testing_Unavailable -plugin-path /Applications/Xcode_26.6.app/Contents/Developer/Toolchains/XcodeDefault.xctoolchain/usr/lib/swift/host/plugins/testing -enable-bare-slash-regex -enable-experimental-feature DebugDescriptionMacro -sdk /Applications/Xcode_26.6.app/Contents/Developer/Platforms/iPhoneSimulator.platform/Developer/SDKs/iPhoneSimulator26.5.sdk -target arm64-apple-ios17.0-simulator -g -module-cache-path /Users/runner/work/Album-Prag/Album-Prag/DerivedData/ModuleCache.noindex -Xfrontend -serialize-debugging-options -enable-testing -index-store-path /Users/runner/work/Album-Prag/Album-Prag/DerivedData/Index.noindex/DataStore -Xcc -D_LIBCPP_HARDENING_MODE\=_LIBCPP_HARDENING_MODE_DEBUG -swift-version 5 -I /Users/runner/work/Album-Prag/Album-Prag/DerivedData/Build/Products/Debug-iphonesimulator -Isystem /Applications/Xcode_26.6.app/Contents/Developer/Platforms/iPhoneSimulator.platform/Developer/usr/lib -F /Users/runner/work/Album-Prag/Album-Prag/DerivedData/Build/Products/Debug-iphonesimulator -F /Applications/Xcode_26.6.app/Contents/Developer/Platforms/iPhoneSimulator.platform/Developer/Library/Frameworks -F /Applications/Xcode_26.6.app/Contents/Developer/Platforms/iPhoneSimulator.platform/Developer/SDKs/iPhoneSimulator26.5.sdk/Developer/Library/Frameworks -c -j3 -enable-batch-mode -incremental -Xcc -ivfsstatcache -Xcc /Users/runner/work/Album-Prag/Album-Prag/DerivedData/SDKStatCaches.noindex/iphonesimulator26.5-23F81a-688ef53f1462e2c8f657fdc38a81448ff45c64a1807a658693f2a61704f17a36.sdkstatcache -output-file-map /Users/runner/work/Album-Prag/Album-Prag/DerivedData/Build/Intermediates.noindex/Album.build/Debug-iphonesimulator/AlbumUITests.build/Objects-normal/arm64/AlbumUITests-OutputFileMap.json -use-frontend-parseable-output -save-temps -no-color-diagnostics -explicit-module-build -module-cache-path /Users/runner/work/Album-Prag/Album-Prag/DerivedData/Build/Intermediates.noindex/SwiftExplicitPrecompiledModules -clang-scanner-module-cache-path /Users/runner/work/Album-Prag/Album-Prag/DerivedData/ModuleCache.noindex -sdk-module-cache-path /Users/runner/work/Album-Prag/Album-Prag/DerivedData/ModuleCache.noindex -serialize-diagnostics -emit-dependencies -emit-module -emit-module-path /Users/runner/work/Album-Prag/Album-Prag/DerivedData/Build/Intermediates.noindex/Album.build/Debug-iphonesimulator/AlbumUITests.build/Objects-normal/arm64/AlbumUITests.swiftmodule -validate-clang-modules-once -clang-build-session-file /Users/runner/work/Album-Prag/Album-Prag/DerivedData/ModuleCache.noindex/Session.modulevalidation -Xcc -I/Users/runner/work/Album-Prag/Album-Prag/DerivedData/Build/Intermediates.noindex/Album.build/Debug-iphonesimulator/AlbumUITests.build/swift-overrides.hmap -emit-const-values -Xfrontend -const-gather-protocols-file -Xfrontend /Users/runner/work/Album-Prag/Album-Prag/DerivedData/Build/Intermediates.noindex/Album.build/Debug-iphonesimulator/AlbumUITests.build/Objects-normal/arm64/AlbumUITests_const_extract_protocols.json -Xcc -iquote -Xcc /Users/runner/work/Album-Prag/Album-Prag/DerivedData/Build/Intermediates.noindex/Album.build/Debug-iphonesimulator/AlbumUITests.build/AlbumUITests-generated-files.hmap -Xcc -I/Users/runner/work/Album-Prag/Album-Prag/DerivedData/Build/Intermediates.noindex/Album.build/Debug-iphonesimulator/AlbumUITests.build/AlbumUITests-own-target-headers.hmap -Xcc -I/Users/runner/work/Album-Prag/Album-Prag/DerivedData/Build/Intermediates.noindex/Album.build/Debug-iphonesimulator/AlbumUITests.build/AlbumUITests-all-non-framework-target-headers.hmap -Xcc -ivfsoverlay -Xcc /Users/runner/work/Album-Prag/Album-Prag/DerivedData/Build/Intermediates.noindex/Album.build/Debug-iphonesimulator/Album-59f78f5c0bff10c2956812cb85339bbd-VFS-iphonesimulator/all-product-headers.yaml -Xcc -iquote -Xcc /Users/runner/work/Album-Prag/Album-Prag/DerivedData/Build/Intermediates.noindex/Album.build/Debug-iphonesimulator/AlbumUITests.build/AlbumUITests-project-headers.hmap -Xcc -I/Users/runner/work/Album-Prag/Album-Prag/DerivedData/Build/Products/Debug-iphonesimulator/include -Xcc -I/Users/runner/work/Album-Prag/Album-Prag/DerivedData/Build/Intermediates.noindex/Album.build/Debug-iphonesimulator/AlbumUITests.build/DerivedSources-normal/arm64 -Xcc -I/Users/runner/work/Album-Prag/Album-Prag/DerivedData/Build/Intermediates.noindex/Album.build/Debug-iphonesimulator/AlbumUITests.build/DerivedSources/arm64 -Xcc -I/Users/runner/work/Album-Prag/Album-Prag/DerivedData/Build/Intermediates.noindex/Album.build/Debug-iphonesimulator/AlbumUITests.build/DerivedSources -Xcc -DDEBUG\=1 -emit-objc-header -emit-objc-header-path /Users/runner/work/Album-Prag/Album-Prag/DerivedData/Build/Intermediates.noindex/Album.build/Debug-iphonesimulator/AlbumUITests.build/Objects-normal/arm64/AlbumUITests-Swift.h -working-directory /Users/runner/work/Album-Prag/Album-Prag -experimental-emit-module-separately -disable-cmo

SwiftDriverJobDiscovery normal arm64 Compiling DayPlanTests.swift, DownloadRegressionTests.swift, MapPinClusteringTests.swift, StoreRegressionTests.swift (in target 'AlbumTests' from project 'Album')

SwiftCompile normal arm64 Compiling\ AlbumTests.swift,\ AssistantActionsTests.swift,\ CollectionTests.swift,\ DayPlanCommitRegressionTests.swift /Users/runner/work/Album-Prag/Album-Prag/AlbumTests/AlbumTests.swift /Users/runner/work/Album-Prag/Album-Prag/AlbumTests/AssistantActionsTests.swift /Users/runner/work/Album-Prag/Album-Prag/AlbumTests/CollectionTests.swift /Users/runner/work/Album-Prag/Album-Prag/AlbumTests/DayPlanCommitRegressionTests.swift (in target 'AlbumTests' from project 'Album')

SwiftCompile normal arm64 /Users/runner/work/Album-Prag/Album-Prag/AlbumTests/AlbumTests.swift (in target 'AlbumTests' from project 'Album')
    cd /Users/runner/work/Album-Prag/Album-Prag
    

SwiftCompile normal arm64 /Users/runner/work/Album-Prag/Album-Prag/AlbumTests/AssistantActionsTests.swift (in target 'AlbumTests' from project 'Album')
    cd /Users/runner/work/Album-Prag/Album-Prag
    

SwiftCompile normal arm64 /Users/runner/work/Album-Prag/Album-Prag/AlbumTests/CollectionTests.swift (in target 'AlbumTests' from project 'Album')
    cd /Users/runner/work/Album-Prag/Album-Prag
    
/Users/runner/work/Album-Prag/Album-Prag/AlbumTests/CollectionTests.swift:284:24: warning: expression of type 'Bool' is unused
        await syncTask.value
              ~~~~~~~~~^~~~~

SwiftCompile normal arm64 /Users/runner/work/Album-Prag/Album-Prag/AlbumTests/DayPlanCommitRegressionTests.swift (in target 'AlbumTests' from project 'Album')
    cd /Users/runner/work/Album-Prag/Album-Prag
    

SwiftCompile normal arm64 Compiling\ SupabaseDateCodecTests.swift,\ SupabaseSwiftIntegrationTests.swift,\ SyncRegressionTests.swift /Users/runner/work/Album-Prag/Album-Prag/AlbumTests/SupabaseDateCodecTests.swift /Users/runner/work/Album-Prag/Album-Prag/AlbumTests/SupabaseSwiftIntegrationTests.swift /Users/runner/work/Album-Prag/Album-Prag/AlbumTests/SyncRegressionTests.swift (in target 'AlbumTests' from project 'Album')
SwiftCompile normal arm64 /Users/runner/work/Album-Prag/Album-Prag/AlbumTests/SupabaseDateCodecTests.swift (in target 'AlbumTests' from project 'Album')
    cd /Users/runner/work/Album-Prag/Album-Prag
    

SwiftCompile normal arm64 /Users/runner/work/Album-Prag/Album-Prag/AlbumTests/SupabaseSwiftIntegrationTests.swift (in target 'AlbumTests' from project 'Album')
    cd /Users/runner/work/Album-Prag/Album-Prag
    
/Users/runner/work/Album-Prag/Album-Prag/AlbumTests/SupabaseSwiftIntegrationTests.swift:575:17: warning: result of 'try?' is unused
                try? await clientB.storage.from(path[0]).remove(paths: [path[1]])
                ^~~~~~~~~~~~~~~~~~~~~~~~~~~~~~~~~~~~~~~~~~~~~~~~~~~~~~~~~~~~~~~~~
/Users/runner/work/Album-Prag/Album-Prag/AlbumTests/SupabaseSwiftIntegrationTests.swift:506:19: warning: 'phaseName' mutated after capture by sendable closure
        phaseName = "document-update"
                  ^
/Users/runner/work/Album-Prag/Album-Prag/AlbumTests/SupabaseSwiftIntegrationTests.swift:391:13: note: variable defined here
        var phaseName = "startup"
            ^
/Users/runner/work/Album-Prag/Album-Prag/AlbumTests/SupabaseSwiftIntegrationTests.swift:394:29: note: variable captured by sendable closure
        syncA.startRealtime {
                            ^
/Users/runner/work/Album-Prag/Album-Prag/AlbumTests/SupabaseSwiftIntegrationTests.swift:396:130: note: capturing use
            callbackEvents.append(TimingEvent(phase: "callback.start", timestamp: Date().timeIntervalSince1970, detail: "phase=\(phaseName),count=\(callbackCount)"))
                                                                                                                                 ^
/Users/runner/work/Album-Prag/Album-Prag/AlbumTests/SupabaseSwiftIntegrationTests.swift:398:35: note: capturing use
            if !startupFulfilled, phaseName == "startup" {
                                  ^
/Users/runner/work/Album-Prag/Album-Prag/AlbumTests/SupabaseSwiftIntegrationTests.swift:404:128: note: capturing use
            callbackEvents.append(TimingEvent(phase: "callback.end", timestamp: Date().timeIntervalSince1970, detail: "phase=\(phaseName),count=\(callbackCount),places=\(storeA.places.count),fulfilled=\(phaseFulfilled)"))
                                                                                                                               ^
/Users/runner/work/Album-Prag/Album-Prag/AlbumTests/SupabaseSwiftIntegrationTests.swift:391:13: note: variable defined here
        var phaseName = "startup"
            ^
/Users/runner/work/Album-Prag/Album-Prag/AlbumTests/SupabaseSwiftIntegrationTests.swift:394:29: note: variable captured by sendable closure
        syncA.startRealtime {
                            ^
/Users/runner/work/Album-Prag/Album-Prag/AlbumTests/SupabaseSwiftIntegrationTests.swift:396:130: note: capturing use
            callbackEvents.append(TimingEvent(phase: "callback.start", timestamp: Date().timeIntervalSince1970, detail: "phase=\(phaseName),count=\(callbackCount)"))
                                                                                                                                 ^
/Users/runner/work/Album-Prag/Album-Prag/AlbumTests/SupabaseSwiftIntegrationTests.swift:398:35: note: capturing use
            if !startupFulfilled, phaseName == "startup" {
                                  ^
/Users/runner/work/Album-Prag/Album-Prag/AlbumTests/SupabaseSwiftIntegrationTests.swift:404:128: note: capturing use
            callbackEvents.append(TimingEvent(phase: "callback.end", timestamp: Date().timeIntervalSince1970, detail: "phase=\(phaseName),count=\(callbackCount),places=\(storeA.places.count),fulfilled=\(phaseFulfilled)"))
                                                                                                                               ^

SwiftCompile normal arm64 /Users/runner/work/Album-Prag/Album-Prag/AlbumTests/SyncRegressionTests.swift (in target 'AlbumTests' from project 'Album')
    cd /Users/runner/work/Album-Prag/Album-Prag
    

SwiftDriverJobDiscovery normal arm64 Compiling AlbumApp.swift, AlbumRoot.swift, AlbumSettings.swift, AlbumStore.swift, AssistantActions.swift, AssistantModels.swift, AssistantService.swift, AssistantSession.swift, AssistantView.swift, BoardingPass.swift, CollectionModels.swift, CollectionPlaceSuggestions.swift, CollectionStore.swift, CollectionViews.swift (in target 'Album' from project 'Album')

SwiftDriverJobDiscovery normal arm64 Compiling AlbumTests.swift, AssistantActionsTests.swift, CollectionTests.swift, DayPlanCommitRegressionTests.swift (in target 'AlbumTests' from project 'Album')

SwiftDriver\ Compilation Album normal arm64 com.apple.xcode.tools.swift.compiler (in target 'Album' from project 'Album')
    cd /Users/runner/work/Album-Prag/Album-Prag
    builtin-Swift-Compilation -- /Applications/Xcode_26.6.app/Contents/Developer/Toolchains/XcodeDefault.xctoolchain/usr/bin/swiftc -module-name Album -Onone @/Users/runner/work/Album-Prag/Album-Prag/DerivedData/Build/Intermediates.noindex/Album.build/Debug-iphonesimulator/Album.build/Objects-normal/arm64/Album.SwiftFileList -DDEBUG -enable-bare-slash-regex -enable-experimental-feature DebugDescriptionMacro -sdk /Applications/Xcode_26.6.app/Contents/Developer/Platforms/iPhoneSimulator.platform/Developer/SDKs/iPhoneSimulator26.5.sdk -target arm64-apple-ios17.0-simulator -g -module-cache-path /Users/runner/work/Album-Prag/Album-Prag/DerivedData/ModuleCache.noindex -Xfrontend -serialize-debugging-options -enable-testing -index-store-path /Users/runner/work/Album-Prag/Album-Prag/DerivedData/Index.noindex/DataStore -Xcc -D_LIBCPP_HARDENING_MODE\=_LIBCPP_HARDENING_MODE_DEBUG -swift-version 5 -I /Users/runner/work/Album-Prag/Album-Prag/DerivedData/Build/Products/Debug-iphonesimulator -F /Users/runner/work/Album-Prag/Album-Prag/DerivedData/Build/Products/Debug-iphonesimulator/PackageFrameworks -F /Users/runner/work/Album-Prag/Album-Prag/DerivedData/Build/Products/Debug-iphonesimulator/PackageFrameworks -F /Users/runner/work/Album-Prag/Album-Prag/DerivedData/Build/Products/Debug-iphonesimulator/PackageFrameworks -F /Users/runner/work/Album-Prag/Album-Prag/DerivedData/Build/Products/Debug-iphonesimulator/PackageFrameworks -F /Users/runner/work/Album-Prag/Album-Prag/DerivedData/Build/Products/Debug-iphonesimulator/PackageFrameworks -F /Users/runner/work/Album-Prag/Album-Prag/DerivedData/Build/Products/Debug-iphonesimulator/PackageFrameworks -F /Users/runner/work/Album-Prag/Album-Prag/DerivedData/Build/Products/Debug-iphonesimulator/PackageFrameworks -F /Users/runner/work/Album-Prag/Album-Prag/DerivedData/Build/Products/Debug-iphonesimulator/PackageFrameworks -F /Users/runner/work/Album-Prag/Album-Prag/DerivedData/Build/Products/Debug-iphonesimulator/PackageFrameworks -F /Users/runner/work/Album-Prag/Album-Prag/DerivedData/Build/Products/Debug-iphonesimulator/PackageFrameworks -F /Users/runner/work/Album-Prag/Album-Prag/DerivedData/Build/Products/Debug-iphonesimulator/PackageFrameworks -F /Users/runner/work/Album-Prag/Album-Prag/DerivedData/Build/Products/Debug-iphonesimulator/PackageFrameworks -F /Users/runner/work/Album-Prag/Album-Prag/DerivedData/Build/Products/Debug-iphonesimulator/PackageFrameworks -F /Users/runner/work/Album-Prag/Album-Prag/DerivedData/Build/Products/Debug-iphonesimulator/PackageFrameworks -F /Users/runner/work/Album-Prag/Album-Prag/DerivedData/Build/Products/Debug-iphonesimulator -c -j3 -enable-batch-mode -incremental -Xcc -ivfsstatcache -Xcc /Users/runner/work/Album-Prag/Album-Prag/DerivedData/SDKStatCaches.noindex/iphonesimulator26.5-23F81a-688ef53f1462e2c8f657fdc38a81448ff45c64a1807a658693f2a61704f17a36.sdkstatcache -output-file-map /Users/runner/work/Album-Prag/Album-Prag/DerivedData/Build/Intermediates.noindex/Album.build/Debug-iphonesimulator/Album.build/Objects-normal/arm64/Album-OutputFileMap.json -use-frontend-parseable-output -save-temps -no-color-diagnostics -explicit-module-build -module-cache-path /Users/runner/work/Album-Prag/Album-Prag/DerivedData/Build/Intermediates.noindex/SwiftExplicitPrecompiledModules -clang-scanner-module-cache-path /Users/runner/work/Album-Prag/Album-Prag/DerivedData/ModuleCache.noindex -sdk-module-cache-path /Users/runner/work/Album-Prag/Album-Prag/DerivedData/ModuleCache.noindex -serialize-diagnostics -emit-dependencies -emit-module -emit-module-path /Users/runner/work/Album-Prag/Album-Prag/DerivedData/Build/Intermediates.noindex/Album.build/Debug-iphonesimulator/Album.build/Objects-normal/arm64/Album.swiftmodule -validate-clang-modules-once -clang-build-session-file /Users/runner/work/Album-Prag/Album-Prag/DerivedData/ModuleCache.noindex/Session.modulevalidation -Xcc -I/Users/runner/work/Album-Prag/Album-Prag/DerivedData/Build/Intermediates.noindex/Album.build/Debug-iphonesimulator/Album.build/swift-overrides.hmap -emit-const-values -Xfrontend -const-gather-protocols-file -Xfrontend /Users/runner/work/Album-Prag/Album-Prag/DerivedData/Build/Intermediates.noindex/Album.build/Debug-iphonesimulator/Album.build/Objects-normal/arm64/Album_const_extract_protocols.json -Xcc -iquote -Xcc /Users/runner/work/Album-Prag/Album-Prag/DerivedData/Build/Intermediates.noindex/Album.build/Debug-iphonesimulator/Album.build/Album-generated-files.hmap -Xcc -I/Users/runner/work/Album-Prag/Album-Prag/DerivedData/Build/Intermediates.noindex/Album.build/Debug-iphonesimulator/Album.build/Album-own-target-headers.hmap -Xcc -I/Users/runner/work/Album-Prag/Album-Prag/DerivedData/Build/Intermediates.noindex/Album.build/Debug-iphonesimulator/Album.build/Album-all-non-framework-target-headers.hmap -Xcc -ivfsoverlay -Xcc /Users/runner/work/Album-Prag/Album-Prag/DerivedData/Build/Intermediates.noindex/Album.build/Debug-iphonesimulator/Album-59f78f5c0bff10c2956812cb85339bbd-VFS-iphonesimulator/all-product-headers.yaml -Xcc -iquote -Xcc /Users/runner/work/Album-Prag/Album-Prag/DerivedData/Build/Intermediates.noindex/Album.build/Debug-iphonesimulator/Album.build/Album-project-headers.hmap -Xcc -I/Users/runner/work/Album-Prag/Album-Prag/DerivedData/Build/Products/Debug-iphonesimulator/include -Xcc -I/Users/runner/work/Album-Prag/Album-Prag/DerivedData/Build/Intermediates.noindex/Album.build/Debug-iphonesimulator/Album.build/DerivedSources-normal/arm64 -Xcc -I/Users/runner/work/Album-Prag/Album-Prag/DerivedData/Build/Intermediates.noindex/Album.build/Debug-iphonesimulator/Album.build/DerivedSources/arm64 -Xcc -I/Users/runner/work/Album-Prag/Album-Prag/DerivedData/Build/Intermediates.noindex/Album.build/Debug-iphonesimulator/Album.build/DerivedSources -Xcc -DDEBUG\=1 -emit-objc-header -emit-objc-header-path /Users/runner/work/Album-Prag/Album-Prag/DerivedData/Build/Intermediates.noindex/Album.build/Debug-iphonesimulator/Album.build/Objects-normal/arm64/Album-Swift.h -working-directory /Users/runner/work/Album-Prag/Album-Prag -experimental-emit-module-separately -disable-cmo

Ld /Users/runner/work/Album-Prag/Album-Prag/DerivedData/Build/Products/Debug-iphonesimulator/Album.app/Album.debug.dylib normal (in target 'Album' from project 'Album')
    cd /Users/runner/work/Album-Prag/Album-Prag
    /Applications/Xcode_26.6.app/Contents/Developer/Toolchains/XcodeDefault.xctoolchain/usr/bin/clang -Xlinker -reproducible -target arm64-apple-ios17.0-simulator -dynamiclib -isysroot /Applications/Xcode_26.6.app/Contents/Developer/Platforms/iPhoneSimulator.platform/Developer/SDKs/iPhoneSimulator26.5.sdk -O0 -L/Users/runner/work/Album-Prag/Album-Prag/DerivedData/Build/Intermediates.noindex/EagerLinkingTBDs/Debug-iphonesimulator -L/Users/runner/work/Album-Prag/Album-Prag/DerivedData/Build/Products/Debug-iphonesimulator -F/Users/runner/work/Album-Prag/Album-Prag/DerivedData/Build/Intermediates.noindex/EagerLinkingTBDs/Debug-iphonesimulator -F/Users/runner/work/Album-Prag/Album-Prag/DerivedData/Build/Products/Debug-iphonesimulator/PackageFrameworks -F/Users/runner/work/Album-Prag/Album-Prag/DerivedData/Build/Products/Debug-iphonesimulator/PackageFrameworks -F/Users/runner/work/Album-Prag/Album-Prag/DerivedData/Build/Products/Debug-iphonesimulator/PackageFrameworks -F/Users/runner/work/Album-Prag/Album-Prag/DerivedData/Build/Products/Debug-iphonesimulator/PackageFrameworks -F/Users/runner/work/Album-Prag/Album-Prag/DerivedData/Build/Products/Debug-iphonesimulator/PackageFrameworks -F/Users/runner/work/Album-Prag/Album-Prag/DerivedData/Build/Products/Debug-iphonesimulator/PackageFrameworks -F/Users/runner/work/Album-Prag/Album-Prag/DerivedData/Build/Products/Debug-iphonesimulator/PackageFrameworks -F/Users/runner/work/Album-Prag/Album-Prag/DerivedData/Build/Products/Debug-iphonesimulator/PackageFrameworks -F/Users/runner/work/Album-Prag/Album-Prag/DerivedData/Build/Products/Debug-iphonesimulator/PackageFrameworks -F/Users/runner/work/Album-Prag/Album-Prag/DerivedData/Build/Products/Debug-iphonesimulator/PackageFrameworks -F/Users/runner/work/Album-Prag/Album-Prag/DerivedData/Build/Products/Debug-iphonesimulator/PackageFrameworks -F/Users/runner/work/Album-Prag/Album-Prag/DerivedData/Build/Products/Debug-iphonesimulator/PackageFrameworks -F/Users/runner/work/Album-Prag/Album-Prag/DerivedData/Build/Products/Debug-iphonesimulator/PackageFrameworks -F/Users/runner/work/Album-Prag/Album-Prag/DerivedData/Build/Products/Debug-iphonesimulator/PackageFrameworks -F/Users/runner/work/Album-Prag/Album-Prag/DerivedData/Build/Products/Debug-iphonesimulator -filelist /Users/runner/work/Album-Prag/Album-Prag/DerivedData/Build/Intermediates.noindex/Album.build/Debug-iphonesimulator/Album.build/Objects-normal/arm64/Album.LinkFileList -install_name @rpath/Album.debug.dylib -Xlinker -rpath -Xlinker /usr/lib/swift -Xlinker -rpath -Xlinker /Users/runner/work/Album-Prag/Album-Prag/DerivedData/Build/Products/Debug-iphonesimulator/PackageFrameworks -Xlinker -rpath -Xlinker @executable_path/Frameworks -Xlinker -dead_strip -Xlinker -object_path_lto -Xlinker /Users/runner/work/Album-Prag/Album-Prag/DerivedData/Build/Intermediates.noindex/Album.build/Debug-iphonesimulator/Album.build/Objects-normal/arm64/Album_lto.o -rdynamic -Xlinker -no_deduplicate -Xlinker -objc_abi_version -Xlinker 2 -Xlinker -dependency_info -Xlinker /Users/runner/work/Album-Prag/Album-Prag/DerivedData/Build/Intermediates.noindex/Album.build/Debug-iphonesimulator/Album.build/Objects-normal/arm64/Album_dependency_info.dat -fobjc-link-runtime -L/Applications/Xcode_26.6.app/Contents/Developer/Toolchains/XcodeDefault.xctoolchain/usr/lib/swift/iphonesimulator -L/usr/lib/swift -Xlinker -add_ast_path -Xlinker /Users/runner/work/Album-Prag/Album-Prag/DerivedData/Build/Intermediates.noindex/Album.build/Debug-iphonesimulator/Album.build/Objects-normal/arm64/Album.swiftmodule @/Users/runner/work/Album-Prag/Album-Prag/DerivedData/Build/Intermediates.noindex/Album.build/Debug-iphonesimulator/Album.build/Objects-normal/arm64/Album-linker-args.resp -Wl,-no_warn_duplicate_libraries -Wl,-no_warn_duplicate_libraries -Wl,-no_warn_duplicate_libraries -Wl,-no_warn_duplicate_libraries -Wl,-no_warn_duplicate_libraries -Wl,-no_warn_duplicate_libraries -Wl,-no_warn_duplicate_libraries -Wl,-no_warn_duplicate_libraries -Wl,-no_warn_duplicate_libraries -Wl,-no_warn_duplicate_libraries -Wl,-no_warn_duplicate_libraries -Wl,-no_warn_duplicate_libraries -Wl,-no_warn_duplicate_libraries -Wl,-no_warn_duplicate_libraries -Xlinker -alias -Xlinker _main -Xlinker ___debug_main_executable_dylib_entry_point -framework RiveRuntime -Xlinker -no_adhoc_codesign -o /Users/runner/work/Album-Prag/Album-Prag/DerivedData/Build/Products/Debug-iphonesimulator/Album.app/Album.debug.dylib -Xlinker -add_ast_path -Xlinker /Users/runner/work/Album-Prag/Album-Prag/DerivedData/Build/Intermediates.noindex/Supabase.build/Debug-iphonesimulator/Supabase.build/Objects-normal/arm64/Supabase.swiftmodule @/Users/runner/work/Album-Prag/Album-Prag/DerivedData/Build/Intermediates.noindex/Supabase.build/Debug-iphonesimulator/Supabase.build/Objects-normal/arm64/Supabase-linker-args.resp -Xlinker -add_ast_path -Xlinker /Users/runner/work/Album-Prag/Album-Prag/DerivedData/Build/Intermediates.noindex/swift-concurrency-extras.build/Debug-iphonesimulator/ConcurrencyExtras.build/Objects-normal/arm64/ConcurrencyExtras.swiftmodule @/Users/runner/work/Album-Prag/Album-Prag/DerivedData/Build/Intermediates.noindex/swift-concurrency-extras.build/Debug-iphonesimulator/ConcurrencyExtras.build/Objects-normal/arm64/ConcurrencyExtras-linker-args.resp -Xlinker -add_ast_path -Xlinker /Users/runner/work/Album-Prag/Album-Prag/DerivedData/Build/Intermediates.noindex/swift-http-types.build/Debug-iphonesimulator/HTTPTypes.build/Objects-normal/arm64/HTTPTypes.swiftmodule @/Users/runner/work/Album-Prag/Album-Prag/DerivedData/Build/Intermediates.noindex/swift-http-types.build/Debug-iphonesimulator/HTTPTypes.build/Objects-normal/arm64/HTTPTypes-linker-args.resp -Xlinker -add_ast_path -Xlinker /Users/runner/work/Album-Prag/Album-Prag/DerivedData/Build/Intermediates.noindex/swift-clocks.build/Debug-iphonesimulator/Clocks.build/Objects-normal/arm64/Clocks.swiftmodule @/Users/runner/work/Album-Prag/Album-Prag/DerivedData/Build/Intermediates.noindex/swift-clocks.build/Debug-iphonesimulator/Clocks.build/Objects-normal/arm64/Clocks-linker-args.resp -Xlinker -add_ast_path -Xlinker /Users/runner/work/Album-Prag/Album-Prag/DerivedData/Build/Intermediates.noindex/xctest-dynamic-overlay.build/Debug-iphonesimulator/IssueReporting.build/Objects-normal/arm64/IssueReporting.swiftmodule @/Users/runner/work/Album-Prag/Album-Prag/DerivedData/Build/Intermediates.noindex/xctest-dynamic-overlay.build/Debug-iphonesimulator/IssueReporting.build/Objects-normal/arm64/IssueReporting-linker-args.resp -Xlinker -add_ast_path -Xlinker /Users/runner/work/Album-Prag/Album-Prag/DerivedData/Build/Intermediates.noindex/xctest-dynamic-overlay.build/Debug-iphonesimulator/XCTestDynamicOverlay.build/Objects-normal/arm64/XCTestDynamicOverlay.swiftmodule @/Users/runner/work/Album-Prag/Album-Prag/DerivedData/Build/Intermediates.noindex/xctest-dynamic-overlay.build/Debug-iphonesimulator/XCTestDynamicOverlay.build/Objects-normal/arm64/XCTestDynamicOverlay-linker-args.resp -Xlinker -add_ast_path -Xlinker /Users/runner/work/Album-Prag/Album-Prag/DerivedData/Build/Intermediates.noindex/Supabase.build/Debug-iphonesimulator/Helpers.build/Objects-normal/arm64/Helpers.swiftmodule @/Users/runner/work/Album-Prag/Album-Prag/DerivedData/Build/Intermediates.noindex/Supabase.build/Debug-iphonesimulator/Helpers.build/Objects-normal/arm64/Helpers-linker-args.resp -Xlinker -add_ast_path -Xlinker /Users/runner/work/Album-Prag/Album-Prag/DerivedData/Build/Intermediates.noindex/swift-crypto.build/Debug-iphonesimulator/Crypto.build/Objects-normal/arm64/Crypto.swiftmodule @/Users/runner/work/Album-Prag/Album-Prag/DerivedData/Build/Intermediates.noindex/swift-crypto.build/Debug-iphonesimulator/Crypto.build/Objects-normal/arm64/Crypto-linker-args.resp -Xlinker -add_ast_path -Xlinker /Users/runner/work/Album-Prag/Album-Prag/DerivedData/Build/Intermediates.noindex/Supabase.build/Debug-iphonesimulator/Auth.build/Objects-normal/arm64/Auth.swiftmodule @/Users/runner/work/Album-Prag/Album-Prag/DerivedData/Build/Intermediates.noindex/Supabase.build/Debug-iphonesimulator/Auth.build/Objects-normal/arm64/Auth-linker-args.resp -Xlinker -add_ast_path -Xlinker /Users/runner/work/Album-Prag/Album-Prag/DerivedData/Build/Intermediates.noindex/Supabase.build/Debug-iphonesimulator/Functions.build/Objects-normal/arm64/Functions.swiftmodule @/Users/runner/work/Album-Prag/Album-Prag/DerivedData/Build/Intermediates.noindex/Supabase.build/Debug-iphonesimulator/Functions.build/Objects-normal/arm64/Functions-linker-args.resp -Xlinker -add_ast_path -Xlinker /Users/runner/work/Album-Prag/Album-Prag/DerivedData/Build/Intermediates.noindex/Supabase.build/Debug-iphonesimulator/PostgREST.build/Objects-normal/arm64/PostgREST.swiftmodule @/Users/runner/work/Album-Prag/Album-Prag/DerivedData/Build/Intermediates.noindex/Supabase.build/Debug-iphonesimulator/PostgREST.build/Objects-normal/arm64/PostgREST-linker-args.resp -Xlinker -add_ast_path -Xlinker /Users/runner/work/Album-Prag/Album-Prag/DerivedData/Build/Intermediates.noindex/Supabase.build/Debug-iphonesimulator/RealtimeV2.build/Objects-normal/arm64/RealtimeV2.swiftmodule @/Users/runner/work/Album-Prag/Album-Prag/DerivedData/Build/Intermediates.noindex/Supabase.build/Debug-iphonesimulator/RealtimeV2.build/Objects-normal/arm64/RealtimeV2-linker-args.resp -Xlinker -add_ast_path -Xlinker /Users/runner/work/Album-Prag/Album-Prag/DerivedData/Build/Intermediates.noindex/Supabase.build/Debug-iphonesimulator/Realtime.build/Objects-normal/arm64/Realtime.swiftmodule @/Users/runner/work/Album-Prag/Album-Prag/DerivedData/Build/Intermediates.noindex/Supabase.build/Debug-iphonesimulator/Realtime.build/Objects-normal/arm64/Realtime-linker-args.resp -Xlinker -add_ast_path -Xlinker /Users/runner/work/Album-Prag/Album-Prag/DerivedData/Build/Intermediates.noindex/Supabase.build/Debug-iphonesimulator/Storage.build/Objects-normal/arm64/Storage.swiftmodule @/Users/runner/work/Album-Prag/Album-Prag/DerivedData/Build/Intermediates.noindex/Supabase.build/Debug-iphonesimulator/Storage.build/Objects-normal/arm64/Storage-linker-args.resp

ConstructStubExecutorLinkFileList /Users/runner/work/Album-Prag/Album-Prag/DerivedData/Build/Intermediates.noindex/Album.build/Debug-iphonesimulator/Album.build/Album-ExecutorLinkFileList-normal-arm64.txt (in target 'Album' from project 'Album')
    cd /Users/runner/work/Album-Prag/Album-Prag
    construct-stub-executor-link-file-list /Users/runner/work/Album-Prag/Album-Prag/DerivedData/Build/Products/Debug-iphonesimulator/Album.app/Album.debug.dylib /Applications/Xcode_26.6.app/Contents/Developer/Platforms/iPhoneSimulator.platform/Developer/usr/lib/libPreviewsJITStubExecutor_no_swift_entry_point.a /Applications/Xcode_26.6.app/Contents/Developer/Platforms/iPhoneSimulator.platform/Developer/usr/lib/libPreviewsJITStubExecutor.a --output /Users/runner/work/Album-Prag/Album-Prag/DerivedData/Build/Intermediates.noindex/Album.build/Debug-iphonesimulator/Album.build/Album-ExecutorLinkFileList-normal-arm64.txt
note: Using stub executor library with Swift entry point. (in target 'Album' from project 'Album')

Ld /Users/runner/work/Album-Prag/Album-Prag/DerivedData/Build/Products/Debug-iphonesimulator/Album.app/Album normal (in target 'Album' from project 'Album')
    cd /Users/runner/work/Album-Prag/Album-Prag
    /Applications/Xcode_26.6.app/Contents/Developer/Toolchains/XcodeDefault.xctoolchain/usr/bin/clang -Xlinker -reproducible -target arm64-apple-ios17.0-simulator -isysroot /Applications/Xcode_26.6.app/Contents/Developer/Platforms/iPhoneSimulator.platform/Developer/SDKs/iPhoneSimulator26.5.sdk -O0 -L/Users/runner/work/Album-Prag/Album-Prag/DerivedData/Build/Products/Debug-iphonesimulator -F/Users/runner/work/Album-Prag/Album-Prag/DerivedData/Build/Products/Debug-iphonesimulator/PackageFrameworks -F/Users/runner/work/Album-Prag/Album-Prag/DerivedData/Build/Products/Debug-iphonesimulator/PackageFrameworks -F/Users/runner/work/Album-Prag/Album-Prag/DerivedData/Build/Products/Debug-iphonesimulator/PackageFrameworks -F/Users/runner/work/Album-Prag/Album-Prag/DerivedData/Build/Products/Debug-iphonesimulator/PackageFrameworks -F/Users/runner/work/Album-Prag/Album-Prag/DerivedData/Build/Products/Debug-iphonesimulator/PackageFrameworks -F/Users/runner/work/Album-Prag/Album-Prag/DerivedData/Build/Products/Debug-iphonesimulator/PackageFrameworks -F/Users/runner/work/Album-Prag/Album-Prag/DerivedData/Build/Products/Debug-iphonesimulator/PackageFrameworks -F/Users/runner/work/Album-Prag/Album-Prag/DerivedData/Build/Products/Debug-iphonesimulator/PackageFrameworks -F/Users/runner/work/Album-Prag/Album-Prag/DerivedData/Build/Products/Debug-iphonesimulator/PackageFrameworks -F/Users/runner/work/Album-Prag/Album-Prag/DerivedData/Build/Products/Debug-iphonesimulator/PackageFrameworks -F/Users/runner/work/Album-Prag/Album-Prag/DerivedData/Build/Products/Debug-iphonesimulator/PackageFrameworks -F/Users/runner/work/Album-Prag/Album-Prag/DerivedData/Build/Products/Debug-iphonesimulator/PackageFrameworks -F/Users/runner/work/Album-Prag/Album-Prag/DerivedData/Build/Products/Debug-iphonesimulator/PackageFrameworks -F/Users/runner/work/Album-Prag/Album-Prag/DerivedData/Build/Products/Debug-iphonesimulator/PackageFrameworks -F/Users/runner/work/Album-Prag/Album-Prag/DerivedData/Build/Products/Debug-iphonesimulator -Xlinker -rpath -Xlinker @executable_path -Xlinker -rpath -Xlinker /Users/runner/work/Album-Prag/Album-Prag/DerivedData/Build/Products/Debug-iphonesimulator/PackageFrameworks -Xlinker -rpath -Xlinker @executable_path/Frameworks -rdynamic -Xlinker -no_deduplicate -Xlinker -objc_abi_version -Xlinker 2 -e ___debug_blank_executor_main -Xlinker -sectcreate -Xlinker __TEXT -Xlinker __debug_dylib -Xlinker /Users/runner/work/Album-Prag/Album-Prag/DerivedData/Build/Intermediates.noindex/Album.build/Debug-iphonesimulator/Album.build/Album-DebugDylibPath-normal-arm64.txt -Xlinker -sectcreate -Xlinker __TEXT -Xlinker __debug_instlnm -Xlinker /Users/runner/work/Album-Prag/Album-Prag/DerivedData/Build/Intermediates.noindex/Album.build/Debug-iphonesimulator/Album.build/Album-DebugDylibInstallName-normal-arm64.txt -Xlinker -filelist -Xlinker /Users/runner/work/Album-Prag/Album-Prag/DerivedData/Build/Intermediates.noindex/Album.build/Debug-iphonesimulator/Album.build/Album-ExecutorLinkFileList-normal-arm64.txt -Xlinker -sectcreate -Xlinker __TEXT -Xlinker __entitlements -Xlinker /Users/runner/work/Album-Prag/Album-Prag/DerivedData/Build/Intermediates.noindex/Album.build/Debug-iphonesimulator/Album.build/Album.app-Simulated.xcent -Xlinker -sectcreate -Xlinker __TEXT -Xlinker __ents_der -Xlinker /Users/runner/work/Album-Prag/Album-Prag/DerivedData/Build/Intermediates.noindex/Album.build/Debug-iphonesimulator/Album.build/Album.app-Simulated.xcent.der /Users/runner/work/Album-Prag/Album-Prag/DerivedData/Build/Products/Debug-iphonesimulator/Album.app/Album.debug.dylib -Xlinker -no_adhoc_codesign -o /Users/runner/work/Album-Prag/Album-Prag/DerivedData/Build/Products/Debug-iphonesimulator/Album.app/Album

LinkAssetCatalog /Users/runner/work/Album-Prag/Album-Prag/Album/Assets.xcassets (in target 'Album' from project 'Album')
    cd /Users/runner/work/Album-Prag/Album-Prag
    builtin-linkAssetCatalog --thinned /Users/runner/work/Album-Prag/Album-Prag/DerivedData/Build/Intermediates.noindex/Album.build/Debug-iphonesimulator/Album.build/assetcatalog_output/thinned --thinned-dependencies /Users/runner/work/Album-Prag/Album-Prag/DerivedData/Build/Intermediates.noindex/Album.build/Debug-iphonesimulator/Album.build/assetcatalog_dependencies_thinned --thinned-info-plist-content /Users/runner/work/Album-Prag/Album-Prag/DerivedData/Build/Intermediates.noindex/Album.build/Debug-iphonesimulator/Album.build/assetcatalog_generated_info.plist_thinned --unthinned /Users/runner/work/Album-Prag/Album-Prag/DerivedData/Build/Intermediates.noindex/Album.build/Debug-iphonesimulator/Album.build/assetcatalog_output/unthinned --unthinned-dependencies /Users/runner/work/Album-Prag/Album-Prag/DerivedData/Build/Intermediates.noindex/Album.build/Debug-iphonesimulator/Album.build/assetcatalog_dependencies_unthinned --unthinned-info-plist-content /Users/runner/work/Album-Prag/Album-Prag/DerivedData/Build/Intermediates.noindex/Album.build/Debug-iphonesimulator/Album.build/assetcatalog_generated_info.plist_unthinned --output /Users/runner/work/Album-Prag/Album-Prag/DerivedData/Build/Products/Debug-iphonesimulator/Album.app --plist-output /Users/runner/work/Album-Prag/Album-Prag/DerivedData/Build/Intermediates.noindex/Album.build/Debug-iphonesimulator/Album.build/assetcatalog_generated_info.plist
note: Emplaced /Users/runner/work/Album-Prag/Album-Prag/DerivedData/Build/Products/Debug-iphonesimulator/Album.app/AppIcon76x76@2x~ipad.png (in target 'Album' from project 'Album')
note: Emplaced /Users/runner/work/Album-Prag/Album-Prag/DerivedData/Build/Products/Debug-iphonesimulator/Album.app/AppIcon60x60@2x.png (in target 'Album' from project 'Album')
note: Emplaced /Users/runner/work/Album-Prag/Album-Prag/DerivedData/Build/Products/Debug-iphonesimulator/Album.app/Assets.car (in target 'Album' from project 'Album')

Copy /Users/runner/work/Album-Prag/Album-Prag/DerivedData/Build/Products/Debug-iphonesimulator/Album.app/PlugIns/AlbumShare.appex /Users/runner/work/Album-Prag/Album-Prag/DerivedData/Build/Products/Debug-iphonesimulator/AlbumShare.appex (in target 'Album' from project 'Album')
    cd /Users/runner/work/Album-Prag/Album-Prag
    builtin-copy -exclude .DS_Store -exclude CVS -exclude .svn -exclude .git -exclude .hg -exclude Headers -exclude PrivateHeaders -exclude Modules -exclude \*.tbd -resolve-src-symlinks -remove-static-executable /Users/runner/work/Album-Prag/Album-Prag/DerivedData/Build/Products/Debug-iphonesimulator/AlbumShare.appex /Users/runner/work/Album-Prag/Album-Prag/DerivedData/Build/Products/Debug-iphonesimulator/Album.app/PlugIns

ProcessInfoPlistFile /Users/runner/work/Album-Prag/Album-Prag/DerivedData/Build/Products/Debug-iphonesimulator/Album.app/Info.plist /Users/runner/work/Album-Prag/Album-Prag/Album/Info.plist (in target 'Album' from project 'Album')
    cd /Users/runner/work/Album-Prag/Album-Prag
    builtin-infoPlistUtility /Users/runner/work/Album-Prag/Album-Prag/Album/Info.plist -producttype com.apple.product-type.application -genpkginfo /Users/runner/work/Album-Prag/Album-Prag/DerivedData/Build/Products/Debug-iphonesimulator/Album.app/PkgInfo -expandbuildsettings -format binary -platform iphonesimulator -additionalcontentfile /Users/runner/work/Album-Prag/Album-Prag/DerivedData/Build/Intermediates.noindex/Album.build/Debug-iphonesimulator/Album.build/assetcatalog_generated_info.plist -scanforprivacyfile /Users/runner/work/Album-Prag/Album-Prag/DerivedData/Build/Products/Debug-iphonesimulator/Album.app/Frameworks/RiveRuntime.framework -scanforprivacyfile /Users/runner/work/Album-Prag/Album-Prag/DerivedData/Build/Products/Debug-iphonesimulator/Album.app/PlugIns/AlbumShare.appex -scanforprivacyfile /Users/runner/work/Album-Prag/Album-Prag/DerivedData/Build/Products/Debug-iphonesimulator/Album.app/swift-crypto_Crypto.bundle -o /Users/runner/work/Album-Prag/Album-Prag/DerivedData/Build/Products/Debug-iphonesimulator/Album.app/Info.plist

ExtractAppIntentsMetadata (in target 'Album' from project 'Album')
    cd /Users/runner/work/Album-Prag/Album-Prag
    /Applications/Xcode_26.6.app/Contents/Developer/Toolchains/XcodeDefault.xctoolchain/usr/bin/appintentsmetadataprocessor --toolchain-dir /var/run/com.apple.security.cryptexd/mnt/com.apple.MobileAsset.MetalToolchain-v17.6.109.0.3IcKNH/Metal.xctoolchain --module-name Album --sdk-root /Applications/Xcode_26.6.app/Contents/Developer/Platforms/iPhoneSimulator.platform/Developer/SDKs/iPhoneSimulator26.5.sdk --xcode-version 17F113 --platform-family iOS --deployment-target 17.0 --bundle-identifier de.privatealbum.prague --output /Users/runner/work/Album-Prag/Album-Prag/DerivedData/Build/Products/Debug-iphonesimulator/Album.app --target-triple arm64-apple-ios17.0-simulator --binary-file /Users/runner/work/Album-Prag/Album-Prag/DerivedData/Build/Products/Debug-iphonesimulator/Album.app/Album --dependency-file /Users/runner/work/Album-Prag/Album-Prag/DerivedData/Build/Intermediates.noindex/Album.build/Debug-iphonesimulator/Album.build/Objects-normal/arm64/Album_dependency_info.dat --stringsdata-file /Users/runner/work/Album-Prag/Album-Prag/DerivedData/Build/Intermediates.noindex/Album.build/Debug-iphonesimulator/Album.build/Objects-normal/arm64/ExtractedAppShortcutsMetadata.stringsdata --source-file-list /Users/runner/work/Album-Prag/Album-Prag/DerivedData/Build/Intermediates.noindex/Album.build/Debug-iphonesimulator/Album.build/Objects-normal/arm64/Album.SwiftFileList --metadata-file-list /Users/runner/work/Album-Prag/Album-Prag/DerivedData/Build/Intermediates.noindex/Album.build/Debug-iphonesimulator/Album.build/Album.DependencyMetadataFileList --static-metadata-file-list /Users/runner/work/Album-Prag/Album-Prag/DerivedData/Build/Intermediates.noindex/Album.build/Debug-iphonesimulator/Album.build/Album.DependencyStaticMetadataFileList --swift-const-vals-list /Users/runner/work/Album-Prag/Album-Prag/DerivedData/Build/Intermediates.noindex/Album.build/Debug-iphonesimulator/Album.build/Objects-normal/arm64/Album.SwiftConstValuesFileList --compile-time-extraction --deployment-aware-processing --validate-assistant-intents --no-app-shortcuts-localization
2026-10-05 12:43:23.672 appintentsmetadataprocessor[10231:39285] Starting appintentsmetadataprocessor export
2026-10-05 12:43:23.697 appintentsmetadataprocessor[10231:39285] warning: Metadata extraction skipped. No AppIntents.framework dependency found.

CopySwiftLibs /Users/runner/work/Album-Prag/Album-Prag/DerivedData/Build/Products/Debug-iphonesimulator/Album.app (in target 'Album' from project 'Album')
    cd /Users/runner/work/Album-Prag/Album-Prag
    builtin-swiftStdLibTool --copy --verbose --sign - --scan-executable /Users/runner/work/Album-Prag/Album-Prag/DerivedData/Build/Products/Debug-iphonesimulator/Album.app/Album.debug.dylib --scan-folder /Users/runner/work/Album-Prag/Album-Prag/DerivedData/Build/Products/Debug-iphonesimulator/Album.app/Frameworks --scan-folder /Users/runner/work/Album-Prag/Album-Prag/DerivedData/Build/Products/Debug-iphonesimulator/Album.app/PlugIns --scan-folder /Users/runner/work/Album-Prag/Album-Prag/DerivedData/Build/Products/Debug-iphonesimulator/Album.app/SystemExtensions --scan-folder /Users/runner/work/Album-Prag/Album-Prag/DerivedData/Build/Products/Debug-iphonesimulator/Album.app/Extensions --platform iphonesimulator --toolchain /var/run/com.apple.security.cryptexd/mnt/com.apple.MobileAsset.MetalToolchain-v17.6.109.0.3IcKNH/Metal.xctoolchain --toolchain /Applications/Xcode_26.6.app/Contents/Developer/Toolchains/XcodeDefault.xctoolchain --destination /Users/runner/work/Album-Prag/Album-Prag/DerivedData/Build/Products/Debug-iphonesimulator/Album.app/Frameworks --strip-bitcode --strip-bitcode-tool /Applications/Xcode_26.6.app/Contents/Developer/Toolchains/XcodeDefault.xctoolchain/usr/bin/bitcode_strip --emit-dependency-info /Users/runner/work/Album-Prag/Album-Prag/DerivedData/Build/Intermediates.noindex/Album.build/Debug-iphonesimulator/Album.build/SwiftStdLibToolInputDependencies.dep --filter-for-swift-os

AppIntentsSSUTraining (in target 'Album' from project 'Album')
    cd /Users/runner/work/Album-Prag/Album-Prag
    /Applications/Xcode_26.6.app/Contents/Developer/Toolchains/XcodeDefault.xctoolchain/usr/bin/appintentsnltrainingprocessor --infoplist-path /Users/runner/work/Album-Prag/Album-Prag/DerivedData/Build/Products/Debug-iphonesimulator/Album.app/Info.plist --temp-dir-path /Users/runner/work/Album-Prag/Album-Prag/DerivedData/Build/Intermediates.noindex/Album.build/Debug-iphonesimulator/Album.build/ssu --bundle-id de.privatealbum.prague --product-path /Users/runner/work/Album-Prag/Album-Prag/DerivedData/Build/Products/Debug-iphonesimulator/Album.app --extracted-metadata-path /Users/runner/work/Album-Prag/Album-Prag/DerivedData/Build/Products/Debug-iphonesimulator/Album.app/Metadata.appintents --metadata-file-list /Users/runner/work/Album-Prag/Album-Prag/DerivedData/Build/Intermediates.noindex/Album.build/Debug-iphonesimulator/Album.build/Album.DependencyMetadataFileList --source-file /Users/runner/work/Album-Prag/Album-Prag/DerivedData/Build/Products/Debug-iphonesimulator/Album.app/Info.plist --archive-ssu-assets
2026-10-05 12:43:23.908 appintentsnltrainingprocessor[10325:39486] Parsing options for appintentsnltrainingprocessor
2026-10-05 12:43:23.911 appintentsnltrainingprocessor[10325:39486] Starting AppIntents SSU YAML Generation
2026-10-05 12:43:23.913 appintentsnltrainingprocessor[10325:39486] No AppShortcuts found - Skipping.

Copy /Users/runner/work/Album-Prag/Album-Prag/DerivedData/Build/Products/Debug-iphonesimulator/Album.app/PlugIns/AlbumTests.xctest/swift-crypto_Crypto.bundle /Users/runner/work/Album-Prag/Album-Prag/DerivedData/Build/Products/Debug-iphonesimulator/swift-crypto_Crypto.bundle (in target 'AlbumTests' from project 'Album')
    cd /Users/runner/work/Album-Prag/Album-Prag
    builtin-copy -exclude .DS_Store -exclude CVS -exclude .svn -exclude .git -exclude .hg -resolve-src-symlinks /Users/runner/work/Album-Prag/Album-Prag/DerivedData/Build/Products/Debug-iphonesimulator/swift-crypto_Crypto.bundle /Users/runner/work/Album-Prag/Album-Prag/DerivedData/Build/Products/Debug-iphonesimulator/Album.app/PlugIns/AlbumTests.xctest

ProcessInfoPlistFile /Users/runner/work/Album-Prag/Album-Prag/DerivedData/Build/Products/Debug-iphonesimulator/Album.app/PlugIns/AlbumTests.xctest/Info.plist /Users/runner/work/Album-Prag/Album-Prag/DerivedData/Build/Intermediates.noindex/Album.build/Debug-iphonesimulator/AlbumTests.build/empty-AlbumTests.plist (in target 'AlbumTests' from project 'Album')
    cd /Users/runner/work/Album-Prag/Album-Prag
    builtin-infoPlistUtility /Users/runner/work/Album-Prag/Album-Prag/DerivedData/Build/Intermediates.noindex/Album.build/Debug-iphonesimulator/AlbumTests.build/empty-AlbumTests.plist -producttype com.apple.product-type.bundle.unit-test -expandbuildsettings -format binary -platform iphonesimulator -scanforprivacyfile /Users/runner/work/Album-Prag/Album-Prag/DerivedData/Build/Products/Debug-iphonesimulator/Album.app/PlugIns/AlbumTests.xctest/swift-crypto_Crypto.bundle -o /Users/runner/work/Album-Prag/Album-Prag/DerivedData/Build/Products/Debug-iphonesimulator/Album.app/PlugIns/AlbumTests.xctest/Info.plist

SwiftDriverJobDiscovery normal arm64 Compiling SupabaseDateCodecTests.swift, SupabaseSwiftIntegrationTests.swift, SyncRegressionTests.swift (in target 'AlbumTests' from project 'Album')

SwiftDriver\ Compilation AlbumTests normal arm64 com.apple.xcode.tools.swift.compiler (in target 'AlbumTests' from project 'Album')
    cd /Users/runner/work/Album-Prag/Album-Prag
    builtin-Swift-Compilation -- /Applications/Xcode_26.6.app/Contents/Developer/Toolchains/XcodeDefault.xctoolchain/usr/bin/swiftc -module-name AlbumTests -Onone @/Users/runner/work/Album-Prag/Album-Prag/DerivedData/Build/Intermediates.noindex/Album.build/Debug-iphonesimulator/AlbumTests.build/Objects-normal/arm64/AlbumTests.SwiftFileList -DDEBUG -plugin-path /Applications/Xcode_26.6.app/Contents/Developer/Toolchains/XcodeDefault.xctoolchain/usr/lib/swift/host/plugins/testing -enable-bare-slash-regex -enable-experimental-feature DebugDescriptionMacro -sdk /Applications/Xcode_26.6.app/Contents/Developer/Platforms/iPhoneSimulator.platform/Developer/SDKs/iPhoneSimulator26.5.sdk -target arm64-apple-ios17.0-simulator -g -module-cache-path /Users/runner/work/Album-Prag/Album-Prag/DerivedData/ModuleCache.noindex -Xfrontend -serialize-debugging-options -enable-testing -index-store-path /Users/runner/work/Album-Prag/Album-Prag/DerivedData/Index.noindex/DataStore -Xcc -D_LIBCPP_HARDENING_MODE\=_LIBCPP_HARDENING_MODE_DEBUG -swift-version 5 -I /Users/runner/work/Album-Prag/Album-Prag/DerivedData/Build/Products/Debug-iphonesimulator -Isystem /Applications/Xcode_26.6.app/Contents/Developer/Platforms/iPhoneSimulator.platform/Developer/usr/lib -F /Users/runner/work/Album-Prag/Album-Prag/DerivedData/Build/Products/Debug-iphonesimulator/PackageFrameworks -F /Users/runner/work/Album-Prag/Album-Prag/DerivedData/Build/Products/Debug-iphonesimulator/PackageFrameworks -F /Users/runner/work/Album-Prag/Album-Prag/DerivedData/Build/Products/Debug-iphonesimulator/PackageFrameworks -F /Users/runner/work/Album-Prag/Album-Prag/DerivedData/Build/Products/Debug-iphonesimulator/PackageFrameworks -F /Users/runner/work/Album-Prag/Album-Prag/DerivedData/Build/Products/Debug-iphonesimulator/PackageFrameworks -F /Users/runner/work/Album-Prag/Album-Prag/DerivedData/Build/Products/Debug-iphonesimulator/PackageFrameworks -F /Users/runner/work/Album-Prag/Album-Prag/DerivedData/Build/Products/Debug-iphonesimulator/PackageFrameworks -F /Users/runner/work/Album-Prag/Album-Prag/DerivedData/Build/Products/Debug-iphonesimulator/PackageFrameworks -F /Users/runner/work/Album-Prag/Album-Prag/DerivedData/Build/Products/Debug-iphonesimulator/PackageFrameworks -F /Users/runner/work/Album-Prag/Album-Prag/DerivedData/Build/Products/Debug-iphonesimulator/PackageFrameworks -F /Users/runner/work/Album-Prag/Album-Prag/DerivedData/Build/Products/Debug-iphonesimulator/PackageFrameworks -F /Users/runner/work/Album-Prag/Album-Prag/DerivedData/Build/Products/Debug-iphonesimulator/PackageFrameworks -F /Users/runner/work/Album-Prag/Album-Prag/DerivedData/Build/Products/Debug-iphonesimulator/PackageFrameworks -F /Users/runner/work/Album-Prag/Album-Prag/DerivedData/Build/Products/Debug-iphonesimulator/PackageFrameworks -F /Users/runner/work/Album-Prag/Album-Prag/DerivedData/Build/Products/Debug-iphonesimulator -F /Applications/Xcode_26.6.app/Contents/Developer/Platforms/iPhoneSimulator.platform/Developer/Library/Frameworks -F /Applications/Xcode_26.6.app/Contents/Developer/Platforms/iPhoneSimulator.platform/Developer/SDKs/iPhoneSimulator26.5.sdk/Developer/Library/Frameworks -c -j3 -enable-batch-mode -incremental -Xcc -ivfsstatcache -Xcc /Users/runner/work/Album-Prag/Album-Prag/DerivedData/SDKStatCaches.noindex/iphonesimulator26.5-23F81a-688ef53f1462e2c8f657fdc38a81448ff45c64a1807a658693f2a61704f17a36.sdkstatcache -output-file-map /Users/runner/work/Album-Prag/Album-Prag/DerivedData/Build/Intermediates.noindex/Album.build/Debug-iphonesimulator/AlbumTests.build/Objects-normal/arm64/AlbumTests-OutputFileMap.json -use-frontend-parseable-output -save-temps -no-color-diagnostics -explicit-module-build -module-cache-path /Users/runner/work/Album-Prag/Album-Prag/DerivedData/Build/Intermediates.noindex/SwiftExplicitPrecompiledModules -clang-scanner-module-cache-path /Users/runner/work/Album-Prag/Album-Prag/DerivedData/ModuleCache.noindex -sdk-module-cache-path /Users/runner/work/Album-Prag/Album-Prag/DerivedData/ModuleCache.noindex -serialize-diagnostics -emit-dependencies -emit-module -emit-module-path /Users/runner/work/Album-Prag/Album-Prag/DerivedData/Build/Intermediates.noindex/Album.build/Debug-iphonesimulator/AlbumTests.build/Objects-normal/arm64/AlbumTests.swiftmodule -validate-clang-modules-once -clang-build-session-file /Users/runner/work/Album-Prag/Album-Prag/DerivedData/ModuleCache.noindex/Session.modulevalidation -Xcc -I/Users/runner/work/Album-Prag/Album-Prag/DerivedData/Build/Intermediates.noindex/Album.build/Debug-iphonesimulator/AlbumTests.build/swift-overrides.hmap -emit-const-values -Xfrontend -const-gather-protocols-file -Xfrontend /Users/runner/work/Album-Prag/Album-Prag/DerivedData/Build/Intermediates.noindex/Album.build/Debug-iphonesimulator/AlbumTests.build/Objects-normal/arm64/AlbumTests_const_extract_protocols.json -Xcc -iquote -Xcc /Users/runner/work/Album-Prag/Album-Prag/DerivedData/Build/Intermediates.noindex/Album.build/Debug-iphonesimulator/AlbumTests.build/AlbumTests-generated-files.hmap -Xcc -I/Users/runner/work/Album-Prag/Album-Prag/DerivedData/Build/Intermediates.noindex/Album.build/Debug-iphonesimulator/AlbumTests.build/AlbumTests-own-target-headers.hmap -Xcc -I/Users/runner/work/Album-Prag/Album-Prag/DerivedData/Build/Intermediates.noindex/Album.build/Debug-iphonesimulator/AlbumTests.build/AlbumTests-all-non-framework-target-headers.hmap -Xcc -ivfsoverlay -Xcc /Users/runner/work/Album-Prag/Album-Prag/DerivedData/Build/Intermediates.noindex/Album.build/Debug-iphonesimulator/Album-59f78f5c0bff10c2956812cb85339bbd-VFS-iphonesimulator/all-product-headers.yaml -Xcc -iquote -Xcc /Users/runner/work/Album-Prag/Album-Prag/DerivedData/Build/Intermediates.noindex/Album.build/Debug-iphonesimulator/AlbumTests.build/AlbumTests-project-headers.hmap -Xcc -I/Users/runner/work/Album-Prag/Album-Prag/DerivedData/Build/Products/Debug-iphonesimulator/include -Xcc -I/Users/runner/work/Album-Prag/Album-Prag/DerivedData/Build/Intermediates.noindex/Album.build/Debug-iphonesimulator/AlbumTests.build/DerivedSources-normal/arm64 -Xcc -I/Users/runner/work/Album-Prag/Album-Prag/DerivedData/Build/Intermediates.noindex/Album.build/Debug-iphonesimulator/AlbumTests.build/DerivedSources/arm64 -Xcc -I/Users/runner/work/Album-Prag/Album-Prag/DerivedData/Build/Intermediates.noindex/Album.build/Debug-iphonesimulator/AlbumTests.build/DerivedSources -Xcc -DDEBUG\=1 -emit-objc-header -emit-objc-header-path /Users/runner/work/Album-Prag/Album-Prag/DerivedData/Build/Intermediates.noindex/Album.build/Debug-iphonesimulator/AlbumTests.build/Objects-normal/arm64/AlbumTests-Swift.h -working-directory /Users/runner/work/Album-Prag/Album-Prag -experimental-emit-module-separately -disable-cmo

Ld /Users/runner/work/Album-Prag/Album-Prag/DerivedData/Build/Products/Debug-iphonesimulator/Album.app/PlugIns/AlbumTests.xctest/AlbumTests normal (in target 'AlbumTests' from project 'Album')
    cd /Users/runner/work/Album-Prag/Album-Prag
    /Applications/Xcode_26.6.app/Contents/Developer/Toolchains/XcodeDefault.xctoolchain/usr/bin/clang -Xlinker -reproducible -target arm64-apple-ios17.0-simulator -bundle -isysroot /Applications/Xcode_26.6.app/Contents/Developer/Platforms/iPhoneSimulator.platform/Developer/SDKs/iPhoneSimulator26.5.sdk -O0 -L/Users/runner/work/Album-Prag/Album-Prag/DerivedData/Build/Intermediates.noindex/EagerLinkingTBDs/Debug-iphonesimulator -L/Users/runner/work/Album-Prag/Album-Prag/DerivedData/Build/Products/Debug-iphonesimulator -L/Applications/Xcode_26.6.app/Contents/Developer/Platforms/iPhoneSimulator.platform/Developer/usr/lib -F/Users/runner/work/Album-Prag/Album-Prag/DerivedData/Build/Intermediates.noindex/EagerLinkingTBDs/Debug-iphonesimulator -F/Users/runner/work/Album-Prag/Album-Prag/DerivedData/Build/Products/Debug-iphonesimulator/PackageFrameworks -F/Users/runner/work/Album-Prag/Album-Prag/DerivedData/Build/Products/Debug-iphonesimulator/PackageFrameworks -F/Users/runner/work/Album-Prag/Album-Prag/DerivedData/Build/Products/Debug-iphonesimulator/PackageFrameworks -F/Users/runner/work/Album-Prag/Album-Prag/DerivedData/Build/Products/Debug-iphonesimulator/PackageFrameworks -F/Users/runner/work/Album-Prag/Album-Prag/DerivedData/Build/Products/Debug-iphonesimulator/PackageFrameworks -F/Users/runner/work/Album-Prag/Album-Prag/DerivedData/Build/Products/Debug-iphonesimulator/PackageFrameworks -F/Users/runner/work/Album-Prag/Album-Prag/DerivedData/Build/Products/Debug-iphonesimulator/PackageFrameworks -F/Users/runner/work/Album-Prag/Album-Prag/DerivedData/Build/Products/Debug-iphonesimulator/PackageFrameworks -F/Users/runner/work/Album-Prag/Album-Prag/DerivedData/Build/Products/Debug-iphonesimulator/PackageFrameworks -F/Users/runner/work/Album-Prag/Album-Prag/DerivedData/Build/Products/Debug-iphonesimulator/PackageFrameworks -F/Users/runner/work/Album-Prag/Album-Prag/DerivedData/Build/Products/Debug-iphonesimulator/PackageFrameworks -F/Users/runner/work/Album-Prag/Album-Prag/DerivedData/Build/Products/Debug-iphonesimulator/PackageFrameworks -F/Users/runner/work/Album-Prag/Album-Prag/DerivedData/Build/Products/Debug-iphonesimulator/PackageFrameworks -F/Users/runner/work/Album-Prag/Album-Prag/DerivedData/Build/Products/Debug-iphonesimulator/PackageFrameworks -F/Users/runner/work/Album-Prag/Album-Prag/DerivedData/Build/Products/Debug-iphonesimulator -iframework /Applications/Xcode_26.6.app/Contents/Developer/Platforms/iPhoneSimulator.platform/Developer/Library/Frameworks -iframework /Applications/Xcode_26.6.app/Contents/Developer/Platforms/iPhoneSimulator.platform/Developer/SDKs/iPhoneSimulator26.5.sdk/Developer/Library/Frameworks -filelist /Users/runner/work/Album-Prag/Album-Prag/DerivedData/Build/Intermediates.noindex/Album.build/Debug-iphonesimulator/AlbumTests.build/Objects-normal/arm64/AlbumTests.LinkFileList -Xlinker -rpath -Xlinker /usr/lib/swift -Xlinker -rpath -Xlinker /Users/runner/work/Album-Prag/Album-Prag/DerivedData/Build/Products/Debug-iphonesimulator/PackageFrameworks -Xlinker -rpath -Xlinker @loader_path/Frameworks -Xlinker -rpath -Xlinker @executable_path/Frameworks -Xlinker -dead_strip -bundle_loader /Users/runner/work/Album-Prag/Album-Prag/DerivedData/Build/Products/Debug-iphonesimulator/Album.app/Album -Xlinker -object_path_lto -Xlinker /Users/runner/work/Album-Prag/Album-Prag/DerivedData/Build/Intermediates.noindex/Album.build/Debug-iphonesimulator/AlbumTests.build/Objects-normal/arm64/AlbumTests_lto.o -rdynamic -Xlinker -no_deduplicate -Xlinker -objc_abi_version -Xlinker 2 -Xlinker -dependency_info -Xlinker /Users/runner/work/Album-Prag/Album-Prag/DerivedData/Build/Intermediates.noindex/Album.build/Debug-iphonesimulator/AlbumTests.build/Objects-normal/arm64/AlbumTests_dependency_info.dat -fobjc-link-runtime -L/Applications/Xcode_26.6.app/Contents/Developer/Toolchains/XcodeDefault.xctoolchain/usr/lib/swift/iphonesimulator -L/usr/lib/swift -Xlinker -add_ast_path -Xlinker /Users/runner/work/Album-Prag/Album-Prag/DerivedData/Build/Intermediates.noindex/Album.build/Debug-iphonesimulator/AlbumTests.build/Objects-normal/arm64/AlbumTests.swiftmodule @/Users/runner/work/Album-Prag/Album-Prag/DerivedData/Build/Intermediates.noindex/Album.build/Debug-iphonesimulator/AlbumTests.build/Objects-normal/arm64/AlbumTests-linker-args.resp -Wl,-no_warn_duplicate_libraries -Wl,-no_warn_duplicate_libraries -Wl,-no_warn_duplicate_libraries -Wl,-no_warn_duplicate_libraries -Wl,-no_warn_duplicate_libraries -Wl,-no_warn_duplicate_libraries -Wl,-no_warn_duplicate_libraries -Wl,-no_warn_duplicate_libraries -Wl,-no_warn_duplicate_libraries -Wl,-no_warn_duplicate_libraries -Wl,-no_warn_duplicate_libraries -Wl,-no_warn_duplicate_libraries -Wl,-no_warn_duplicate_libraries -Wl,-no_warn_duplicate_libraries -Xlinker -needed_framework -Xlinker XCTest -framework XCTest -Xlinker -needed-lXCTestSwiftSupport -lXCTestSwiftSupport /Users/runner/work/Album-Prag/Album-Prag/DerivedData/Build/Products/Debug-iphonesimulator/Album.app/Album.debug.dylib -Xlinker -no_adhoc_codesign -o /Users/runner/work/Album-Prag/Album-Prag/DerivedData/Build/Products/Debug-iphonesimulator/Album.app/PlugIns/AlbumTests.xctest/AlbumTests

CopySwiftLibs /Users/runner/work/Album-Prag/Album-Prag/DerivedData/Build/Products/Debug-iphonesimulator/Album.app/PlugIns/AlbumTests.xctest (in target 'AlbumTests' from project 'Album')
    cd /Users/runner/work/Album-Prag/Album-Prag
    builtin-swiftStdLibTool --copy --verbose --sign - --scan-executable /Users/runner/work/Album-Prag/Album-Prag/DerivedData/Build/Products/Debug-iphonesimulator/Album.app/PlugIns/AlbumTests.xctest/AlbumTests --scan-folder /Users/runner/work/Album-Prag/Album-Prag/DerivedData/Build/Products/Debug-iphonesimulator/Album.app/PlugIns/AlbumTests.xctest/Frameworks --scan-folder /Users/runner/work/Album-Prag/Album-Prag/DerivedData/Build/Products/Debug-iphonesimulator/Album.app/PlugIns/AlbumTests.xctest/PlugIns --scan-folder /Users/runner/work/Album-Prag/Album-Prag/DerivedData/Build/Products/Debug-iphonesimulator/Album.app/PlugIns/AlbumTests.xctest/SystemExtensions --scan-folder /Users/runner/work/Album-Prag/Album-Prag/DerivedData/Build/Products/Debug-iphonesimulator/Album.app/PlugIns/AlbumTests.xctest/Extensions --platform iphonesimulator --toolchain /var/run/com.apple.security.cryptexd/mnt/com.apple.MobileAsset.MetalToolchain-v17.6.109.0.3IcKNH/Metal.xctoolchain --toolchain /Applications/Xcode_26.6.app/Contents/Developer/Toolchains/XcodeDefault.xctoolchain --destination /Users/runner/work/Album-Prag/Album-Prag/DerivedData/Build/Products/Debug-iphonesimulator/Album.app/PlugIns/AlbumTests.xctest/Frameworks --strip-bitcode --scan-executable /Applications/Xcode_26.6.app/Contents/Developer/Platforms/iPhoneSimulator.platform/Developer/usr/lib/libXCTestSwiftSupport.dylib --strip-bitcode-tool /Applications/Xcode_26.6.app/Contents/Developer/Toolchains/XcodeDefault.xctoolchain/usr/bin/bitcode_strip --emit-dependency-info /Users/runner/work/Album-Prag/Album-Prag/DerivedData/Build/Intermediates.noindex/Album.build/Debug-iphonesimulator/AlbumTests.build/SwiftStdLibToolInputDependencies.dep --filter-for-swift-os

ExtractAppIntentsMetadata (in target 'AlbumTests' from project 'Album')
    cd /Users/runner/work/Album-Prag/Album-Prag
    /Applications/Xcode_26.6.app/Contents/Developer/Toolchains/XcodeDefault.xctoolchain/usr/bin/appintentsmetadataprocessor --toolchain-dir /var/run/com.apple.security.cryptexd/mnt/com.apple.MobileAsset.MetalToolchain-v17.6.109.0.3IcKNH/Metal.xctoolchain --module-name AlbumTests --sdk-root /Applications/Xcode_26.6.app/Contents/Developer/Platforms/iPhoneSimulator.platform/Developer/SDKs/iPhoneSimulator26.5.sdk --xcode-version 17F113 --platform-family iOS --deployment-target 17.0 --bundle-identifier de.privatealbum.AlbumTests --output /Users/runner/work/Album-Prag/Album-Prag/DerivedData/Build/Products/Debug-iphonesimulator/Album.app/PlugIns/AlbumTests.xctest --target-triple arm64-apple-ios17.0-simulator --binary-file /Users/runner/work/Album-Prag/Album-Prag/DerivedData/Build/Products/Debug-iphonesimulator/Album.app/PlugIns/AlbumTests.xctest/AlbumTests --dependency-file /Users/runner/work/Album-Prag/Album-Prag/DerivedData/Build/Intermediates.noindex/Album.build/Debug-iphonesimulator/AlbumTests.build/Objects-normal/arm64/AlbumTests_dependency_info.dat --stringsdata-file /Users/runner/work/Album-Prag/Album-Prag/DerivedData/Build/Intermediates.noindex/Album.build/Debug-iphonesimulator/AlbumTests.build/Objects-normal/arm64/ExtractedAppShortcutsMetadata.stringsdata --source-file-list /Users/runner/work/Album-Prag/Album-Prag/DerivedData/Build/Intermediates.noindex/Album.build/Debug-iphonesimulator/AlbumTests.build/Objects-normal/arm64/AlbumTests.SwiftFileList --metadata-file-list /Users/runner/work/Album-Prag/Album-Prag/DerivedData/Build/Intermediates.noindex/Album.build/Debug-iphonesimulator/AlbumTests.build/AlbumTests.DependencyMetadataFileList --static-metadata-file-list /Users/runner/work/Album-Prag/Album-Prag/DerivedData/Build/Intermediates.noindex/Album.build/Debug-iphonesimulator/AlbumTests.build/AlbumTests.DependencyStaticMetadataFileList --swift-const-vals-list /Users/runner/work/Album-Prag/Album-Prag/DerivedData/Build/Intermediates.noindex/Album.build/Debug-iphonesimulator/AlbumTests.build/Objects-normal/arm64/AlbumTests.SwiftConstValuesFileList --compile-time-extraction --deployment-aware-processing --validate-assistant-intents --no-app-shortcuts-localization
2026-10-05 12:43:45.147 appintentsmetadataprocessor[11197:41577] Starting appintentsmetadataprocessor export
2026-10-05 12:43:45.152 appintentsmetadataprocessor[11197:41577] warning: Metadata extraction skipped. No AppIntents.framework dependency found.

AppIntentsSSUTraining (in target 'AlbumTests' from project 'Album')
    cd /Users/runner/work/Album-Prag/Album-Prag
    /Applications/Xcode_26.6.app/Contents/Developer/Toolchains/XcodeDefault.xctoolchain/usr/bin/appintentsnltrainingprocessor --infoplist-path /Users/runner/work/Album-Prag/Album-Prag/DerivedData/Build/Products/Debug-iphonesimulator/Album.app/PlugIns/AlbumTests.xctest/Info.plist --temp-dir-path /Users/runner/work/Album-Prag/Album-Prag/DerivedData/Build/Intermediates.noindex/Album.build/Debug-iphonesimulator/AlbumTests.build/ssu --bundle-id de.privatealbum.AlbumTests --product-path /Users/runner/work/Album-Prag/Album-Prag/DerivedData/Build/Products/Debug-iphonesimulator/Album.app/PlugIns/AlbumTests.xctest --extracted-metadata-path /Users/runner/work/Album-Prag/Album-Prag/DerivedData/Build/Products/Debug-iphonesimulator/Album.app/PlugIns/AlbumTests.xctest/Metadata.appintents --metadata-file-list /Users/runner/work/Album-Prag/Album-Prag/DerivedData/Build/Intermediates.noindex/Album.build/Debug-iphonesimulator/AlbumTests.build/AlbumTests.DependencyMetadataFileList --source-file /Users/runner/work/Album-Prag/Album-Prag/DerivedData/Build/Products/Debug-iphonesimulator/Album.app/PlugIns/AlbumTests.xctest/Info.plist --archive-ssu-assets
2026-10-05 12:43:45.213 appintentsnltrainingprocessor[11205:41592] Parsing options for appintentsnltrainingprocessor
2026-10-05 12:43:45.214 appintentsnltrainingprocessor[11205:41592] Starting AppIntents SSU YAML Generation
2026-10-05 12:43:45.214 appintentsnltrainingprocessor[11205:41592] No AppShortcuts found - Skipping.

CodeSign /Users/runner/work/Album-Prag/Album-Prag/DerivedData/Build/Products/Debug-iphonesimulator/Album.app/PlugIns/AlbumTests.xctest (in target 'AlbumTests' from project 'Album')
    cd /Users/runner/work/Album-Prag/Album-Prag
    
    Signing Identity:     "Sign to Run Locally"
    
    /usr/bin/codesign --force --sign - --timestamp\=none --generate-entitlement-der /Users/runner/work/Album-Prag/Album-Prag/DerivedData/Build/Products/Debug-iphonesimulator/Album.app/PlugIns/AlbumTests.xctest

RegisterExecutionPolicyException /Users/runner/work/Album-Prag/Album-Prag/DerivedData/Build/Products/Debug-iphonesimulator/Album.app/PlugIns/AlbumTests.xctest (in target 'AlbumTests' from project 'Album')
    cd /Users/runner/work/Album-Prag/Album-Prag
    builtin-RegisterExecutionPolicyException /Users/runner/work/Album-Prag/Album-Prag/DerivedData/Build/Products/Debug-iphonesimulator/Album.app/PlugIns/AlbumTests.xctest

Touch /Users/runner/work/Album-Prag/Album-Prag/DerivedData/Build/Products/Debug-iphonesimulator/Album.app/PlugIns/AlbumTests.xctest (in target 'AlbumTests' from project 'Album')
    cd /Users/runner/work/Album-Prag/Album-Prag
    /usr/bin/touch -c /Users/runner/work/Album-Prag/Album-Prag/DerivedData/Build/Products/Debug-iphonesimulator/Album.app/PlugIns/AlbumTests.xctest

CodeSign /Users/runner/work/Album-Prag/Album-Prag/DerivedData/Build/Products/Debug-iphonesimulator/Album.app/Album.debug.dylib (in target 'Album' from project 'Album')
    cd /Users/runner/work/Album-Prag/Album-Prag
    
    Signing Identity:     "Sign to Run Locally"
    
    /usr/bin/codesign --force --sign - --timestamp\=none --generate-entitlement-der /Users/runner/work/Album-Prag/Album-Prag/DerivedData/Build/Products/Debug-iphonesimulator/Album.app/Album.debug.dylib

CodeSign /Users/runner/work/Album-Prag/Album-Prag/DerivedData/Build/Products/Debug-iphonesimulator/Album.app/__preview.dylib (in target 'Album' from project 'Album')
    cd /Users/runner/work/Album-Prag/Album-Prag
    
    Signing Identity:     "Sign to Run Locally"
    
    /usr/bin/codesign --force --sign - --timestamp\=none --generate-entitlement-der /Users/runner/work/Album-Prag/Album-Prag/DerivedData/Build/Products/Debug-iphonesimulator/Album.app/__preview.dylib

CodeSign /Users/runner/work/Album-Prag/Album-Prag/DerivedData/Build/Products/Debug-iphonesimulator/Album.app (in target 'Album' from project 'Album')
    cd /Users/runner/work/Album-Prag/Album-Prag
    
    Signing Identity:     "Sign to Run Locally"
    
    /usr/bin/codesign --force --sign - --entitlements /Users/runner/work/Album-Prag/Album-Prag/DerivedData/Build/Intermediates.noindex/Album.build/Debug-iphonesimulator/Album.build/Album.app.xcent --timestamp\=none --generate-entitlement-der /Users/runner/work/Album-Prag/Album-Prag/DerivedData/Build/Products/Debug-iphonesimulator/Album.app

ValidateEmbeddedBinary /Users/runner/work/Album-Prag/Album-Prag/DerivedData/Build/Products/Debug-iphonesimulator/Album.app/PlugIns/AlbumShare.appex (in target 'Album' from project 'Album')
    cd /Users/runner/work/Album-Prag/Album-Prag
    /Applications/Xcode_26.6.app/Contents/Developer/usr/bin/embeddedBinaryValidationUtility /Users/runner/work/Album-Prag/Album-Prag/DerivedData/Build/Products/Debug-iphonesimulator/Album.app/PlugIns/AlbumShare.appex -signing-cert - -info-plist-path /Users/runner/work/Album-Prag/Album-Prag/DerivedData/Build/Products/Debug-iphonesimulator/Album.app/Info.plist

RegisterExecutionPolicyException /Users/runner/work/Album-Prag/Album-Prag/DerivedData/Build/Products/Debug-iphonesimulator/Album.app (in target 'Album' from project 'Album')
    cd /Users/runner/work/Album-Prag/Album-Prag
    builtin-RegisterExecutionPolicyException /Users/runner/work/Album-Prag/Album-Prag/DerivedData/Build/Products/Debug-iphonesimulator/Album.app

Validate /Users/runner/work/Album-Prag/Album-Prag/DerivedData/Build/Products/Debug-iphonesimulator/Album.app (in target 'Album' from project 'Album')
    cd /Users/runner/work/Album-Prag/Album-Prag
    builtin-validationUtility /Users/runner/work/Album-Prag/Album-Prag/DerivedData/Build/Products/Debug-iphonesimulator/Album.app -shallow-bundle -infoplist-subpath Info.plist

Touch /Users/runner/work/Album-Prag/Album-Prag/DerivedData/Build/Products/Debug-iphonesimulator/Album.app (in target 'Album' from project 'Album')
    cd /Users/runner/work/Album-Prag/Album-Prag
    /usr/bin/touch -c /Users/runner/work/Album-Prag/Album-Prag/DerivedData/Build/Products/Debug-iphonesimulator/Album.app

ProcessInfoPlistFile /Users/runner/work/Album-Prag/Album-Prag/DerivedData/Build/Products/Debug-iphonesimulator/AlbumUITests-Runner.app/PlugIns/AlbumUITests.xctest/Info.plist /Users/runner/work/Album-Prag/Album-Prag/DerivedData/Build/Intermediates.noindex/Album.build/Debug-iphonesimulator/AlbumUITests.build/empty-AlbumUITests.plist (in target 'AlbumUITests' from project 'Album')
    cd /Users/runner/work/Album-Prag/Album-Prag
    builtin-infoPlistUtility /Users/runner/work/Album-Prag/Album-Prag/DerivedData/Build/Intermediates.noindex/Album.build/Debug-iphonesimulator/AlbumUITests.build/empty-AlbumUITests.plist -producttype com.apple.product-type.bundle.ui-testing -expandbuildsettings -format binary -platform iphonesimulator -additionalcontentfile /Users/runner/work/Album-Prag/Album-Prag/DerivedData/Build/Intermediates.noindex/Album.build/Debug-iphonesimulator/AlbumUITests.build/ProductTypeInfoPlistAdditions.plist -o /Users/runner/work/Album-Prag/Album-Prag/DerivedData/Build/Products/Debug-iphonesimulator/AlbumUITests-Runner.app/PlugIns/AlbumUITests.xctest/Info.plist

Ld /Users/runner/work/Album-Prag/Album-Prag/DerivedData/Build/Products/Debug-iphonesimulator/AlbumUITests-Runner.app/PlugIns/AlbumUITests.xctest/AlbumUITests normal (in target 'AlbumUITests' from project 'Album')
    cd /Users/runner/work/Album-Prag/Album-Prag
    /Applications/Xcode_26.6.app/Contents/Developer/Toolchains/XcodeDefault.xctoolchain/usr/bin/clang -Xlinker -reproducible -target arm64-apple-ios17.0-simulator -bundle -isysroot /Applications/Xcode_26.6.app/Contents/Developer/Platforms/iPhoneSimulator.platform/Developer/SDKs/iPhoneSimulator26.5.sdk -O0 -L/Users/runner/work/Album-Prag/Album-Prag/DerivedData/Build/Intermediates.noindex/EagerLinkingTBDs/Debug-iphonesimulator -L/Users/runner/work/Album-Prag/Album-Prag/DerivedData/Build/Products/Debug-iphonesimulator -L/Applications/Xcode_26.6.app/Contents/Developer/Platforms/iPhoneSimulator.platform/Developer/usr/lib -F/Users/runner/work/Album-Prag/Album-Prag/DerivedData/Build/Intermediates.noindex/EagerLinkingTBDs/Debug-iphonesimulator -F/Users/runner/work/Album-Prag/Album-Prag/DerivedData/Build/Products/Debug-iphonesimulator -iframework /Applications/Xcode_26.6.app/Contents/Developer/Platforms/iPhoneSimulator.platform/Developer/Library/Frameworks -iframework /Applications/Xcode_26.6.app/Contents/Developer/Platforms/iPhoneSimulator.platform/Developer/SDKs/iPhoneSimulator26.5.sdk/Developer/Library/Frameworks -filelist /Users/runner/work/Album-Prag/Album-Prag/DerivedData/Build/Intermediates.noindex/Album.build/Debug-iphonesimulator/AlbumUITests.build/Objects-normal/arm64/AlbumUITests.LinkFileList -Xlinker -rpath -Xlinker /usr/lib/swift -Xlinker -rpath -Xlinker @loader_path/Frameworks -Xlinker -rpath -Xlinker @executable_path/Frameworks -Xlinker -dead_strip -Xlinker -object_path_lto -Xlinker /Users/runner/work/Album-Prag/Album-Prag/DerivedData/Build/Intermediates.noindex/Album.build/Debug-iphonesimulator/AlbumUITests.build/Objects-normal/arm64/AlbumUITests_lto.o -rdynamic -Xlinker -no_deduplicate -Xlinker -objc_abi_version -Xlinker 2 -Xlinker -dependency_info -Xlinker /Users/runner/work/Album-Prag/Album-Prag/DerivedData/Build/Intermediates.noindex/Album.build/Debug-iphonesimulator/AlbumUITests.build/Objects-normal/arm64/AlbumUITests_dependency_info.dat -fobjc-link-runtime -L/Applications/Xcode_26.6.app/Contents/Developer/Toolchains/XcodeDefault.xctoolchain/usr/lib/swift/iphonesimulator -L/usr/lib/swift -Xlinker -add_ast_path -Xlinker /Users/runner/work/Album-Prag/Album-Prag/DerivedData/Build/Intermediates.noindex/Album.build/Debug-iphonesimulator/AlbumUITests.build/Objects-normal/arm64/AlbumUITests.swiftmodule @/Users/runner/work/Album-Prag/Album-Prag/DerivedData/Build/Intermediates.noindex/Album.build/Debug-iphonesimulator/AlbumUITests.build/Objects-normal/arm64/AlbumUITests-linker-args.resp -Xlinker -needed_framework -Xlinker XCTest -framework XCTest -Xlinker -needed-lXCTestSwiftSupport -lXCTestSwiftSupport -Xlinker -sectcreate -Xlinker __TEXT -Xlinker __entitlements -Xlinker /Users/runner/work/Album-Prag/Album-Prag/DerivedData/Build/Intermediates.noindex/Album.build/Debug-iphonesimulator/AlbumUITests.build/AlbumUITests.xctest-Simulated.xcent -Xlinker -sectcreate -Xlinker __TEXT -Xlinker __ents_der -Xlinker /Users/runner/work/Album-Prag/Album-Prag/DerivedData/Build/Intermediates.noindex/Album.build/Debug-iphonesimulator/AlbumUITests.build/AlbumUITests.xctest-Simulated.xcent.der -Xlinker -no_adhoc_codesign -o /Users/runner/work/Album-Prag/Album-Prag/DerivedData/Build/Products/Debug-iphonesimulator/AlbumUITests-Runner.app/PlugIns/AlbumUITests.xctest/AlbumUITests

CopySwiftLibs /Users/runner/work/Album-Prag/Album-Prag/DerivedData/Build/Products/Debug-iphonesimulator/AlbumUITests-Runner.app/PlugIns/AlbumUITests.xctest (in target 'AlbumUITests' from project 'Album')
    cd /Users/runner/work/Album-Prag/Album-Prag
    builtin-swiftStdLibTool --copy --verbose --sign - --scan-executable /Users/runner/work/Album-Prag/Album-Prag/DerivedData/Build/Products/Debug-iphonesimulator/AlbumUITests-Runner.app/PlugIns/AlbumUITests.xctest/AlbumUITests --scan-folder /Users/runner/work/Album-Prag/Album-Prag/DerivedData/Build/Products/Debug-iphonesimulator/AlbumUITests-Runner.app/PlugIns/AlbumUITests.xctest/Frameworks --scan-folder /Users/runner/work/Album-Prag/Album-Prag/DerivedData/Build/Products/Debug-iphonesimulator/AlbumUITests-Runner.app/PlugIns/AlbumUITests.xctest/PlugIns --scan-folder /Users/runner/work/Album-Prag/Album-Prag/DerivedData/Build/Products/Debug-iphonesimulator/AlbumUITests-Runner.app/PlugIns/AlbumUITests.xctest/SystemExtensions --scan-folder /Users/runner/work/Album-Prag/Album-Prag/DerivedData/Build/Products/Debug-iphonesimulator/AlbumUITests-Runner.app/PlugIns/AlbumUITests.xctest/Extensions --platform iphonesimulator --toolchain /var/run/com.apple.security.cryptexd/mnt/com.apple.MobileAsset.MetalToolchain-v17.6.109.0.3IcKNH/Metal.xctoolchain --toolchain /Applications/Xcode_26.6.app/Contents/Developer/Toolchains/XcodeDefault.xctoolchain --destination /Users/runner/work/Album-Prag/Album-Prag/DerivedData/Build/Products/Debug-iphonesimulator/AlbumUITests-Runner.app/PlugIns/AlbumUITests.xctest/Frameworks --strip-bitcode --scan-executable /Applications/Xcode_26.6.app/Contents/Developer/Platforms/iPhoneSimulator.platform/Developer/usr/lib/libXCTestSwiftSupport.dylib --strip-bitcode-tool /Applications/Xcode_26.6.app/Contents/Developer/Toolchains/XcodeDefault.xctoolchain/usr/bin/bitcode_strip --emit-dependency-info /Users/runner/work/Album-Prag/Album-Prag/DerivedData/Build/Intermediates.noindex/Album.build/Debug-iphonesimulator/AlbumUITests.build/SwiftStdLibToolInputDependencies.dep --filter-for-swift-os

ExtractAppIntentsMetadata (in target 'AlbumUITests' from project 'Album')
    cd /Users/runner/work/Album-Prag/Album-Prag
    /Applications/Xcode_26.6.app/Contents/Developer/Toolchains/XcodeDefault.xctoolchain/usr/bin/appintentsmetadataprocessor --toolchain-dir /var/run/com.apple.security.cryptexd/mnt/com.apple.MobileAsset.MetalToolchain-v17.6.109.0.3IcKNH/Metal.xctoolchain --module-name AlbumUITests --sdk-root /Applications/Xcode_26.6.app/Contents/Developer/Platforms/iPhoneSimulator.platform/Developer/SDKs/iPhoneSimulator26.5.sdk --xcode-version 17F113 --platform-family iOS --deployment-target 17.0 --bundle-identifier de.privatealbum.AlbumUITests --output /Users/runner/work/Album-Prag/Album-Prag/DerivedData/Build/Products/Debug-iphonesimulator/AlbumUITests-Runner.app/PlugIns/AlbumUITests.xctest --target-triple arm64-apple-ios17.0-simulator --binary-file /Users/runner/work/Album-Prag/Album-Prag/DerivedData/Build/Products/Debug-iphonesimulator/AlbumUITests-Runner.app/PlugIns/AlbumUITests.xctest/AlbumUITests --dependency-file /Users/runner/work/Album-Prag/Album-Prag/DerivedData/Build/Intermediates.noindex/Album.build/Debug-iphonesimulator/AlbumUITests.build/Objects-normal/arm64/AlbumUITests_dependency_info.dat --stringsdata-file /Users/runner/work/Album-Prag/Album-Prag/DerivedData/Build/Intermediates.noindex/Album.build/Debug-iphonesimulator/AlbumUITests.build/Objects-normal/arm64/ExtractedAppShortcutsMetadata.stringsdata --source-file-list /Users/runner/work/Album-Prag/Album-Prag/DerivedData/Build/Intermediates.noindex/Album.build/Debug-iphonesimulator/AlbumUITests.build/Objects-normal/arm64/AlbumUITests.SwiftFileList --metadata-file-list /Users/runner/work/Album-Prag/Album-Prag/DerivedData/Build/Intermediates.noindex/Album.build/Debug-iphonesimulator/AlbumUITests.build/AlbumUITests.DependencyMetadataFileList --static-metadata-file-list /Users/runner/work/Album-Prag/Album-Prag/DerivedData/Build/Intermediates.noindex/Album.build/Debug-iphonesimulator/AlbumUITests.build/AlbumUITests.DependencyStaticMetadataFileList --swift-const-vals-list /Users/runner/work/Album-Prag/Album-Prag/DerivedData/Build/Intermediates.noindex/Album.build/Debug-iphonesimulator/AlbumUITests.build/Objects-normal/arm64/AlbumUITests.SwiftConstValuesFileList --compile-time-extraction --deployment-aware-processing --validate-assistant-intents --no-app-shortcuts-localization
2026-10-05 12:43:53.315 appintentsmetadataprocessor[11621:42548] Starting appintentsmetadataprocessor export
2026-10-05 12:43:53.318 appintentsmetadataprocessor[11621:42548] warning: Metadata extraction skipped. No AppIntents.framework dependency found.

AppIntentsSSUTraining (in target 'AlbumUITests' from project 'Album')
    cd /Users/runner/work/Album-Prag/Album-Prag
    /Applications/Xcode_26.6.app/Contents/Developer/Toolchains/XcodeDefault.xctoolchain/usr/bin/appintentsnltrainingprocessor --infoplist-path /Users/runner/work/Album-Prag/Album-Prag/DerivedData/Build/Products/Debug-iphonesimulator/AlbumUITests-Runner.app/PlugIns/AlbumUITests.xctest/Info.plist --temp-dir-path /Users/runner/work/Album-Prag/Album-Prag/DerivedData/Build/Intermediates.noindex/Album.build/Debug-iphonesimulator/AlbumUITests.build/ssu --bundle-id de.privatealbum.AlbumUITests --product-path /Users/runner/work/Album-Prag/Album-Prag/DerivedData/Build/Products/Debug-iphonesimulator/AlbumUITests-Runner.app/PlugIns/AlbumUITests.xctest --extracted-metadata-path /Users/runner/work/Album-Prag/Album-Prag/DerivedData/Build/Products/Debug-iphonesimulator/AlbumUITests-Runner.app/PlugIns/AlbumUITests.xctest/Metadata.appintents --metadata-file-list /Users/runner/work/Album-Prag/Album-Prag/DerivedData/Build/Intermediates.noindex/Album.build/Debug-iphonesimulator/AlbumUITests.build/AlbumUITests.DependencyMetadataFileList --source-file /Users/runner/work/Album-Prag/Album-Prag/DerivedData/Build/Products/Debug-iphonesimulator/AlbumUITests-Runner.app/PlugIns/AlbumUITests.xctest/Info.plist --archive-ssu-assets
2026-10-05 12:43:53.374 appintentsnltrainingprocessor[11622:42549] Parsing options for appintentsnltrainingprocessor
2026-10-05 12:43:53.375 appintentsnltrainingprocessor[11622:42549] Starting AppIntents SSU YAML Generation
2026-10-05 12:43:53.377 appintentsnltrainingprocessor[11622:42549] No AppShortcuts found - Skipping.

MkDir /Users/runner/work/Album-Prag/Album-Prag/DerivedData/Build/Products/Debug-iphonesimulator/AlbumUITests-Runner.app (in target 'AlbumUITests' from project 'Album')
    cd /Users/runner/work/Album-Prag/Album-Prag
    /bin/mkdir -p /Users/runner/work/Album-Prag/Album-Prag/DerivedData/Build/Products/Debug-iphonesimulator/AlbumUITests-Runner.app

CopyAndPreserveArchs /Users/runner/work/Album-Prag/Album-Prag/DerivedData/Build/Products/Debug-iphonesimulator/AlbumUITests-Runner.app/AlbumUITests-Runner (in target 'AlbumUITests' from project 'Album')
    cd /Users/runner/work/Album-Prag/Album-Prag
    /Applications/Xcode_26.6.app/Contents/Developer/Toolchains/XcodeDefault.xctoolchain/usr/bin/lipo /Applications/Xcode_26.6.app/Contents/Developer/Platforms/iPhoneSimulator.platform/Developer/Library/Xcode/Agents/XCTRunner.app/XCTRunner -output /Users/runner/work/Album-Prag/Album-Prag/DerivedData/Build/Products/Debug-iphonesimulator/AlbumUITests-Runner.app/AlbumUITests-Runner -extract arm64

CopyPlistFile /Users/runner/work/Album-Prag/Album-Prag/DerivedData/Build/Products/Debug-iphonesimulator/AlbumUITests-Runner.app/Info.plist /Applications/Xcode_26.6.app/Contents/Developer/Platforms/iPhoneSimulator.platform/Developer/Library/Xcode/Agents/XCTRunner.app/Info.plist (in target 'AlbumUITests' from project 'Album')
    cd /Users/runner/work/Album-Prag/Album-Prag
    builtin-copyPlist --validate --convert xml1 --macro-expansion WRAPPEDPRODUCTNAME AlbumUITests-Runner --macro-expansion WRAPPEDPRODUCTBUNDLEIDENTIFIER de.privatealbum.AlbumUITests.xctrunner --macro-expansion TESTPRODUCTNAME AlbumUITests --macro-expansion TESTPRODUCTBUNDLEIDENTIFIER de.privatealbum.AlbumUITests --copy-value UIDeviceFamily /Users/runner/work/Album-Prag/Album-Prag/DerivedData/Build/Products/Debug-iphonesimulator/AlbumUITests-Runner.app/PlugIns/AlbumUITests.xctest/Info.plist --outdir /Users/runner/work/Album-Prag/Album-Prag/DerivedData/Build/Products/Debug-iphonesimulator/AlbumUITests-Runner.app -- /Applications/Xcode_26.6.app/Contents/Developer/Platforms/iPhoneSimulator.platform/Developer/Library/Xcode/Agents/XCTRunner.app/Info.plist

Copy /Users/runner/work/Album-Prag/Album-Prag/DerivedData/Build/Products/Debug-iphonesimulator/AlbumUITests-Runner.app/PkgInfo /Applications/Xcode_26.6.app/Contents/Developer/Platforms/iPhoneSimulator.platform/Developer/Library/Xcode/Agents/XCTRunner.app/PkgInfo (in target 'AlbumUITests' from project 'Album')
    cd /Users/runner/work/Album-Prag/Album-Prag
    builtin-copy -exclude .DS_Store -exclude CVS -exclude .svn -exclude .git -exclude .hg -resolve-src-symlinks /Applications/Xcode_26.6.app/Contents/Developer/Platforms/iPhoneSimulator.platform/Developer/Library/Xcode/Agents/XCTRunner.app/PkgInfo /Users/runner/work/Album-Prag/Album-Prag/DerivedData/Build/Products/Debug-iphonesimulator/AlbumUITests-Runner.app

Copy /Users/runner/work/Album-Prag/Album-Prag/DerivedData/Build/Products/Debug-iphonesimulator/AlbumUITests-Runner.app/Frameworks/libXCTestSwiftSupport.dylib /Applications/Xcode_26.6.app/Contents/Developer/Platforms/iPhoneSimulator.platform/Developer/usr/lib/libXCTestSwiftSupport.dylib (in target 'AlbumUITests' from project 'Album')
    cd /Users/runner/work/Album-Prag/Album-Prag
    builtin-copy -exclude .DS_Store -exclude CVS -exclude .svn -exclude .git -exclude .hg -exclude Headers -exclude PrivateHeaders -exclude Modules -exclude \*.tbd -resolve-src-symlinks /Applications/Xcode_26.6.app/Contents/Developer/Platforms/iPhoneSimulator.platform/Developer/usr/lib/libXCTestSwiftSupport.dylib /Users/runner/work/Album-Prag/Album-Prag/DerivedData/Build/Products/Debug-iphonesimulator/AlbumUITests-Runner.app/Frameworks

Copy /Users/runner/work/Album-Prag/Album-Prag/DerivedData/Build/Products/Debug-iphonesimulator/AlbumUITests-Runner.app/Frameworks/XCUnit.framework /Applications/Xcode_26.6.app/Contents/Developer/Platforms/iPhoneSimulator.platform/Developer/Library/PrivateFrameworks/XCUnit.framework (in target 'AlbumUITests' from project 'Album')
    cd /Users/runner/work/Album-Prag/Album-Prag
    builtin-copy -exclude .DS_Store -exclude CVS -exclude .svn -exclude .git -exclude .hg -exclude Headers -exclude PrivateHeaders -exclude Modules -exclude \*.tbd -resolve-src-symlinks /Applications/Xcode_26.6.app/Contents/Developer/Platforms/iPhoneSimulator.platform/Developer/Library/PrivateFrameworks/XCUnit.framework /Users/runner/work/Album-Prag/Album-Prag/DerivedData/Build/Products/Debug-iphonesimulator/AlbumUITests-Runner.app/Frameworks

Copy /Users/runner/work/Album-Prag/Album-Prag/DerivedData/Build/Products/Debug-iphonesimulator/AlbumUITests-Runner.app/Frameworks/XCUIAutomation.framework /Applications/Xcode_26.6.app/Contents/Developer/Platforms/iPhoneSimulator.platform/Developer/Library/Frameworks/XCUIAutomation.framework (in target 'AlbumUITests' from project 'Album')
    cd /Users/runner/work/Album-Prag/Album-Prag
    builtin-copy -exclude .DS_Store -exclude CVS -exclude .svn -exclude .git -exclude .hg -exclude Headers -exclude PrivateHeaders -exclude Modules -exclude \*.tbd -resolve-src-symlinks /Applications/Xcode_26.6.app/Contents/Developer/Platforms/iPhoneSimulator.platform/Developer/Library/Frameworks/XCUIAutomation.framework /Users/runner/work/Album-Prag/Album-Prag/DerivedData/Build/Products/Debug-iphonesimulator/AlbumUITests-Runner.app/Frameworks

Copy /Users/runner/work/Album-Prag/Album-Prag/DerivedData/Build/Products/Debug-iphonesimulator/AlbumUITests-Runner.app/Frameworks/XCTestSupport.framework /Applications/Xcode_26.6.app/Contents/Developer/Platforms/iPhoneSimulator.platform/Developer/Library/PrivateFrameworks/XCTestSupport.framework (in target 'AlbumUITests' from project 'Album')
    cd /Users/runner/work/Album-Prag/Album-Prag
    builtin-copy -exclude .DS_Store -exclude CVS -exclude .svn -exclude .git -exclude .hg -exclude Headers -exclude PrivateHeaders -exclude Modules -exclude \*.tbd -resolve-src-symlinks /Applications/Xcode_26.6.app/Contents/Developer/Platforms/iPhoneSimulator.platform/Developer/Library/PrivateFrameworks/XCTestSupport.framework /Users/runner/work/Album-Prag/Album-Prag/DerivedData/Build/Products/Debug-iphonesimulator/AlbumUITests-Runner.app/Frameworks

Copy /Users/runner/work/Album-Prag/Album-Prag/DerivedData/Build/Products/Debug-iphonesimulator/AlbumUITests-Runner.app/Frameworks/XCTestCore.framework /Applications/Xcode_26.6.app/Contents/Developer/Platforms/iPhoneSimulator.platform/Developer/Library/PrivateFrameworks/XCTestCore.framework (in target 'AlbumUITests' from project 'Album')
    cd /Users/runner/work/Album-Prag/Album-Prag
    builtin-copy -exclude .DS_Store -exclude CVS -exclude .svn -exclude .git -exclude .hg -exclude Headers -exclude PrivateHeaders -exclude Modules -exclude \*.tbd -resolve-src-symlinks /Applications/Xcode_26.6.app/Contents/Developer/Platforms/iPhoneSimulator.platform/Developer/Library/PrivateFrameworks/XCTestCore.framework /Users/runner/work/Album-Prag/Album-Prag/DerivedData/Build/Products/Debug-iphonesimulator/AlbumUITests-Runner.app/Frameworks

Copy /Users/runner/work/Album-Prag/Album-Prag/DerivedData/Build/Products/Debug-iphonesimulator/AlbumUITests-Runner.app/Frameworks/XCTest.framework /Applications/Xcode_26.6.app/Contents/Developer/Platforms/iPhoneSimulator.platform/Developer/Library/Frameworks/XCTest.framework (in target 'AlbumUITests' from project 'Album')
    cd /Users/runner/work/Album-Prag/Album-Prag
    builtin-copy -exclude .DS_Store -exclude CVS -exclude .svn -exclude .git -exclude .hg -exclude Headers -exclude PrivateHeaders -exclude Modules -exclude \*.tbd -resolve-src-symlinks /Applications/Xcode_26.6.app/Contents/Developer/Platforms/iPhoneSimulator.platform/Developer/Library/Frameworks/XCTest.framework /Users/runner/work/Album-Prag/Album-Prag/DerivedData/Build/Products/Debug-iphonesimulator/AlbumUITests-Runner.app/Frameworks

Copy /Users/runner/work/Album-Prag/Album-Prag/DerivedData/Build/Products/Debug-iphonesimulator/AlbumUITests-Runner.app/Frameworks/XCTAutomationSupport.framework /Applications/Xcode_26.6.app/Contents/Developer/Platforms/iPhoneSimulator.platform/Developer/Library/PrivateFrameworks/XCTAutomationSupport.framework (in target 'AlbumUITests' from project 'Album')
    cd /Users/runner/work/Album-Prag/Album-Prag
    builtin-copy -exclude .DS_Store -exclude CVS -exclude .svn -exclude .git -exclude .hg -exclude Headers -exclude PrivateHeaders -exclude Modules -exclude \*.tbd -resolve-src-symlinks /Applications/Xcode_26.6.app/Contents/Developer/Platforms/iPhoneSimulator.platform/Developer/Library/PrivateFrameworks/XCTAutomationSupport.framework /Users/runner/work/Album-Prag/Album-Prag/DerivedData/Build/Products/Debug-iphonesimulator/AlbumUITests-Runner.app/Frameworks

Copy /Users/runner/work/Album-Prag/Album-Prag/DerivedData/Build/Products/Debug-iphonesimulator/AlbumUITests-Runner.app/Frameworks/Testing.framework /Applications/Xcode_26.6.app/Contents/Developer/Platforms/iPhoneSimulator.platform/Developer/Library/Frameworks/Testing.framework (in target 'AlbumUITests' from project 'Album')
    cd /Users/runner/work/Album-Prag/Album-Prag
    builtin-copy -exclude .DS_Store -exclude CVS -exclude .svn -exclude .git -exclude .hg -exclude Headers -exclude PrivateHeaders -exclude Modules -exclude \*.tbd -resolve-src-symlinks /Applications/Xcode_26.6.app/Contents/Developer/Platforms/iPhoneSimulator.platform/Developer/Library/Frameworks/Testing.framework /Users/runner/work/Album-Prag/Album-Prag/DerivedData/Build/Products/Debug-iphonesimulator/AlbumUITests-Runner.app/Frameworks

CodeSign /Users/runner/work/Album-Prag/Album-Prag/DerivedData/Build/Products/Debug-iphonesimulator/AlbumUITests-Runner.app/PlugIns/AlbumUITests.xctest (in target 'AlbumUITests' from project 'Album')
    cd /Users/runner/work/Album-Prag/Album-Prag
    
    Signing Identity:     "Sign to Run Locally"
    
    /usr/bin/codesign --force --sign - --timestamp\=none --generate-entitlement-der /Users/runner/work/Album-Prag/Album-Prag/DerivedData/Build/Products/Debug-iphonesimulator/AlbumUITests-Runner.app/PlugIns/AlbumUITests.xctest

CodeSign /Users/runner/work/Album-Prag/Album-Prag/DerivedData/Build/Products/Debug-iphonesimulator/AlbumUITests-Runner.app (in target 'AlbumUITests' from project 'Album')
    cd /Users/runner/work/Album-Prag/Album-Prag
    
    Signing Identity:     "Sign to Run Locally"
    
    /usr/bin/codesign --force --sign - --timestamp\=none --generate-entitlement-der /Users/runner/work/Album-Prag/Album-Prag/DerivedData/Build/Products/Debug-iphonesimulator/AlbumUITests-Runner.app
/Users/runner/work/Album-Prag/Album-Prag/DerivedData/Build/Products/Debug-iphonesimulator/AlbumUITests-Runner.app: replacing existing signature

RegisterExecutionPolicyException /Users/runner/work/Album-Prag/Album-Prag/DerivedData/Build/Products/Debug-iphonesimulator/AlbumUITests-Runner.app/PlugIns/AlbumUITests.xctest (in target 'AlbumUITests' from project 'Album')
    cd /Users/runner/work/Album-Prag/Album-Prag
    builtin-RegisterExecutionPolicyException /Users/runner/work/Album-Prag/Album-Prag/DerivedData/Build/Products/Debug-iphonesimulator/AlbumUITests-Runner.app/PlugIns/AlbumUITests.xctest

Touch /Users/runner/work/Album-Prag/Album-Prag/DerivedData/Build/Products/Debug-iphonesimulator/AlbumUITests-Runner.app/PlugIns/AlbumUITests.xctest (in target 'AlbumUITests' from project 'Album')
    cd /Users/runner/work/Album-Prag/Album-Prag
    /usr/bin/touch -c /Users/runner/work/Album-Prag/Album-Prag/DerivedData/Build/Products/Debug-iphonesimulator/AlbumUITests-Runner.app/PlugIns/AlbumUITests.xctest

2026-10-05 12:44:45.425506+0000 AlbumUITests-Runner[12798:45584] [Default] Running tests...
objc[12798]: Class UIAccessibilityLoaderWebShared is implemented in both /Library/Developer/CoreSimulator/Volumes/iOS_23F77/Library/Developer/CoreSimulator/Profiles/Runtimes/iOS 26.5.simruntime/Contents/Resources/RuntimeRoot/System/Library/AccessibilityBundles/WebCore.axbundle/WebCore (0x107e88310) and /Library/Developer/CoreSimulator/Volumes/iOS_23F77/Library/Developer/CoreSimulator/Profiles/Runtimes/iOS 26.5.simruntime/Contents/Resources/RuntimeRoot/System/Library/AccessibilityBundles/WebKit.axbundle/WebKit (0x107210398). This may cause spurious casting failures and mysterious crashes. One of the duplicates must be removed or renamed.
    t =      nans Interface orientation changed to Portrait
Test Suite 'Selected tests' started at 2026-10-05 12:44:54.904.
Test Suite 'AlbumUITests.xctest' started at 2026-10-05 12:44:54.906.
Test Suite 'ScreenTourUITests' started at 2026-10-05 12:44:54.906.
Test Case '-[AlbumUITests.ScreenTourUITests test01ReiseHell]' started.
    t =     0.00s Start Test at 2026-10-05 12:44:54.910
    t =     1.81s Set Up
    t =     1.81s Setting device orientation to Portrait
    t =     2.43s     Device orientation changed to Portrait
    t =    24.01s     Wait for com.apple.springboard to idle
    t =    24.32s Open de.privatealbum.prague
    t =    24.32s     Launch de.privatealbum.prague
2026-10-05 12:45:23.818 xcodebuild[3727:18261] [MT] IDELaunchParametersSnapshot: The operation couldn’t be completed. (DebuggerLLDB.DebuggerVersionStore.StoreError error 0.)
2026-10-05 12:45:23.818 xcodebuild[3727:18261] [MT] IDELaunchParametersSnapshot: no debugger version
    t =    47.59s         Setting up automation session
    t =    56.72s         Wait for de.privatealbum.prague to idle
    t =    65.85s Waiting 20.0s for "Reise" Button to exist
    t =    66.87s     Checking `Expect predicate `existsNoRetry == 1` for object "Reise" Button`
    t =    66.88s         Checking existence of `"Reise" Button`
    t =    71.57s Added attachment named '01-reise-hell'
    t =    72.12s Swipe up Target Application 'de.privatealbum.prague'
    t =    72.12s     Wait for de.privatealbum.prague to idle
    t =    72.13s     Find the Target Application 'de.privatealbum.prague'
    t =    72.23s     Check for interrupting elements affecting "Album" Application
    t =    73.08s     Synthesize event
    t =    73.68s     Wait for de.privatealbum.prague to idle
    t =    77.28s Added attachment named '02-reise-tagesplan-hell'
    t =    77.28s Swipe up Target Application 'de.privatealbum.prague'
    t =    77.28s     Wait for de.privatealbum.prague to idle
    t =    77.28s     Find the Target Application 'de.privatealbum.prague'
    t =    77.38s     Check for interrupting elements affecting "Album" Application
    t =    77.52s     Synthesize event
    t =    77.96s     Wait for de.privatealbum.prague to idle
    t =    80.02s Added attachment named '03-reise-unten-hell'
    t =    80.03s Tear Down
Test Case '-[AlbumUITests.ScreenTourUITests test01ReiseHell]' passed (80.441 seconds).
Test Case '-[AlbumUITests.ScreenTourUITests test02ReiseDunkel]' started.
    t =     0.00s Start Test at 2026-10-05 12:46:15.353
    t =     0.08s Set Up
    t =     0.08s Setting device orientation to Portrait
    t =     0.09s     Wait for de.privatealbum.prague to idle
    t =     0.10s Open de.privatealbum.prague
    t =     0.10s     Launch de.privatealbum.prague
    t =     0.10s         Terminate de.privatealbum.prague:14385
2026-10-05 12:46:16.549 xcodebuild[3727:18261] [MT] IDELaunchParametersSnapshot: The operation couldn’t be completed. (DebuggerLLDB.DebuggerVersionStore.StoreError error 0.)
2026-10-05 12:46:16.550 xcodebuild[3727:18261] [MT] IDELaunchParametersSnapshot: no debugger version
    t =     5.29s         Setting up automation session
    t =     7.39s         Wait for de.privatealbum.prague to idle
    t =    10.95s Waiting 20.0s for "Reise" Button to exist
    t =    11.97s     Checking `Expect predicate `existsNoRetry == 1` for object "Reise" Button`
    t =    11.97s         Checking existence of `"Reise" Button`
    t =    16.07s Added attachment named '04-reise-dunkel'
    t =    16.07s Swipe up Target Application 'de.privatealbum.prague'
    t =    16.07s     Wait for de.privatealbum.prague to idle
    t =    16.07s     Find the Target Application 'de.privatealbum.prague'
    t =    16.15s     Check for interrupting elements affecting "Album" Application
    t =    16.25s     Synthesize event
    t =    16.70s     Wait for de.privatealbum.prague to idle
    t =    20.25s Added attachment named '05-reise-tagesplan-dunkel'
    t =    20.26s Tear Down
Test Case '-[AlbumUITests.ScreenTourUITests test02ReiseDunkel]' passed (20.531 seconds).
Test Case '-[AlbumUITests.ScreenTourUITests test03FreierTag]' started.
    t =     0.00s Start Test at 2026-10-05 12:46:35.883
    t =     0.03s Set Up
    t =     0.04s Setting device orientation to Portrait
    t =     0.04s     Wait for de.privatealbum.prague to idle
    t =     0.05s Open de.privatealbum.prague
    t =     0.05s     Launch de.privatealbum.prague
    t =     0.05s         Terminate de.privatealbum.prague:15657
2026-10-05 12:46:37.007 xcodebuild[3727:18261] [MT] IDELaunchParametersSnapshot: The operation couldn’t be completed. (DebuggerLLDB.DebuggerVersionStore.StoreError error 0.)
2026-10-05 12:46:37.007 xcodebuild[3727:18261] [MT] IDELaunchParametersSnapshot: no debugger version
    t =     2.39s         Setting up automation session
    t =     3.97s         Wait for de.privatealbum.prague to idle
    t =     6.67s Waiting 20.0s for "Reise" Button to exist
    t =     7.70s     Checking `Expect predicate `existsNoRetry == 1` for object "Reise" Button`
    t =     7.70s         Checking existence of `"Reise" Button`
    t =     7.92s Waiting 5.0s for Button (First Match) to exist
    t =     8.98s     Checking `Expect predicate `existsNoRetry == 1` for object Button (First Match)`
    t =     8.98s         Checking existence of `Button (First Match)`
    t =     9.23s Tap Button (First Match)
    t =     9.23s     Wait for de.privatealbum.prague to idle
    t =     9.23s     Find the Button (First Match)
    t =     9.44s     Check for interrupting elements affecting "Mittwoch, 7. Oktober, Noch frei" Button
    t =     9.51s     Synthesize event
    t =     9.87s     Wait for de.privatealbum.prague to idle
    t =    11.29s Added attachment named '06-reise-freier-tag-streifen'
    t =    11.30s Press Target Application 'de.privatealbum.prague'[0.50, 0.85] for 0.1 seconds, then drag to Target Application 'de.privatealbum.prague'[0.50, 0.35] with velocity of 500.00 pixels per second, and then hold for 0.0 seconds 
    t =    11.30s     Wait for de.privatealbum.prague to idle
    t =    11.30s     Find the Target Application 'de.privatealbum.prague'
    t =    11.36s     Check for interrupting elements affecting "Album" Application
    t =    11.40s     Synthesize event
    t =    11.40s         Find the Target Application 'de.privatealbum.prague'
    t =    11.44s         Find the Target Application 'de.privatealbum.prague'
    t =    11.48s         Find the Target Application 'de.privatealbum.prague'
    t =    11.51s         Find the Target Application 'de.privatealbum.prague'
    t =    11.56s         Find the Target Application 'de.privatealbum.prague'
    t =    12.77s     Wait for de.privatealbum.prague to idle
    t =    14.39s Added attachment named '07-reise-freier-tag'
    t =    14.39s Tear Down
Test Case '-[AlbumUITests.ScreenTourUITests test03FreierTag]' passed (14.654 seconds).
Test Case '-[AlbumUITests.ScreenTourUITests test04Offline]' started.
    t =     0.00s Start Test at 2026-10-05 12:46:50.538
    t =     0.03s Set Up
    t =     0.03s Setting device orientation to Portrait
    t =     0.03s     Wait for de.privatealbum.prague to idle
    t =     0.04s Open de.privatealbum.prague
    t =     0.04s     Launch de.privatealbum.prague
    t =     0.04s         Terminate de.privatealbum.prague:16247
2026-10-05 12:46:51.620 xcodebuild[3727:18261] [MT] IDELaunchParametersSnapshot: The operation couldn’t be completed. (DebuggerLLDB.DebuggerVersionStore.StoreError error 0.)
2026-10-05 12:46:51.620 xcodebuild[3727:18261] [MT] IDELaunchParametersSnapshot: no debugger version
    t =     2.16s         Setting up automation session
    t =     3.73s         Wait for de.privatealbum.prague to idle
    t =     6.38s Waiting 20.0s for "Reise" Button to exist
    t =     7.40s     Checking `Expect predicate `existsNoRetry == 1` for object "Reise" Button`
    t =     7.40s         Checking existence of `"Reise" Button`
    t =    10.14s Added attachment named '08-reise-offline'
    t =    10.15s Tear Down
Test Case '-[AlbumUITests.ScreenTourUITests test04Offline]' passed (10.427 seconds).
Test Case '-[AlbumUITests.ScreenTourUITests test05TagGeschafft]' started.
    t =     0.00s Start Test at 2026-10-05 12:47:00.965
    t =     0.04s Set Up
    t =     0.04s Setting device orientation to Portrait
    t =     0.04s     Wait for de.privatealbum.prague to idle
    t =     0.05s Open de.privatealbum.prague
    t =     0.05s     Launch de.privatealbum.prague
    t =     0.05s         Terminate de.privatealbum.prague:16512
2026-10-05 12:47:02.049 xcodebuild[3727:18261] [MT] IDELaunchParametersSnapshot: The operation couldn’t be completed. (DebuggerLLDB.DebuggerVersionStore.StoreError error 0.)
2026-10-05 12:47:02.049 xcodebuild[3727:18261] [MT] IDELaunchParametersSnapshot: no debugger version
    t =     5.17s         Setting up automation session
    t =     7.39s         Wait for de.privatealbum.prague to idle
    t =    10.36s Waiting 20.0s for "Reise" Button to exist
    t =    11.37s     Checking `Expect predicate `existsNoRetry == 1` for object "Reise" Button`
    t =    11.38s         Checking existence of `"Reise" Button`
    t =    11.86s Swipe up Target Application 'de.privatealbum.prague'
    t =    11.86s     Wait for de.privatealbum.prague to idle
    t =    11.88s     Find the Target Application 'de.privatealbum.prague'
    t =    11.99s     Check for interrupting elements affecting "Album" Application
    t =    12.05s     Synthesize event
    t =    12.52s     Wait for de.privatealbum.prague to idle
    t =    16.98s Added attachment named '09-reise-tag-geschafft'
    t =    16.99s Tear Down
Test Case '-[AlbumUITests.ScreenTourUITests test05TagGeschafft]' passed (17.232 seconds).
Test Case '-[AlbumUITests.ScreenTourUITests test06ReiseQuer]' started.
    t =     0.00s Start Test at 2026-10-05 12:47:18.197
    t =     0.03s Set Up
    t =     0.03s Setting device orientation to Portrait
    t =     0.04s     Wait for de.privatealbum.prague to idle
    t =     0.05s Open de.privatealbum.prague
    t =     0.05s     Launch de.privatealbum.prague
    t =     0.05s         Terminate de.privatealbum.prague:17093
2026-10-05 12:47:19.287 xcodebuild[3727:18261] [MT] IDELaunchParametersSnapshot: The operation couldn’t be completed. (DebuggerLLDB.DebuggerVersionStore.StoreError error 0.)
2026-10-05 12:47:19.288 xcodebuild[3727:18261] [MT] IDELaunchParametersSnapshot: no debugger version
    t =     2.01s         Setting up automation session
    t =     3.71s         Wait for de.privatealbum.prague to idle
    t =     6.40s Waiting 20.0s for "Reise" Button to exist
    t =     7.45s     Checking `Expect predicate `existsNoRetry == 1` for object "Reise" Button`
    t =     7.45s         Checking existence of `"Reise" Button`
    t =     7.66s Setting device orientation to Landscape Left
    t =     7.67s     Device orientation changed to Landscape Left
    t =     7.84s     Interface orientation changed to Landscape Right
    t =     7.84s     Wait for de.privatealbum.prague to idle
    t =    13.02s Added attachment named '10-reise-quer'
    t =    13.02s Swipe up Target Application 'de.privatealbum.prague'
    t =    13.02s     Wait for de.privatealbum.prague to idle
    t =    13.03s     Find the Target Application 'de.privatealbum.prague'
    t =    13.11s     Check for interrupting elements affecting "Album" Application
    t =    13.16s     Synthesize event
    t =    13.61s     Wait for de.privatealbum.prague to idle
    t =    17.38s Added attachment named '11-reise-quer-tagesplan'
    t =    17.38s Tear Down
Test Case '-[AlbumUITests.ScreenTourUITests test06ReiseQuer]' passed (17.733 seconds).
Test Case '-[AlbumUITests.ScreenTourUITests test07ReiseGrosseSchrift]' started.
    t =     0.00s Start Test at 2026-10-05 12:47:35.932
    t =     0.04s Set Up
    t =     0.04s Setting device orientation to Portrait
    t =     0.04s     Device orientation changed to Portrait
    t =     0.28s     Interface orientation changed to Portrait
    t =     1.22s     Wait for de.privatealbum.prague to idle
    t =     2.00s Open de.privatealbum.prague
    t =     2.00s     Launch de.privatealbum.prague
    t =     2.00s         Terminate de.privatealbum.prague:17579
2026-10-05 12:47:38.998 xcodebuild[3727:18261] [MT] IDELaunchParametersSnapshot: The operation couldn’t be completed. (DebuggerLLDB.DebuggerVersionStore.StoreError error 0.)
2026-10-05 12:47:38.998 xcodebuild[3727:18261] [MT] IDELaunchParametersSnapshot: no debugger version
    t =     4.22s         Setting up automation session
    t =     6.46s         Wait for de.privatealbum.prague to idle
    t =    10.28s Waiting 20.0s for "Reise" Button to exist
    t =    11.33s     Checking `Expect predicate `existsNoRetry == 1` for object "Reise" Button`
    t =    11.33s         Checking existence of `"Reise" Button`
    t =    15.12s Added attachment named '12-reise-grosse-schrift'
    t =    15.13s Swipe up Target Application 'de.privatealbum.prague'
    t =    15.13s     Wait for de.privatealbum.prague to idle
    t =    15.14s     Find the Target Application 'de.privatealbum.prague'
    t =    15.27s     Check for interrupting elements affecting "Album" Application
    t =    15.37s     Synthesize event
    t =    15.81s     Wait for de.privatealbum.prague to idle
    t =    20.42s Added attachment named '13-reise-grosse-schrift-tagesplan'
    t =    20.43s Tear Down
Test Case '-[AlbumUITests.ScreenTourUITests test07ReiseGrosseSchrift]' passed (20.696 seconds).
Test Case '-[AlbumUITests.ScreenTourUITests test08Ortsdetail]' started.
    t =     0.00s Start Test at 2026-10-05 12:47:56.629
    t =     0.05s Set Up
    t =     0.05s Setting device orientation to Portrait
    t =     0.06s     Wait for de.privatealbum.prague to idle
    t =     0.07s Open de.privatealbum.prague
    t =     0.07s     Launch de.privatealbum.prague
    t =     0.07s         Terminate de.privatealbum.prague:17995
2026-10-05 12:47:57.702 xcodebuild[3727:18261] [MT] IDELaunchParametersSnapshot: The operation couldn’t be completed. (DebuggerLLDB.DebuggerVersionStore.StoreError error 0.)
2026-10-05 12:47:57.702 xcodebuild[3727:18261] [MT] IDELaunchParametersSnapshot: no debugger version
    t =     2.49s         Setting up automation session
    t =     4.64s         Wait for de.privatealbum.prague to idle
    t =     7.56s Waiting 20.0s for "Reise" Button to exist
    t =     8.57s     Checking `Expect predicate `existsNoRetry == 1` for object "Reise" Button`
    t =     8.57s         Checking existence of `"Reise" Button`
    t =     8.86s Swipe up Target Application 'de.privatealbum.prague'
    t =     8.86s     Wait for de.privatealbum.prague to idle
    t =     8.87s     Find the Target Application 'de.privatealbum.prague'
    t =     8.95s     Check for interrupting elements affecting "Album" Application
    t =     9.03s     Synthesize event
    t =     9.47s     Wait for de.privatealbum.prague to idle
    t =    11.58s Waiting 5.0s for Button (First Match) to exist
    t =    12.62s     Checking `Expect predicate `existsNoRetry == 1` for object Button (First Match)`
    t =    12.62s         Checking existence of `Button (First Match)`
    t =    12.87s Waiting 5.0s for Button (First Match) to exist
    t =    13.88s     Checking `Expect predicate `existsNoRetry == 1` for object Button (First Match)`
    t =    13.88s         Checking existence of `Button (First Match)`
    t =    14.15s Tap Button (First Match)
    t =    14.15s     Wait for de.privatealbum.prague to idle
    t =    14.18s     Find the Button (First Match)
    t =    14.70s     Check for interrupting elements affecting "Als Nächstes, Altstädter Ring, Sehenswert · abends" Button
    t =    14.83s     Synthesize event
    t =    15.24s     Wait for de.privatealbum.prague to idle
    t =    18.11s Added attachment named '14-ortsdetail'
    t =    18.12s Swipe up Target Application 'de.privatealbum.prague'
    t =    18.12s     Wait for de.privatealbum.prague to idle
    t =    18.12s     Find the Target Application 'de.privatealbum.prague'
    t =    18.28s     Check for interrupting elements affecting "Album" Application
    t =    18.40s     Synthesize event
    t =    18.85s     Wait for de.privatealbum.prague to idle
    t =    20.93s Added attachment named '15-ortsdetail-unten'
    t =    20.94s Tear Down
Test Case '-[AlbumUITests.ScreenTourUITests test08Ortsdetail]' passed (21.284 seconds).
Test Case '-[AlbumUITests.ScreenTourUITests test09OrtsdetailDunkelQuer]' started.
    t =     0.00s Start Test at 2026-10-05 12:48:17.914
    t =     0.03s Set Up
    t =     0.03s Setting device orientation to Portrait
    t =     0.04s     Wait for de.privatealbum.prague to idle
    t =     0.05s Open de.privatealbum.prague
    t =     0.05s     Launch de.privatealbum.prague
    t =     0.05s         Terminate de.privatealbum.prague:18594
2026-10-05 12:48:19.051 xcodebuild[3727:18261] [MT] IDELaunchParametersSnapshot: The operation couldn’t be completed. (DebuggerLLDB.DebuggerVersionStore.StoreError error 0.)
2026-10-05 12:48:19.051 xcodebuild[3727:18261] [MT] IDELaunchParametersSnapshot: no debugger version
    t =     2.78s         Setting up automation session
    t =     4.98s         Wait for de.privatealbum.prague to idle
    t =     7.87s Waiting 20.0s for "Reise" Button to exist
    t =     8.89s     Checking `Expect predicate `existsNoRetry == 1` for object "Reise" Button`
    t =     8.89s         Checking existence of `"Reise" Button`
    t =     9.61s Swipe up Target Application 'de.privatealbum.prague'
    t =     9.62s     Wait for de.privatealbum.prague to idle
    t =     9.86s     Find the Target Application 'de.privatealbum.prague'
    t =    10.19s     Check for interrupting elements affecting "Album" Application
    t =    10.45s     Synthesize event
    t =    11.03s     Wait for de.privatealbum.prague to idle
    t =    13.14s Waiting 5.0s for Button (First Match) to exist
    t =    14.15s     Checking `Expect predicate `existsNoRetry == 1` for object Button (First Match)`
    t =    14.15s         Checking existence of `Button (First Match)`
    t =    15.72s Tap Button (First Match)
    t =    15.72s     Wait for de.privatealbum.prague to idle
    t =    15.82s     Find the Button (First Match)
    t =    16.74s     Check for interrupting elements affecting "3. Café Savoy, Essen & Trinken · abends" Button
    t =    16.93s     Synthesize event
    t =    17.28s     Wait for de.privatealbum.prague to idle
    t =    20.33s Added attachment named '16-ortsdetail-dunkel'
    t =    20.33s Setting device orientation to Landscape Left
    t =    20.34s     Device orientation changed to Landscape Left
    t =    20.60s     Interface orientation changed to Landscape Right
    t =    20.61s     Wait for de.privatealbum.prague to idle
    t =    24.46s Added attachment named '17-ortsdetail-quer'
    t =    24.46s Tear Down
Test Case '-[AlbumUITests.ScreenTourUITests test09OrtsdetailDunkelQuer]' passed (24.802 seconds).
Test Case '-[AlbumUITests.ScreenTourUITests test10Ideen]' started.
    t =     0.00s Start Test at 2026-10-05 12:48:42.716
    t =     0.03s Set Up
    t =     0.03s Setting device orientation to Portrait
    t =     0.04s     Device orientation changed to Portrait
    t =     0.21s     Interface orientation changed to Portrait
    t =     0.21s     Wait for de.privatealbum.prague to idle
    t =     1.99s Open de.privatealbum.prague
    t =     1.99s     Launch de.privatealbum.prague
    t =     2.00s         Terminate de.privatealbum.prague:19426
2026-10-05 12:48:45.832 xcodebuild[3727:18261] [MT] IDELaunchParametersSnapshot: The operation couldn’t be completed. (DebuggerLLDB.DebuggerVersionStore.StoreError error 0.)
2026-10-05 12:48:45.832 xcodebuild[3727:18261] [MT] IDELaunchParametersSnapshot: no debugger version
    t =     3.62s         Setting up automation session
    t =     7.23s         Wait for de.privatealbum.prague to idle
    t =    10.74s Waiting 20.0s for "Ideen" Button to exist
    t =    11.81s     Checking `Expect predicate `existsNoRetry == 1` for object "Ideen" Button`
    t =    11.81s         Checking existence of `"Ideen" Button`
    t =    14.87s Added attachment named '18-ideen'
    t =    14.87s Waiting 5.0s for "Nein" Button to exist
    t =    15.91s     Checking `Expect predicate `existsNoRetry == 1` for object "Nein" Button`
    t =    15.92s         Checking existence of `"Nein" Button`
    t =    19.30s Tap "Nein" Button
    t =    19.30s     Wait for de.privatealbum.prague to idle
    t =    19.32s     Find the "Nein" Button
    t =    19.55s     Check for interrupting elements affecting "Nein" Button
    t =    20.71s     Synthesize event
    t =    21.24s     Wait for de.privatealbum.prague to idle
    t =    23.68s Added attachment named '19-ideen-nach-nein'
    t =    23.68s Waiting 5.0s for "Abgelehnte Ideen" Button to exist
    t =    24.74s     Checking `Expect predicate `existsNoRetry == 1` for object "Abgelehnte Ideen" Button`
    t =    24.74s         Checking existence of `"Abgelehnte Ideen" Button`
    t =    24.95s Tap "Abgelehnte Ideen" Button
    t =    24.95s     Wait for de.privatealbum.prague to idle
    t =    24.95s     Find the "Abgelehnte Ideen" Button
    t =    25.14s     Check for interrupting elements affecting "Abgelehnte Ideen" Button
    t =    25.27s     Synthesize event
    t =    25.64s     Wait for de.privatealbum.prague to idle
    t =    29.14s Added attachment named '20-ideen-abgelehnt'
    t =    29.15s Tear Down
Test Case '-[AlbumUITests.ScreenTourUITests test10Ideen]' passed (29.951 seconds).
Test Case '-[AlbumUITests.ScreenTourUITests test11IdeenDunkel]' started.
    t =     0.00s Start Test at 2026-10-05 12:49:12.670
    t =     0.08s Set Up
    t =     0.08s Setting device orientation to Portrait
    t =     0.19s     Wait for de.privatealbum.prague to idle
    t =     0.20s Open de.privatealbum.prague
    t =     0.20s     Launch de.privatealbum.prague
    t =     0.20s         Terminate de.privatealbum.prague:20311
2026-10-05 12:49:24.326 xcodebuild[3727:18261] [MT] IDELaunchParametersSnapshot: The operation couldn’t be completed. (DebuggerLLDB.DebuggerVersionStore.StoreError error 0.)
2026-10-05 12:49:24.328 xcodebuild[3727:18261] [MT] IDELaunchParametersSnapshot: no debugger version
    t =    12.78s         Setting up automation session
    t =    15.70s         Wait for de.privatealbum.prague to idle
    t =    19.35s Waiting 20.0s for "Ideen" Button to exist
    t =    20.42s     Checking `Expect predicate `existsNoRetry == 1` for object "Ideen" Button`
    t =    20.42s         Checking existence of `"Ideen" Button`
    t =    23.32s Added attachment named '21-ideen-dunkel'
    t =    23.33s Tear Down
Test Case '-[AlbumUITests.ScreenTourUITests test11IdeenDunkel]' passed (23.590 seconds).
Test Case '-[AlbumUITests.ScreenTourUITests test12Karte]' started.
    t =     0.00s Start Test at 2026-10-05 12:49:36.259
    t =     0.04s Set Up
    t =     0.04s Setting device orientation to Portrait
    t =     0.05s     Wait for de.privatealbum.prague to idle
    t =     0.05s Open de.privatealbum.prague
    t =     0.05s     Launch de.privatealbum.prague
    t =     0.05s         Terminate de.privatealbum.prague:21014
2026-10-05 12:49:37.355 xcodebuild[3727:18261] [MT] IDELaunchParametersSnapshot: The operation couldn’t be completed. (DebuggerLLDB.DebuggerVersionStore.StoreError error 0.)
2026-10-05 12:49:37.355 xcodebuild[3727:18261] [MT] IDELaunchParametersSnapshot: no debugger version
    t =     1.60s         Setting up automation session
    t =     3.77s         Wait for de.privatealbum.prague to idle
    t =     8.67s Waiting 20.0s for "Karte" Button to exist
    t =     9.69s     Checking `Expect predicate `existsNoRetry == 1` for object "Karte" Button`
    t =     9.69s         Checking existence of `"Karte" Button`
    t =    15.87s Added attachment named '22-karte'
    t =    15.88s Waiting 5.0s for "Karte filtern" Button to exist
    t =    16.92s     Checking `Expect predicate `existsNoRetry == 1` for object "Karte filtern" Button`
    t =    16.92s         Checking existence of `"Karte filtern" Button`
    t =    17.09s Tap "Karte filtern" Button
    t =    17.09s     Wait for de.privatealbum.prague to idle
    t =    17.09s     Find the "Karte filtern" Button
    t =    17.25s     Check for interrupting elements affecting "Karte filtern" Button
    t =    17.37s     Synthesize event
    t =    17.69s     Wait for de.privatealbum.prague to idle
    t =    18.60s Waiting 5.0s for "Besucht" Button to exist
    t =    19.65s     Checking `Expect predicate `existsNoRetry == 1` for object "Besucht" Button`
    t =    19.66s         Checking existence of `"Besucht" Button`
    t =    19.86s Tap "Besucht" Button
    t =    19.86s     Wait for de.privatealbum.prague to idle
    t =    19.87s     Find the "Besucht" Button
    t =    20.03s     Check for interrupting elements affecting "Besucht" Button
    t =    20.20s     Synthesize event
    t =    20.52s     Wait for de.privatealbum.prague to idle
    t =    25.84s Added attachment named '23-karte-besucht'
    t =    25.84s Setting device orientation to Landscape Left
    t =    25.85s     Device orientation changed to Landscape Left
    t =    26.08s     Interface orientation changed to Landscape Right
    t =    26.09s     Wait for de.privatealbum.prague to idle
    t =    32.51s Added attachment named '24-karte-quer'
    t =    32.51s Tear Down
Test Case '-[AlbumUITests.ScreenTourUITests test12Karte]' passed (32.815 seconds).
Test Case '-[AlbumUITests.ScreenTourUITests test13KarteDunkel]' started.
    t =     0.00s Start Test at 2026-10-05 12:50:09.076
    t =     0.07s Set Up
    t =     0.08s Setting device orientation to Portrait
    t =     0.08s     Device orientation changed to Portrait
    t =     0.16s     Interface orientation changed to Portrait
    t =     0.16s     Wait for de.privatealbum.prague to idle
    t =     1.69s Open de.privatealbum.prague
    t =     1.69s     Launch de.privatealbum.prague
    t =     1.69s         Terminate de.privatealbum.prague:21710
2026-10-05 12:50:12.028 xcodebuild[3727:18261] [MT] IDELaunchParametersSnapshot: The operation couldn’t be completed. (DebuggerLLDB.DebuggerVersionStore.StoreError error 0.)
2026-10-05 12:50:12.029 xcodebuild[3727:18261] [MT] IDELaunchParametersSnapshot: no debugger version
    t =     4.15s         Setting up automation session
    t =     7.52s         Wait for de.privatealbum.prague to idle
    t =    11.99s Waiting 20.0s for "Karte" Button to exist
    t =    13.06s     Checking `Expect predicate `existsNoRetry == 1` for object "Karte" Button`
    t =    13.06s         Checking existence of `"Karte" Button`
    t =    19.38s Added attachment named '25-karte-dunkel'
    t =    19.38s Tear Down
Test Case '-[AlbumUITests.ScreenTourUITests test13KarteDunkel]' passed (19.667 seconds).
Test Case '-[AlbumUITests.ScreenTourUITests test14Unterlagen]' started.
    t =     0.00s Start Test at 2026-10-05 12:50:28.742
    t =     0.04s Set Up
    t =     0.04s Setting device orientation to Portrait
    t =     0.06s     Wait for de.privatealbum.prague to idle
    t =     0.07s Open de.privatealbum.prague
    t =     0.07s     Launch de.privatealbum.prague
    t =     0.07s         Terminate de.privatealbum.prague:23537
2026-10-05 12:50:39.928 xcodebuild[3727:18261] [MT] IDELaunchParametersSnapshot: The operation couldn’t be completed. (DebuggerLLDB.DebuggerVersionStore.StoreError error 0.)
2026-10-05 12:50:39.928 xcodebuild[3727:18261] [MT] IDELaunchParametersSnapshot: no debugger version
    t =    12.74s         Setting up automation session
    t =    15.49s         Wait for de.privatealbum.prague to idle
    t =    19.17s Waiting 20.0s for "Reise" Button to exist
    t =    20.19s     Checking `Expect predicate `existsNoRetry == 1` for object "Reise" Button`
    t =    20.19s         Checking existence of `"Reise" Button`
    t =    20.70s Waiting 5.0s for "Reiseoptionen" Button to exist
    t =    21.70s     Checking `Expect predicate `existsNoRetry == 1` for object "Reiseoptionen" Button`
    t =    21.71s         Checking existence of `"Reiseoptionen" Button`
    t =    21.91s Tap "Reiseoptionen" Button
    t =    21.91s     Wait for de.privatealbum.prague to idle
    t =    21.91s     Find the "Reiseoptionen" Button
    t =    22.10s     Check for interrupting elements affecting "Reiseoptionen" Button
    t =    22.20s     Synthesize event
    t =    22.55s     Wait for de.privatealbum.prague to idle
    t =    23.38s Waiting 5.0s for "Reiseunterlagen" Button to exist
    t =    24.43s     Checking `Expect predicate `existsNoRetry == 1` for object "Reiseunterlagen" Button`
    t =    24.43s         Checking existence of `"Reiseunterlagen" Button`
    t =    24.70s Tap "Reiseunterlagen" Button
    t =    24.70s     Wait for de.privatealbum.prague to idle
    t =    24.70s     Find the "Reiseunterlagen" Button
    t =    24.86s     Check for interrupting elements affecting "doc.text" Button
    t =    24.99s     Synthesize event
    t =    25.35s     Wait for de.privatealbum.prague to idle
    t =    30.50s Added attachment named '26-unterlagen'
    t =    30.51s Tear Down
Test Case '-[AlbumUITests.ScreenTourUITests test14Unterlagen]' passed (30.787 seconds).
Test Case '-[AlbumUITests.ScreenTourUITests test15Teilen]' started.
    t =     0.00s Start Test at 2026-10-05 12:50:59.530
    t =     0.05s Set Up
    t =     0.05s Setting device orientation to Portrait
    t =     0.08s     Wait for de.privatealbum.prague to idle
    t =     0.09s Open de.privatealbum.prague
    t =     0.09s     Launch de.privatealbum.prague
    t =     0.09s         Terminate de.privatealbum.prague:24233
2026-10-05 12:51:00.688 xcodebuild[3727:18261] [MT] IDELaunchParametersSnapshot: The operation couldn’t be completed. (DebuggerLLDB.DebuggerVersionStore.StoreError error 0.)
2026-10-05 12:51:00.688 xcodebuild[3727:18261] [MT] IDELaunchParametersSnapshot: no debugger version
    t =     2.36s         Setting up automation session
    t =     5.39s         Wait for de.privatealbum.prague to idle
    t =     8.51s Waiting 20.0s for "Reise" Button to exist
    t =     9.52s     Checking `Expect predicate `existsNoRetry == 1` for object "Reise" Button`
    t =     9.52s         Checking existence of `"Reise" Button`
    t =     9.88s Waiting 5.0s for "Teilnehmende verwalten" Button to exist
    t =    10.92s     Checking `Expect predicate `existsNoRetry == 1` for object "Teilnehmende verwalten" Button`
    t =    10.92s         Checking existence of `"Teilnehmende verwalten" Button`
    t =    11.02s Tap "Teilnehmende verwalten" Button
    t =    11.02s     Wait for de.privatealbum.prague to idle
    t =    11.03s     Find the "Teilnehmende verwalten" Button
    t =    11.13s     Check for interrupting elements affecting "person.2.fill" Button
    t =    11.22s     Synthesize event
    t =    11.55s     Wait for de.privatealbum.prague to idle
    t =    14.56s Added attachment named '27-teilen'
    t =    14.57s Swipe up Target Application 'de.privatealbum.prague'
    t =    14.57s     Wait for de.privatealbum.prague to idle
    t =    14.57s     Find the Target Application 'de.privatealbum.prague'
    t =    14.83s     Check for interrupting elements affecting "Album" Application
    t =    15.18s     Synthesize event
    t =    15.62s     Wait for de.privatealbum.prague to idle
    t =    17.77s Added attachment named '28-teilen-einladung-bekommen'
    t =    17.78s Tear Down
Test Case '-[AlbumUITests.ScreenTourUITests test15Teilen]' passed (18.021 seconds).
Test Case '-[AlbumUITests.ScreenTourUITests test16Assistent]' started.
    t =     0.00s Start Test at 2026-10-05 12:51:17.553
    t =     0.03s Set Up
    t =     0.03s Setting device orientation to Portrait
    t =     0.04s     Wait for de.privatealbum.prague to idle
    t =     0.05s Open de.privatealbum.prague
    t =     0.05s     Launch de.privatealbum.prague
    t =     0.05s         Terminate de.privatealbum.prague:24916
2026-10-05 12:51:18.688 xcodebuild[3727:18261] [MT] IDELaunchParametersSnapshot: The operation couldn’t be completed. (DebuggerLLDB.DebuggerVersionStore.StoreError error 0.)
2026-10-05 12:51:18.688 xcodebuild[3727:18261] [MT] IDELaunchParametersSnapshot: no debugger version
    t =     2.14s         Setting up automation session
    t =     4.18s         Wait for de.privatealbum.prague to idle
    t =     7.28s Waiting 20.0s for "Reise" Button to exist
    t =     8.32s     Checking `Expect predicate `existsNoRetry == 1` for object "Reise" Button`
    t =     8.32s         Checking existence of `"Reise" Button`
    t =     8.55s Waiting 5.0s for "assistant-launch" Button to exist
    t =     9.63s     Checking `Expect predicate `existsNoRetry == 1` for object "assistant-launch" Button`
    t =     9.63s         Checking existence of `"assistant-launch" Button`
    t =     9.75s Tap "assistant-launch" Button
    t =     9.75s     Wait for de.privatealbum.prague to idle
    t =     9.75s     Find the "assistant-launch" Button
    t =     9.88s     Check for interrupting elements affecting "assistant-launch" Button
    t =    10.01s     Synthesize event
    t =    10.34s     Wait for de.privatealbum.prague to idle
    t =    13.52s Added attachment named '29-assistent'
    t =    13.52s Tear Down
Test Case '-[AlbumUITests.ScreenTourUITests test16Assistent]' passed (13.771 seconds).
Test Case '-[AlbumUITests.ScreenTourUITests test17NachDerReise]' started.
    t =     0.00s Start Test at 2026-10-05 12:51:31.323
    t =     0.03s Set Up
    t =     0.03s Setting device orientation to Portrait
    t =     0.05s     Wait for de.privatealbum.prague to idle
    t =     0.06s Open de.privatealbum.prague
    t =     0.06s     Launch de.privatealbum.prague
    t =     0.06s         Terminate de.privatealbum.prague:25756
2026-10-05 12:51:32.454 xcodebuild[3727:18261] [MT] IDELaunchParametersSnapshot: The operation couldn’t be completed. (DebuggerLLDB.DebuggerVersionStore.StoreError error 0.)
2026-10-05 12:51:32.454 xcodebuild[3727:18261] [MT] IDELaunchParametersSnapshot: no debugger version
    t =     1.66s         Setting up automation session
    t =     4.05s         Wait for de.privatealbum.prague to idle
    t =     6.72s Waiting 20.0s for "Reise" Button to exist
    t =     7.79s     Checking `Expect predicate `existsNoRetry == 1` for object "Reise" Button`
    t =     7.79s         Checking existence of `"Reise" Button`
    t =    10.67s Added attachment named '30-reise-danach'
    t =    10.67s Waiting 8.0s for Button (First Match) to exist
    t =    11.70s     Checking `Expect predicate `existsNoRetry == 1` for object Button (First Match)`
    t =    11.70s         Checking existence of `Button (First Match)`
    t =    11.79s Tap Button (First Match)
    t =    11.79s     Wait for de.privatealbum.prague to idle
    t =    11.80s     Find the Button (First Match)
    t =    11.88s     Check for interrupting elements affecting "Erinnerungen ansehen, 3 Orte erlebt" Button
    t =    11.95s     Synthesize event
    t =    12.26s     Wait for de.privatealbum.prague to idle
    t =    12.80s Waiting 8.0s for "Erinnerungen" NavigationBar to exist
    t =    13.82s     Checking `Expect predicate `existsNoRetry == 1` for object "Erinnerungen" NavigationBar`
    t =    13.82s         Checking existence of `"Erinnerungen" NavigationBar`
    t =    15.90s Added attachment named '31-erinnerungen'
    t =    15.91s Tear Down
Test Case '-[AlbumUITests.ScreenTourUITests test17NachDerReise]' passed (16.174 seconds).
Test Case '-[AlbumUITests.ScreenTourUITests test18VorDerReise]' started.
    t =     0.00s Start Test at 2026-10-05 12:51:47.498
    t =     0.04s Set Up
    t =     0.05s Setting device orientation to Portrait
    t =     0.06s     Wait for de.privatealbum.prague to idle
    t =     0.06s Open de.privatealbum.prague
    t =     0.06s     Launch de.privatealbum.prague
    t =     0.06s         Terminate de.privatealbum.prague:26065
2026-10-05 12:51:48.587 xcodebuild[3727:18261] [MT] IDELaunchParametersSnapshot: The operation couldn’t be completed. (DebuggerLLDB.DebuggerVersionStore.StoreError error 0.)
2026-10-05 12:51:48.587 xcodebuild[3727:18261] [MT] IDELaunchParametersSnapshot: no debugger version
    t =     1.61s         Setting up automation session
    t =     4.09s         Wait for de.privatealbum.prague to idle
    t =     6.78s Waiting 20.0s for "Reise" Button to exist
    t =     7.81s     Checking `Expect predicate `existsNoRetry == 1` for object "Reise" Button`
    t =     7.82s         Checking existence of `"Reise" Button`
    t =    10.51s Added attachment named '32-reise-vorher'
    t =    10.52s Tear Down
Test Case '-[AlbumUITests.ScreenTourUITests test18VorDerReise]' passed (10.755 seconds).
Test Case '-[AlbumUITests.ScreenTourUITests test19LeererStart]' started.
    t =     0.00s Start Test at 2026-10-05 12:51:58.255
    t =     0.04s Set Up
    t =     0.04s Setting device orientation to Portrait
    t =     0.04s     Wait for de.privatealbum.prague to idle
    t =     0.05s Open de.privatealbum.prague
    t =     0.05s     Launch de.privatealbum.prague
    t =     0.05s         Terminate de.privatealbum.prague:26678
2026-10-05 12:51:59.320 xcodebuild[3727:18261] [MT] IDELaunchParametersSnapshot: The operation couldn’t be completed. (DebuggerLLDB.DebuggerVersionStore.StoreError error 0.)
2026-10-05 12:51:59.320 xcodebuild[3727:18261] [MT] IDELaunchParametersSnapshot: no debugger version
    t =     1.95s         Setting up automation session
    t =     3.55s         Wait for de.privatealbum.prague to idle
    t =     6.04s Waiting 20.0s for "Reise" Button to exist
    t =     7.06s     Checking `Expect predicate `existsNoRetry == 1` for object "Reise" Button`
    t =     7.06s         Checking existence of `"Reise" Button`
    t =     9.70s Added attachment named '33-reise-leer'
    t =     9.71s Tap "Ideen" Button
    t =     9.71s     Wait for de.privatealbum.prague to idle
    t =     9.71s     Find the "Ideen" Button
    t =     9.79s     Check for interrupting elements affecting "tray" Button
    t =     9.84s     Synthesize event
    t =    10.15s     Wait for de.privatealbum.prague to idle
    t =    14.43s Added attachment named '34-ideen-leer'
    t =    14.43s Tap "Karte" Button
    t =    14.43s     Wait for de.privatealbum.prague to idle
    t =    14.44s     Find the "Karte" Button
    t =    14.49s     Check for interrupting elements affecting "map" Button
    t =    14.52s     Synthesize event
    t =    14.84s     Wait for de.privatealbum.prague to idle
    t =    21.70s Added attachment named '35-karte-leer'
    t =    21.71s Tear Down
Test Case '-[AlbumUITests.ScreenTourUITests test19LeererStart]' passed (21.993 seconds).
Test Case '-[AlbumUITests.ScreenTourUITests test20IdeeEinwerfen]' started.
    t =     0.00s Start Test at 2026-10-05 12:52:20.248
    t =     0.04s Set Up
    t =     0.04s Setting device orientation to Portrait
    t =     0.05s     Wait for de.privatealbum.prague to idle
    t =     0.06s Open de.privatealbum.prague
    t =     0.06s     Launch de.privatealbum.prague
    t =     0.06s         Terminate de.privatealbum.prague:27340
2026-10-05 12:52:21.320 xcodebuild[3727:18261] [MT] IDELaunchParametersSnapshot: The operation couldn’t be completed. (DebuggerLLDB.DebuggerVersionStore.StoreError error 0.)
2026-10-05 12:52:21.320 xcodebuild[3727:18261] [MT] IDELaunchParametersSnapshot: no debugger version
    t =     1.60s         Setting up automation session
    t =     3.71s         Wait for de.privatealbum.prague to idle
    t =     6.57s Waiting 20.0s for "Reise" Button to exist
    t =     7.60s     Checking `Expect predicate `existsNoRetry == 1` for object "Reise" Button`
    t =     7.60s         Checking existence of `"Reise" Button`
    t =     7.86s Waiting 5.0s for "Neue Idee" Button to exist
    t =     8.88s     Checking `Expect predicate `existsNoRetry == 1` for object "Neue Idee" Button`
    t =     8.88s         Checking existence of `"Neue Idee" Button`
    t =     9.00s Tap "Neue Idee" Button
    t =     9.00s     Wait for de.privatealbum.prague to idle
    t =     9.01s     Find the "Neue Idee" Button
    t =     9.11s     Check for interrupting elements affecting "plus" Button
    t =     9.18s     Synthesize event
    t =     9.49s     Wait for de.privatealbum.prague to idle
    t =    12.65s Added attachment named '36-idee-einwerfen'
    t =    12.65s Tear Down
Test Case '-[AlbumUITests.ScreenTourUITests test20IdeeEinwerfen]' passed (12.882 seconds).
Test Case '-[AlbumUITests.ScreenTourUITests test21JaZaehltSofort]' started.
    t =     0.00s Start Test at 2026-10-05 12:52:33.130
    t =     0.03s Set Up
    t =     0.03s Setting device orientation to Portrait
    t =     0.04s     Wait for de.privatealbum.prague to idle
    t =     0.04s Open de.privatealbum.prague
    t =     0.05s     Launch de.privatealbum.prague
    t =     0.05s         Terminate de.privatealbum.prague:28036
2026-10-05 12:52:36.220 xcodebuild[3727:18261] [MT] IDELaunchParametersSnapshot: The operation couldn’t be completed. (DebuggerLLDB.DebuggerVersionStore.StoreError error 0.)
2026-10-05 12:52:36.220 xcodebuild[3727:18261] [MT] IDELaunchParametersSnapshot: no debugger version
    t =     3.61s         Setting up automation session
    t =     6.09s         Wait for de.privatealbum.prague to idle
    t =     8.62s Waiting 20.0s for "Ideen" Button to exist
    t =     9.68s     Checking `Expect predicate `existsNoRetry == 1` for object "Ideen" Button`
    t =     9.68s         Checking existence of `"Ideen" Button`
    t =     9.88s Waiting 5.0s for "Ja" Button to exist
    t =    10.92s     Checking `Expect predicate `existsNoRetry == 1` for object "Ja" Button`
    t =    10.92s         Checking existence of `"Ja" Button`
    t =    10.99s Tap "Ja" Button
    t =    10.99s     Wait for de.privatealbum.prague to idle
    t =    10.99s     Find the "Ja" Button
    t =    11.08s     Check for interrupting elements affecting "Ja" Button
    t =    11.19s     Synthesize event
    t =    11.52s     Wait for de.privatealbum.prague to idle
    t =    13.53s Checking existence of `"Wo ist das?" NavigationBar`
    t =    13.61s Checking existence of `"Wo ist das?" StaticText`
    t =    13.69s Checking existence of `"Ort ergänzen" Button`
    t =    13.75s Waiting 5.0s for "Ja" Button to exist
    t =    14.78s     Checking `Expect predicate `existsNoRetry == 1` for object "Ja" Button`
    t =    14.78s         Checking existence of `"Ja" Button`
    t =    14.82s Tap "Ja" Button
    t =    14.82s     Wait for de.privatealbum.prague to idle
    t =    14.83s     Find the "Ja" Button
    t =    14.87s     Check for interrupting elements affecting "Ja" Button
    t =    14.97s     Synthesize event
    t =    15.29s     Wait for de.privatealbum.prague to idle
    t =    17.30s Checking existence of `"Wo ist das?" NavigationBar`
    t =    17.36s Checking existence of `"Wo ist das?" StaticText`
    t =    17.41s Checking existence of `"Ort ergänzen" Button`
    t =    17.46s Waiting 5.0s for "Ja" Button to exist
    t =    18.50s     Checking `Expect predicate `existsNoRetry == 1` for object "Ja" Button`
    t =    18.50s         Checking existence of `"Ja" Button`
    t =    18.54s Tap "Ja" Button
    t =    18.54s     Wait for de.privatealbum.prague to idle
    t =    18.55s     Find the "Ja" Button
    t =    18.62s     Check for interrupting elements affecting "Ja" Button
    t =    18.68s     Synthesize event
    t =    18.99s     Wait for de.privatealbum.prague to idle
    t =    21.00s Checking existence of `"Wo ist das?" NavigationBar`
    t =    21.08s Checking existence of `"Wo ist das?" StaticText`
    t =    21.16s Checking existence of `"Ort ergänzen" Button`
    t =    21.44s Added attachment named '37-ja-ohne-ort'
    t =    21.44s Waiting 5.0s for "Ja" Button to exist
    t =    22.47s     Checking `Expect predicate `existsNoRetry == 1` for object "Ja" Button`
    t =    22.47s         Checking existence of `"Ja" Button`
    t =    22.56s Tap "Ja" Button
    t =    22.56s     Wait for de.privatealbum.prague to idle
    t =    22.56s     Find the "Ja" Button
    t =    22.65s     Check for interrupting elements affecting "Ja" Button
    t =    22.72s     Synthesize event
    t =    23.02s     Wait for de.privatealbum.prague to idle
    t =    25.03s Checking existence of `"Wo ist das?" NavigationBar`
    t =    25.09s Checking existence of `"Wo ist das?" StaticText`
    t =    25.14s Checking existence of `"Ort ergänzen" Button`
    t =    25.19s Tear Down
Test Case '-[AlbumUITests.ScreenTourUITests test21JaZaehltSofort]' passed (25.475 seconds).
Test Suite 'ScreenTourUITests' passed at 2026-10-05 12:52:58.605.
	 Executed 21 tests, with 0 failures (0 unexpected) in 483.682 (483.699) seconds
Test Suite 'AlbumUITests.xctest' passed at 2026-10-05 12:52:58.607.
	 Executed 21 tests, with 0 failures (0 unexpected) in 483.682 (483.701) seconds
Test Suite 'Selected tests' passed at 2026-10-05 12:52:58.607.
	 Executed 21 tests, with 0 failures (0 unexpected) in 483.682 (483.703) seconds
2026-10-05 12:53:00.715 xcodebuild[3727:18261] [MT] IDETestOperationsObserverDebug: 546.508 elapsed -- Testing started completed.
2026-10-05 12:53:00.715 xcodebuild[3727:18261] [MT] IDETestOperationsObserverDebug: 0.000 sec, +0.000 sec -- start
2026-10-05 12:53:00.715 xcodebuild[3727:18261] [MT] IDETestOperationsObserverDebug: 546.508 sec, +546.507 sec -- end

Test session results, code coverage, and logs:
	/Users/runner/work/Album-Prag/Album-Prag/logs/Screens.xcresult

** TEST SUCCEEDED **

Testing started
